Div,Date,Time,HomeTeam,AwayTeam,FTHG,FTAG,FTR,HTHG,HTAG,HTR,HS,AS,HST,AST,HC,AC,HF,AF,HY,AY,HR,AR,Season
F1,07/08/10,00:00,Auxerre,Lorient,2.0,2.0,D,1.0,1.0,D,11.0,10.0,6.0,2.0,3.0,3.0,14.0,9.0,3.0,3.0,0.0,0.0,
F1,07/08/10,00:00,Lens,Nancy,1.0,2.0,A,0.0,1.0,A,17.0,19.0,6.0,6.0,2.0,4.0,17.0,18.0,3.0,1.0,0.0,1.0,
F1,07/08/10,00:00,Lyon,Monaco,0.0,0.0,D,0.0,0.0,D,16.0,9.0,5.0,4.0,3.0,5.0,14.0,24.0,2.0,3.0,0.0,0.0,
F1,07/08/10,00:00,Marseille,Caen,1.0,2.0,A,0.0,0.0,D,16.0,12.0,3.0,2.0,6.0,3.0,16.0,23.0,2.0,3.0,0.0,0.0,
F1,07/08/10,00:00,Nice,Valenciennes,0.0,0.0,D,0.0,0.0,D,10.0,11.0,2.0,1.0,4.0,6.0,11.0,20.0,0.0,3.0,0.0,0.0,
F1,07/08/10,00:00,Paris SG,St Etienne,3.0,1.0,H,2.0,1.0,H,19.0,14.0,6.0,5.0,6.0,7.0,11.0,12.0,2.0,1.0,0.0,0.0,
F1,07/08/10,00:00,Rennes,Lille,1.0,1.0,D,1.0,0.0,H,20.0,14.0,5.0,5.0,6.0,3.0,23.0,21.0,3.0,3.0,0.0,0.0,
F1,07/08/10,00:00,Sochaux,Arles,2.0,1.0,H,1.0,1.0,D,14.0,10.0,6.0,1.0,10.0,3.0,16.0,19.0,2.0,4.0,0.0,0.0,
F1,07/08/10,00:00,Toulouse,Brest,2.0,0.0,H,1.0,0.0,H,9.0,9.0,4.0,1.0,2.0,3.0,21.0,18.0,3.0,2.0,0.0,0.0,
F1,08/08/10,00:00,Montpellier,Bordeaux,1.0,0.0,H,0.0,0.0,D,9.0,8.0,3.0,1.0,5.0,1.0,22.0,13.0,5.0,2.0,0.0,0.0,
F1,14/08/10,00:00,Arles,Lens,0.0,1.0,A,0.0,0.0,D,11.0,10.0,3.0,4.0,4.0,4.0,13.0,17.0,1.0,0.0,0.0,0.0,
F1,15/08/10,00:00,Bordeaux,Toulouse,1.0,2.0,A,0.0,1.0,A,10.0,6.0,3.0,3.0,4.0,1.0,17.0,22.0,2.0,4.0,0.0,0.0,
F1,14/08/10,00:00,Brest,Auxerre,1.0,1.0,D,1.0,0.0,H,11.0,12.0,3.0,4.0,8.0,7.0,29.0,16.0,2.0,3.0,0.0,0.0,
F1,15/08/10,00:00,Caen,Lyon,3.0,2.0,H,2.0,2.0,D,12.0,16.0,7.0,2.0,4.0,2.0,16.0,17.0,2.0,1.0,0.0,1.0,
F1,15/08/10,00:00,Lille,Paris SG,0.0,0.0,D,0.0,0.0,D,11.0,10.0,1.0,4.0,5.0,1.0,16.0,14.0,1.0,4.0,0.0,0.0,
F1,14/08/10,00:00,Lorient,Nice,1.0,2.0,A,1.0,1.0,D,11.0,14.0,2.0,5.0,5.0,5.0,11.0,15.0,1.0,2.0,0.0,0.0,
F1,14/08/10,00:00,Nancy,Rennes,0.0,3.0,A,0.0,0.0,D,9.0,15.0,2.0,6.0,5.0,2.0,13.0,13.0,0.0,0.0,1.0,0.0,
F1,14/08/10,00:00,St Etienne,Sochaux,3.0,2.0,H,1.0,0.0,H,17.0,16.0,7.0,6.0,7.0,10.0,20.0,14.0,2.0,1.0,0.0,0.0,
F1,14/08/10,00:00,Valenciennes,Marseille,3.0,2.0,H,0.0,0.0,D,13.0,14.0,6.0,3.0,2.0,6.0,20.0,10.0,3.0,4.0,0.0,0.0,
F1,17/08/10,00:00,Monaco,Montpellier,0.0,0.0,D,0.0,0.0,D,10.0,19.0,2.0,4.0,1.0,1.0,17.0,12.0,1.0,3.0,0.0,0.0,
F1,21/08/10,00:00,Auxerre,Valenciennes,1.0,1.0,D,0.0,0.0,D,9.0,7.0,2.0,2.0,7.0,4.0,19.0,11.0,3.0,2.0,0.0,0.0,
F1,21/08/10,00:00,Lens,Monaco,2.0,2.0,D,0.0,1.0,A,23.0,7.0,6.0,2.0,7.0,0.0,3.0,20.0,1.0,5.0,0.0,0.0,
F1,21/08/10,00:00,Lyon,Brest,1.0,0.0,H,1.0,0.0,H,13.0,18.0,7.0,3.0,6.0,6.0,15.0,19.0,1.0,3.0,0.0,0.0,
F1,21/08/10,00:00,Marseille,Lorient,2.0,0.0,H,1.0,0.0,H,16.0,12.0,6.0,5.0,5.0,3.0,19.0,15.0,2.0,3.0,0.0,0.0,
F1,21/08/10,00:00,Nice,Nancy,1.0,1.0,D,1.0,0.0,H,9.0,13.0,4.0,6.0,3.0,3.0,12.0,17.0,1.0,3.0,0.0,1.0,
F1,21/08/10,00:00,Rennes,St Etienne,0.0,0.0,D,0.0,0.0,D,19.0,9.0,2.0,2.0,5.0,0.0,18.0,19.0,2.0,2.0,0.0,0.0,
F1,21/08/10,00:00,Toulouse,Arles,2.0,1.0,H,1.0,0.0,H,8.0,8.0,3.0,3.0,5.0,1.0,22.0,15.0,3.0,2.0,0.0,0.0,
F1,22/08/10,00:00,Montpellier,Caen,0.0,0.0,D,0.0,0.0,D,19.0,2.0,5.0,0.0,4.0,1.0,17.0,23.0,2.0,2.0,0.0,0.0,
F1,22/08/10,00:00,Paris SG,Bordeaux,1.0,2.0,A,0.0,0.0,D,15.0,10.0,6.0,4.0,6.0,5.0,11.0,16.0,1.0,5.0,0.0,0.0,
F1,22/08/10,00:00,Sochaux,Lille,0.0,0.0,D,0.0,0.0,D,9.0,17.0,1.0,7.0,3.0,6.0,12.0,11.0,1.0,2.0,0.0,0.0,
F1,28/08/10,00:00,Arles,Rennes,0.0,1.0,A,0.0,1.0,A,12.0,7.0,4.0,1.0,6.0,1.0,11.0,16.0,1.0,1.0,0.0,0.0,
F1,28/08/10,00:00,Caen,Brest,0.0,2.0,A,0.0,0.0,D,7.0,16.0,1.0,4.0,6.0,6.0,22.0,17.0,4.0,2.0,1.0,0.0,
F1,28/08/10,00:00,Lorient,Lyon,2.0,0.0,H,1.0,0.0,H,15.0,14.0,7.0,4.0,3.0,8.0,17.0,12.0,0.0,0.0,0.0,0.0,
F1,28/08/10,00:00,Nancy,Toulouse,0.0,2.0,A,0.0,0.0,D,16.0,13.0,5.0,6.0,5.0,3.0,22.0,17.0,4.0,2.0,0.0,0.0,
F1,28/08/10,00:00,St Etienne,Lens,3.0,1.0,H,1.0,0.0,H,14.0,13.0,6.0,6.0,3.0,6.0,19.0,18.0,1.0,1.0,1.0,0.0,
F1,28/08/10,00:00,Valenciennes,Montpellier,0.0,1.0,A,0.0,1.0,A,9.0,15.0,2.0,5.0,5.0,1.0,19.0,16.0,3.0,1.0,0.0,0.0,
F1,29/08/10,00:00,Bordeaux,Marseille,1.0,1.0,D,0.0,1.0,A,14.0,8.0,4.0,5.0,9.0,4.0,14.0,20.0,1.0,2.0,0.0,1.0,
F1,29/08/10,00:00,Lille,Nice,1.0,1.0,D,0.0,1.0,A,17.0,7.0,5.0,3.0,18.0,3.0,13.0,25.0,0.0,5.0,0.0,0.0,
F1,29/08/10,00:00,Monaco,Auxerre,2.0,0.0,H,0.0,0.0,D,20.0,11.0,5.0,1.0,10.0,5.0,16.0,11.0,0.0,0.0,0.0,0.0,
F1,29/08/10,00:00,Sochaux,Paris SG,3.0,1.0,H,3.0,0.0,H,15.0,19.0,7.0,8.0,7.0,10.0,14.0,15.0,2.0,1.0,0.0,1.0,
F1,11/09/10,00:00,Auxerre,Caen,1.0,1.0,D,1.0,0.0,H,11.0,12.0,5.0,2.0,1.0,5.0,18.0,16.0,0.0,3.0,0.0,0.0,
F1,11/09/10,00:00,Lens,Lille,1.0,4.0,A,0.0,1.0,A,8.0,19.0,5.0,6.0,2.0,9.0,16.0,19.0,0.0,3.0,2.0,0.0,
F1,11/09/10,00:00,Lyon,Valenciennes,1.0,1.0,D,1.0,0.0,H,17.0,11.0,2.0,5.0,9.0,4.0,9.0,19.0,0.0,0.0,0.0,0.0,
F1,11/09/10,00:00,Montpellier,Nancy,1.0,2.0,A,0.0,2.0,A,17.0,15.0,4.0,5.0,9.0,2.0,12.0,11.0,2.0,2.0,0.0,1.0,
F1,11/09/10,00:00,Paris SG,Arles,4.0,0.0,H,2.0,0.0,H,22.0,11.0,7.0,5.0,10.0,5.0,8.0,16.0,0.0,0.0,0.0,0.0,
F1,11/09/10,00:00,Rennes,Sochaux,2.0,1.0,H,1.0,1.0,D,17.0,15.0,5.0,9.0,9.0,3.0,17.0,17.0,3.0,1.0,0.0,0.0,
F1,11/09/10,00:00,Toulouse,St Etienne,0.0,1.0,A,0.0,1.0,A,11.0,9.0,0.0,3.0,3.0,3.0,16.0,13.0,2.0,2.0,0.0,0.0,
F1,12/09/10,00:00,Brest,Lorient,0.0,0.0,D,0.0,0.0,D,17.0,9.0,2.0,1.0,5.0,5.0,23.0,18.0,0.0,1.0,0.0,0.0,
F1,12/09/10,00:00,Marseille,Monaco,2.0,2.0,D,1.0,1.0,D,26.0,8.0,10.0,4.0,3.0,2.0,14.0,23.0,1.0,3.0,0.0,0.0,
F1,12/09/10,00:00,Nice,Bordeaux,2.0,1.0,H,1.0,0.0,H,12.0,13.0,6.0,4.0,6.0,1.0,18.0,21.0,4.0,2.0,0.0,0.0,
F1,18/09/10,00:00,Arles,Marseille,0.0,3.0,A,0.0,2.0,A,16.0,15.0,6.0,8.0,9.0,3.0,14.0,12.0,2.0,1.0,0.0,0.0,
F1,18/09/10,00:00,Lorient,Caen,0.0,1.0,A,0.0,1.0,A,18.0,13.0,4.0,4.0,4.0,1.0,12.0,17.0,1.0,2.0,0.0,0.0,
F1,18/09/10,00:00,Monaco,Toulouse,0.0,0.0,D,0.0,0.0,D,9.0,10.0,2.0,5.0,2.0,5.0,13.0,14.0,4.0,2.0,0.0,0.0,
F1,18/09/10,00:00,Nancy,Brest,0.0,2.0,A,0.0,0.0,D,16.0,9.0,3.0,5.0,6.0,1.0,14.0,11.0,0.0,1.0,0.0,0.0,
F1,18/09/10,00:00,Sochaux,Nice,4.0,0.0,H,1.0,0.0,H,24.0,11.0,12.0,7.0,9.0,4.0,17.0,14.0,2.0,2.0,0.0,0.0,
F1,18/09/10,00:00,St Etienne,Montpellier,3.0,0.0,H,2.0,0.0,H,10.0,13.0,4.0,1.0,3.0,2.0,17.0,21.0,0.0,1.0,0.0,0.0,
F1,18/09/10,00:00,Valenciennes,Lens,1.0,1.0,D,0.0,0.0,D,10.0,12.0,2.0,3.0,1.0,7.0,18.0,10.0,2.0,3.0,0.0,0.0,
F1,19/09/10,00:00,Bordeaux,Lyon,2.0,0.0,H,0.0,0.0,D,19.0,10.0,5.0,1.0,7.0,4.0,15.0,23.0,3.0,3.0,0.0,0.0,
F1,19/09/10,00:00,Lille,Auxerre,1.0,0.0,H,0.0,0.0,D,11.0,8.0,1.0,2.0,6.0,3.0,13.0,15.0,2.0,2.0,0.0,0.0,
F1,19/09/10,00:00,Paris SG,Rennes,0.0,0.0,D,0.0,0.0,D,11.0,10.0,2.0,2.0,5.0,0.0,19.0,15.0,0.0,1.0,0.0,0.0,
F1,25/09/10,00:00,Auxerre,Nancy,2.0,2.0,D,2.0,2.0,D,17.0,7.0,5.0,3.0,3.0,1.0,9.0,18.0,3.0,2.0,0.0,0.0,
F1,25/09/10,00:00,Caen,Bordeaux,0.0,0.0,D,0.0,0.0,D,3.0,14.0,1.0,4.0,3.0,2.0,23.0,13.0,2.0,2.0,0.0,0.0,
F1,25/09/10,00:00,Lorient,Monaco,2.0,1.0,H,1.0,1.0,D,24.0,2.0,6.0,1.0,8.0,0.0,8.0,20.0,1.0,4.0,0.0,1.0,
F1,25/09/10,00:00,Lyon,St Etienne,0.0,1.0,A,0.0,0.0,D,28.0,5.0,4.0,2.0,12.0,2.0,11.0,21.0,3.0,4.0,1.0,0.0,
F1,25/09/10,00:00,Marseille,Sochaux,2.0,1.0,H,1.0,0.0,H,25.0,8.0,5.0,2.0,9.0,2.0,15.0,17.0,0.0,2.0,0.0,0.0,
F1,25/09/10,00:00,Montpellier,Arles,3.0,1.0,H,1.0,0.0,H,13.0,15.0,4.0,4.0,5.0,4.0,22.0,24.0,2.0,5.0,1.0,0.0,
F1,25/09/10,00:00,Nice,Rennes,1.0,2.0,A,1.0,1.0,D,8.0,10.0,3.0,5.0,2.0,4.0,15.0,20.0,2.0,3.0,0.0,0.0,
F1,26/09/10,00:00,Brest,Valenciennes,1.0,0.0,H,0.0,0.0,D,13.0,6.0,5.0,3.0,7.0,4.0,13.0,20.0,0.0,3.0,0.0,0.0,
F1,26/09/10,00:00,Lens,Paris SG,0.0,2.0,A,0.0,0.0,D,14.0,20.0,3.0,6.0,4.0,7.0,18.0,19.0,0.0,3.0,0.0,0.0,
F1,26/09/10,00:00,Toulouse,Lille,1.0,1.0,D,0.0,1.0,A,14.0,6.0,6.0,2.0,3.0,0.0,22.0,10.0,3.0,3.0,0.0,0.0,
F1,02/10/10,00:00,Arles,Auxerre,0.0,4.0,A,0.0,2.0,A,8.0,14.0,0.0,8.0,5.0,0.0,16.0,18.0,1.0,0.0,0.0,0.0,
F1,02/10/10,00:00,Bordeaux,Lorient,1.0,0.0,H,1.0,0.0,H,10.0,7.0,2.0,3.0,6.0,8.0,22.0,15.0,1.0,3.0,0.0,0.0,
F1,02/10/10,00:00,Monaco,Brest,0.0,1.0,A,0.0,0.0,D,13.0,10.0,7.0,2.0,8.0,5.0,18.0,10.0,2.0,1.0,0.0,0.0,
F1,02/10/10,00:00,Nancy,Lyon,2.0,3.0,A,0.0,1.0,A,19.0,8.0,6.0,3.0,6.0,3.0,20.0,21.0,1.0,3.0,0.0,0.0,
F1,02/10/10,00:00,Sochaux,Lens,3.0,0.0,H,2.0,0.0,H,11.0,12.0,7.0,5.0,3.0,5.0,16.0,13.0,1.0,3.0,0.0,0.0,
F1,02/10/10,00:00,St Etienne,Marseille,1.0,1.0,D,0.0,1.0,A,18.0,13.0,8.0,3.0,9.0,4.0,12.0,10.0,1.0,1.0,0.0,0.0,
F1,02/10/10,00:00,Valenciennes,Caen,2.0,1.0,H,2.0,0.0,H,14.0,7.0,4.0,1.0,5.0,3.0,22.0,10.0,2.0,3.0,0.0,0.0,
F1,03/10/10,00:00,Lille,Montpellier,3.0,1.0,H,2.0,1.0,H,11.0,15.0,6.0,6.0,3.0,3.0,14.0,18.0,1.0,0.0,0.0,0.0,
F1,03/10/10,00:00,Paris SG,Nice,0.0,0.0,D,0.0,0.0,D,19.0,11.0,6.0,2.0,12.0,3.0,10.0,10.0,1.0,4.0,0.0,0.0,
F1,03/10/10,00:00,Rennes,Toulouse,3.0,1.0,H,1.0,0.0,H,14.0,15.0,7.0,2.0,3.0,4.0,9.0,15.0,0.0,1.0,0.0,0.0,
F1,16/10/10,00:00,Auxerre,Bordeaux,0.0,1.0,A,0.0,1.0,A,15.0,9.0,2.0,4.0,8.0,8.0,16.0,18.0,1.0,2.0,0.0,1.0,
F1,16/10/10,00:00,Brest,Arles,0.0,0.0,D,0.0,0.0,D,11.0,8.0,1.0,1.0,5.0,1.0,17.0,19.0,0.0,0.0,0.0,0.0,
F1,16/10/10,00:00,Caen,Monaco,0.0,0.0,D,0.0,0.0,D,10.0,15.0,2.0,6.0,7.0,7.0,14.0,17.0,2.0,2.0,0.0,0.0,
F1,16/10/10,00:00,Marseille,Nancy,1.0,0.0,H,1.0,0.0,H,14.0,7.0,4.0,2.0,13.0,3.0,17.0,17.0,1.0,1.0,0.0,0.0,
F1,16/10/10,00:00,Montpellier,Sochaux,2.0,0.0,H,2.0,0.0,H,14.0,5.0,6.0,1.0,5.0,3.0,18.0,16.0,0.0,4.0,0.0,0.0,
F1,16/10/10,00:00,Toulouse,Paris SG,0.0,2.0,A,0.0,1.0,A,6.0,13.0,4.0,7.0,6.0,4.0,19.0,14.0,2.0,1.0,0.0,0.0,
F1,17/10/10,00:00,Lens,Rennes,0.0,0.0,D,0.0,0.0,D,12.0,10.0,4.0,4.0,2.0,3.0,21.0,24.0,2.0,1.0,0.0,1.0,
F1,17/10/10,00:00,Lorient,Valenciennes,2.0,1.0,H,2.0,1.0,H,15.0,14.0,6.0,5.0,3.0,4.0,14.0,18.0,1.0,3.0,0.0,0.0,
F1,17/10/10,00:00,Lyon,Lille,3.0,1.0,H,2.0,0.0,H,16.0,20.0,9.0,9.0,4.0,3.0,19.0,11.0,0.0,2.0,1.0,0.0,
F1,17/10/10,00:00,Nice,St Etienne,2.0,1.0,H,0.0,1.0,A,18.0,8.0,7.0,2.0,8.0,2.0,8.0,15.0,2.0,5.0,0.0,1.0,
F1,23/10/10,00:00,Bordeaux,Brest,0.0,2.0,A,0.0,1.0,A,20.0,11.0,7.0,6.0,11.0,8.0,10.0,15.0,2.0,2.0,0.0,0.0,
F1,23/10/10,00:00,Lens,Nice,1.0,0.0,H,0.0,0.0,D,21.0,10.0,2.0,3.0,4.0,4.0,9.0,13.0,2.0,2.0,0.0,0.0,
F1,23/10/10,00:00,Monaco,Valenciennes,0.0,2.0,A,0.0,1.0,A,12.0,13.0,3.0,4.0,7.0,4.0,25.0,17.0,2.0,2.0,0.0,0.0,
F1,23/10/10,00:00,Nancy,Lorient,1.0,0.0,H,1.0,0.0,H,16.0,13.0,5.0,4.0,11.0,5.0,20.0,20.0,1.0,2.0,0.0,1.0,
F1,23/10/10,00:00,Rennes,Montpellier,0.0,1.0,A,0.0,1.0,A,12.0,11.0,5.0,2.0,6.0,1.0,17.0,18.0,2.0,3.0,1.0,1.0,
F1,23/10/10,00:00,Sochaux,Toulouse,1.0,3.0,A,0.0,0.0,D,8.0,12.0,4.0,8.0,1.0,9.0,15.0,14.0,1.0,1.0,0.0,0.0,
F1,23/10/10,00:00,St Etienne,Caen,1.0,1.0,D,0.0,1.0,A,26.0,7.0,5.0,2.0,5.0,6.0,14.0,16.0,1.0,3.0,0.0,0.0,
F1,24/10/10,00:00,Arles,Lyon,1.0,1.0,D,1.0,0.0,H,8.0,10.0,2.0,5.0,2.0,6.0,13.0,14.0,1.0,2.0,0.0,0.0,
F1,24/10/10,00:00,Lille,Marseille,1.0,3.0,A,1.0,0.0,H,14.0,9.0,7.0,7.0,7.0,4.0,15.0,19.0,2.0,3.0,0.0,0.0,
F1,24/10/10,00:00,Paris SG,Auxerre,2.0,3.0,A,1.0,3.0,A,14.0,8.0,7.0,4.0,5.0,3.0,19.0,14.0,1.0,2.0,0.0,0.0,
F1,30/10/10,00:00,Auxerre,Nice,2.0,0.0,H,1.0,0.0,H,16.0,19.0,7.0,4.0,0.0,4.0,9.0,12.0,1.0,2.0,0.0,0.0,
F1,30/10/10,00:00,Brest,St Etienne,2.0,0.0,H,0.0,0.0,D,14.0,14.0,5.0,1.0,1.0,4.0,16.0,9.0,1.0,0.0,0.0,0.0,
F1,30/10/10,00:00,Caen,Nancy,2.0,3.0,A,1.0,2.0,A,13.0,14.0,3.0,6.0,5.0,3.0,28.0,20.0,3.0,4.0,0.0,0.0,
F1,30/10/10,00:00,Lorient,Arles,2.0,0.0,H,0.0,0.0,D,16.0,7.0,5.0,1.0,7.0,1.0,13.0,16.0,1.0,1.0,0.0,0.0,
F1,30/10/10,00:00,Lyon,Sochaux,2.0,1.0,H,1.0,0.0,H,16.0,7.0,3.0,4.0,8.0,3.0,10.0,17.0,1.0,2.0,0.0,0.0,
F1,30/10/10,00:00,Toulouse,Lens,1.0,1.0,D,1.0,1.0,D,5.0,9.0,2.0,2.0,4.0,2.0,19.0,17.0,1.0,1.0,0.0,0.0,
F1,31/10/10,00:00,Montpellier,Paris SG,1.0,1.0,D,1.0,1.0,D,17.0,15.0,5.0,3.0,2.0,4.0,23.0,17.0,2.0,2.0,0.0,0.0,
F1,31/10/10,00:00,Valenciennes,Lille,1.0,1.0,D,0.0,0.0,D,10.0,18.0,3.0,3.0,4.0,7.0,16.0,15.0,3.0,1.0,0.0,0.0,
F1,02/11/10,00:00,Monaco,Bordeaux,2.0,2.0,D,0.0,1.0,A,16.0,12.0,7.0,4.0,4.0,5.0,16.0,15.0,2.0,3.0,1.0,0.0,
F1,06/11/10,00:00,Arles,Caen,3.0,2.0,H,2.0,1.0,H,14.0,13.0,9.0,5.0,5.0,8.0,21.0,15.0,1.0,2.0,0.0,0.0,
F1,06/11/10,00:00,Bordeaux,Valenciennes,1.0,1.0,D,0.0,1.0,A,28.0,7.0,8.0,4.0,7.0,3.0,9.0,16.0,3.0,4.0,0.0,0.0,
F1,06/11/10,00:00,Rennes,Lyon,1.0,1.0,D,1.0,0.0,H,10.0,12.0,5.0,5.0,5.0,5.0,20.0,20.0,0.0,2.0,0.0,0.0,
F1,06/11/10,00:00,Sochaux,Auxerre,1.0,1.0,D,0.0,1.0,A,24.0,14.0,7.0,5.0,10.0,5.0,15.0,14.0,2.0,1.0,0.0,0.0,
F1,06/11/10,00:00,St Etienne,Lorient,1.0,2.0,A,0.0,1.0,A,11.0,21.0,5.0,7.0,4.0,8.0,20.0,6.0,3.0,0.0,0.0,0.0,
F1,07/11/10,00:00,Lens,Montpellier,2.0,0.0,H,2.0,0.0,H,8.0,16.0,5.0,3.0,2.0,5.0,26.0,19.0,2.0,2.0,0.0,0.0,
F1,07/11/10,00:00,Lille,Brest,3.0,1.0,H,1.0,0.0,H,20.0,15.0,7.0,4.0,4.0,2.0,13.0,13.0,1.0,2.0,0.0,0.0,
F1,07/11/10,00:00,Nancy,Monaco,0.0,4.0,A,0.0,0.0,D,16.0,11.0,5.0,4.0,4.0,5.0,15.0,16.0,0.0,2.0,0.0,0.0,
F1,07/11/10,00:00,Nice,Toulouse,2.0,0.0,H,1.0,0.0,H,6.0,12.0,3.0,3.0,3.0,5.0,13.0,25.0,2.0,2.0,0.0,1.0,
F1,07/11/10,00:00,Paris SG,Marseille,2.0,1.0,H,2.0,1.0,H,11.0,15.0,6.0,5.0,5.0,4.0,18.0,16.0,3.0,3.0,0.0,0.0,
F1,13/11/10,00:00,Bordeaux,Nancy,2.0,1.0,H,1.0,0.0,H,10.0,8.0,4.0,2.0,5.0,3.0,22.0,15.0,2.0,3.0,0.0,0.0,
F1,13/11/10,00:00,Brest,Sochaux,1.0,1.0,D,1.0,1.0,D,18.0,10.0,5.0,3.0,12.0,3.0,11.0,15.0,1.0,2.0,0.0,0.0,
F1,13/11/10,00:00,Caen,Lille,2.0,5.0,A,1.0,3.0,A,11.0,22.0,5.0,8.0,1.0,0.0,15.0,18.0,3.0,1.0,0.0,0.0,
F1,13/11/10,00:00,Marseille,Lens,1.0,1.0,D,1.0,0.0,H,19.0,7.0,5.0,2.0,4.0,5.0,22.0,13.0,1.0,2.0,0.0,0.0,
F1,13/11/10,00:00,Monaco,Arles,0.0,0.0,D,0.0,0.0,D,16.0,9.0,4.0,4.0,9.0,5.0,10.0,19.0,0.0,1.0,0.0,0.0,
F1,13/11/10,00:00,Montpellier,Toulouse,1.0,0.0,H,1.0,0.0,H,13.0,6.0,5.0,3.0,4.0,4.0,14.0,27.0,1.0,1.0,0.0,0.0,
F1,14/11/10,00:00,Auxerre,Rennes,2.0,1.0,H,0.0,0.0,D,12.0,12.0,5.0,5.0,5.0,2.0,18.0,11.0,4.0,1.0,0.0,0.0,
F1,14/11/10,00:00,Lorient,Paris SG,1.0,1.0,D,1.0,0.0,H,13.0,19.0,4.0,8.0,7.0,9.0,8.0,21.0,2.0,2.0,0.0,0.0,
F1,14/11/10,00:00,Lyon,Nice,1.0,0.0,H,1.0,0.0,H,19.0,1.0,6.0,0.0,7.0,1.0,12.0,17.0,1.0,3.0,0.0,0.0,
F1,20/11/10,00:00,Nancy,Valenciennes,2.0,0.0,H,1.0,0.0,H,25.0,7.0,10.0,0.0,10.0,3.0,15.0,18.0,2.0,4.0,0.0,0.0,
F1,20/11/10,00:00,Nice,Montpellier,0.0,1.0,A,0.0,0.0,D,9.0,14.0,3.0,10.0,3.0,5.0,12.0,17.0,2.0,3.0,0.0,0.0,
F1,20/11/10,00:00,Paris SG,Caen,2.0,1.0,H,1.0,0.0,H,11.0,13.0,3.0,1.0,6.0,5.0,14.0,13.0,2.0,2.0,0.0,0.0,
F1,20/11/10,00:00,Rennes,Brest,2.0,1.0,H,1.0,0.0,H,17.0,7.0,6.0,2.0,3.0,5.0,14.0,12.0,1.0,2.0,0.0,0.0,
F1,20/11/10,00:00,Sochaux,Lorient,2.0,0.0,H,1.0,0.0,H,11.0,6.0,4.0,2.0,4.0,5.0,14.0,10.0,0.0,0.0,0.0,0.0,
F1,20/11/10,00:00,St Etienne,Auxerre,1.0,1.0,D,0.0,1.0,A,13.0,13.0,1.0,4.0,6.0,3.0,20.0,17.0,1.0,1.0,0.0,0.0,
F1,20/11/10,00:00,Toulouse,Marseille,0.0,1.0,A,0.0,0.0,D,11.0,20.0,1.0,4.0,3.0,3.0,19.0,18.0,0.0,1.0,0.0,0.0,
F1,21/11/10,00:00,Arles,Bordeaux,2.0,4.0,A,1.0,2.0,A,9.0,30.0,5.0,9.0,6.0,8.0,19.0,11.0,3.0,1.0,1.0,0.0,
F1,21/11/10,00:00,Lens,Lyon,1.0,3.0,A,1.0,0.0,H,3.0,11.0,1.0,5.0,4.0,2.0,12.0,15.0,2.0,1.0,0.0,0.0,
F1,21/11/10,00:00,Lille,Monaco,2.0,1.0,H,1.0,0.0,H,23.0,3.0,8.0,2.0,12.0,3.0,9.0,13.0,0.0,2.0,0.0,0.0,
F1,27/11/10,00:00,Bordeaux,Lille,1.0,1.0,D,0.0,1.0,A,7.0,8.0,1.0,2.0,3.0,8.0,20.0,15.0,1.0,1.0,0.0,0.0,
F1,27/11/10,00:00,Lorient,Rennes,2.0,0.0,H,0.0,0.0,D,15.0,4.0,8.0,1.0,6.0,2.0,15.0,18.0,2.0,1.0,0.0,0.0,
F1,27/11/10,00:00,Marseille,Montpellier,4.0,0.0,H,2.0,0.0,H,10.0,16.0,6.0,3.0,1.0,7.0,15.0,15.0,1.0,2.0,0.0,0.0,
F1,27/11/10,00:00,Monaco,Nice,1.0,1.0,D,0.0,0.0,D,14.0,8.0,2.0,2.0,6.0,1.0,29.0,12.0,0.0,3.0,0.0,1.0,
F1,27/11/10,00:00,Nancy,St Etienne,1.0,1.0,D,0.0,0.0,D,18.0,15.0,4.0,6.0,5.0,3.0,16.0,20.0,0.0,2.0,0.0,0.0,
F1,27/11/10,00:00,Valenciennes,Arles,3.0,0.0,H,1.0,0.0,H,20.0,10.0,8.0,1.0,6.0,9.0,24.0,21.0,3.0,3.0,0.0,0.0,
F1,28/11/10,00:00,Auxerre,Toulouse,1.0,2.0,A,0.0,2.0,A,13.0,9.0,3.0,5.0,3.0,2.0,18.0,16.0,3.0,2.0,0.0,0.0,
F1,28/11/10,00:00,Caen,Sochaux,0.0,3.0,A,0.0,1.0,A,19.0,9.0,4.0,4.0,8.0,5.0,15.0,12.0,1.0,2.0,0.0,0.0,
F1,28/11/10,00:00,Lyon,Paris SG,2.0,2.0,D,0.0,0.0,D,27.0,11.0,5.0,4.0,11.0,4.0,15.0,8.0,2.0,1.0,1.0,0.0,
F1,30/11/10,00:00,Brest,Lens,4.0,1.0,H,2.0,1.0,H,14.0,13.0,6.0,5.0,3.0,11.0,19.0,14.0,1.0,1.0,0.0,0.0,
F1,01/12/10,00:00,Marseille,Rennes,0.0,0.0,D,0.0,0.0,D,19.0,12.0,5.0,4.0,5.0,6.0,13.0,16.0,2.0,1.0,0.0,0.0,
F1,01/12/10,00:00,Valenciennes,St Etienne,1.0,1.0,D,0.0,1.0,A,25.0,6.0,8.0,4.0,8.0,3.0,11.0,16.0,1.0,1.0,0.0,0.0,
F1,04/12/10,00:00,Arles,Nancy,1.0,1.0,D,1.0,1.0,D,14.0,7.0,2.0,1.0,3.0,6.0,23.0,27.0,2.0,4.0,0.0,0.0,
F1,04/12/10,00:00,Lens,Auxerre,1.0,1.0,D,1.0,0.0,H,17.0,13.0,2.0,3.0,8.0,8.0,13.0,14.0,1.0,1.0,0.0,0.0,
F1,04/12/10,00:00,Lille,Lorient,6.0,3.0,H,2.0,2.0,D,22.0,7.0,11.0,4.0,4.0,4.0,14.0,7.0,2.0,2.0,0.0,1.0,
F1,04/12/10,00:00,Montpellier,Lyon,1.0,2.0,A,0.0,1.0,A,17.0,8.0,6.0,5.0,7.0,1.0,16.0,19.0,3.0,2.0,0.0,0.0,
F1,04/12/10,00:00,Rennes,Monaco,1.0,0.0,H,0.0,0.0,D,9.0,10.0,2.0,3.0,4.0,1.0,17.0,12.0,2.0,3.0,0.0,0.0,
F1,04/12/10,00:00,Sochaux,Valenciennes,2.0,1.0,H,1.0,0.0,H,18.0,13.0,8.0,6.0,5.0,3.0,14.0,11.0,1.0,1.0,0.0,0.0,
F1,04/12/10,00:00,Toulouse,Caen,1.0,0.0,H,0.0,0.0,D,12.0,10.0,4.0,4.0,3.0,5.0,13.0,21.0,0.0,3.0,0.0,0.0,
F1,05/12/10,00:00,Nice,Marseille,1.0,0.0,H,0.0,0.0,D,7.0,14.0,1.0,6.0,5.0,6.0,14.0,23.0,3.0,3.0,0.0,0.0,
F1,05/12/10,00:00,Paris SG,Brest,3.0,1.0,H,1.0,0.0,H,14.0,16.0,5.0,6.0,6.0,6.0,17.0,13.0,2.0,0.0,0.0,0.0,
F1,05/12/10,00:00,St Etienne,Bordeaux,2.0,2.0,D,0.0,1.0,A,14.0,7.0,9.0,4.0,6.0,2.0,16.0,19.0,0.0,2.0,0.0,0.0,
F1,11/12/10,00:00,Arles,Lille,0.0,1.0,A,0.0,0.0,D,9.0,10.0,2.0,4.0,3.0,4.0,14.0,15.0,2.0,2.0,1.0,0.0,
F1,11/12/10,00:00,Auxerre,Marseille,1.0,1.0,D,1.0,1.0,D,14.0,13.0,3.0,3.0,0.0,10.0,12.0,12.0,3.0,1.0,0.0,1.0,
F1,11/12/10,00:00,Brest,Montpellier,0.0,0.0,D,0.0,0.0,D,8.0,12.0,3.0,3.0,6.0,4.0,11.0,19.0,0.0,2.0,0.0,0.0,
F1,11/12/10,00:00,Caen,Nice,0.0,0.0,D,0.0,0.0,D,9.0,13.0,1.0,2.0,7.0,5.0,19.0,15.0,2.0,3.0,0.0,0.0,
F1,11/12/10,00:00,Lorient,Lens,3.0,0.0,H,0.0,0.0,D,12.0,14.0,8.0,5.0,1.0,7.0,17.0,18.0,0.0,1.0,0.0,0.0,
F1,11/12/10,00:00,Nancy,Sochaux,1.0,0.0,H,0.0,0.0,D,16.0,15.0,6.0,4.0,3.0,7.0,20.0,23.0,2.0,1.0,0.0,0.0,
F1,11/12/10,00:00,Valenciennes,Paris SG,1.0,2.0,A,0.0,0.0,D,11.0,22.0,5.0,12.0,3.0,8.0,10.0,17.0,1.0,1.0,0.0,0.0,
F1,12/12/10,00:00,Bordeaux,Rennes,0.0,0.0,D,0.0,0.0,D,12.0,3.0,3.0,1.0,6.0,4.0,9.0,13.0,0.0,2.0,0.0,0.0,
F1,12/12/10,00:00,Lyon,Toulouse,2.0,0.0,H,2.0,0.0,H,12.0,8.0,6.0,4.0,2.0,2.0,12.0,14.0,0.0,1.0,0.0,0.0,
F1,12/12/10,00:00,Monaco,St Etienne,0.0,2.0,A,0.0,1.0,A,13.0,9.0,3.0,3.0,2.0,3.0,15.0,14.0,2.0,1.0,0.0,0.0,
F1,18/12/10,00:00,Montpellier,Auxerre,1.0,1.0,D,0.0,0.0,D,12.0,9.0,4.0,3.0,2.0,1.0,16.0,21.0,3.0,1.0,0.0,0.0,
F1,18/12/10,00:00,Nice,Brest,1.0,1.0,D,1.0,1.0,D,13.0,13.0,5.0,3.0,5.0,3.0,13.0,13.0,1.0,3.0,0.0,0.0,
F1,18/12/10,00:00,Paris SG,Monaco,2.0,2.0,D,1.0,1.0,D,17.0,13.0,8.0,4.0,11.0,5.0,18.0,11.0,1.0,3.0,0.0,0.0,
F1,18/12/10,00:00,Rennes,Valenciennes,1.0,0.0,H,0.0,0.0,D,14.0,7.0,3.0,3.0,6.0,1.0,13.0,12.0,1.0,2.0,0.0,0.0,
F1,18/12/10,00:00,St Etienne,Arles,2.0,0.0,H,0.0,0.0,D,22.0,6.0,6.0,2.0,8.0,1.0,17.0,16.0,0.0,3.0,0.0,1.0,
F1,18/12/10,00:00,Toulouse,Lorient,3.0,0.0,H,1.0,0.0,H,7.0,9.0,4.0,3.0,3.0,5.0,17.0,13.0,1.0,0.0,0.0,0.0,
F1,19/12/10,00:00,Marseille,Lyon,1.0,1.0,D,0.0,1.0,A,13.0,11.0,3.0,3.0,5.0,1.0,17.0,16.0,2.0,1.0,0.0,0.0,
F1,19/12/10,00:00,Sochaux,Bordeaux,1.0,1.0,D,1.0,1.0,D,15.0,14.0,5.0,7.0,1.0,7.0,15.0,13.0,0.0,2.0,0.0,0.0,
F1,21/12/10,00:00,Lorient,Montpellier,0.0,0.0,D,0.0,0.0,D,14.0,7.0,4.0,2.0,3.0,0.0,18.0,26.0,1.0,2.0,0.0,1.0,
F1,22/12/10,00:00,Arles,Nice,0.0,0.0,D,0.0,0.0,D,10.0,11.0,2.0,1.0,4.0,6.0,12.0,14.0,1.0,2.0,0.0,0.0,
F1,22/12/10,00:00,Bordeaux,Lens,2.0,2.0,D,0.0,2.0,A,18.0,7.0,9.0,3.0,13.0,3.0,17.0,19.0,2.0,4.0,1.0,0.0,
F1,22/12/10,00:00,Brest,Marseille,0.0,0.0,D,0.0,0.0,D,5.0,13.0,1.0,2.0,5.0,5.0,10.0,21.0,0.0,3.0,0.0,1.0,
F1,22/12/10,00:00,Caen,Rennes,1.0,0.0,H,1.0,0.0,H,8.0,15.0,3.0,4.0,2.0,5.0,18.0,13.0,1.0,1.0,0.0,0.0,
F1,22/12/10,00:00,Lille,St Etienne,1.0,1.0,D,0.0,0.0,D,14.0,7.0,2.0,4.0,5.0,0.0,11.0,16.0,1.0,1.0,0.0,0.0,
F1,22/12/10,00:00,Lyon,Auxerre,1.0,1.0,D,1.0,0.0,H,19.0,10.0,3.0,4.0,5.0,2.0,15.0,19.0,2.0,4.0,0.0,0.0,
F1,22/12/10,00:00,Monaco,Sochaux,2.0,1.0,H,1.0,0.0,H,16.0,11.0,2.0,3.0,1.0,6.0,17.0,17.0,2.0,0.0,0.0,1.0,
F1,22/12/10,00:00,Nancy,Paris SG,2.0,0.0,H,0.0,0.0,D,23.0,16.0,8.0,3.0,12.0,10.0,14.0,13.0,3.0,3.0,0.0,1.0,
F1,22/12/10,00:00,Valenciennes,Toulouse,2.0,1.0,H,2.0,1.0,H,10.0,11.0,4.0,3.0,2.0,5.0,19.0,20.0,1.0,2.0,0.0,0.0,
F1,15/01/11,00:00,Auxerre,Monaco,1.0,1.0,D,1.0,0.0,H,10.0,16.0,6.0,3.0,4.0,5.0,16.0,10.0,1.0,1.0,0.0,0.0,
F1,15/01/11,00:00,Brest,Caen,1.0,3.0,A,1.0,1.0,D,24.0,15.0,9.0,7.0,4.0,2.0,18.0,17.0,2.0,3.0,0.0,1.0,
F1,15/01/11,00:00,Lens,St Etienne,2.0,1.0,H,0.0,0.0,D,10.0,9.0,3.0,3.0,5.0,3.0,15.0,20.0,3.0,0.0,0.0,0.0,
F1,15/01/11,00:00,Lyon,Lorient,3.0,0.0,H,1.0,0.0,H,20.0,8.0,11.0,2.0,5.0,2.0,23.0,13.0,1.0,3.0,0.0,0.0,
F1,15/01/11,00:00,Montpellier,Valenciennes,2.0,1.0,H,0.0,0.0,D,15.0,10.0,6.0,6.0,3.0,5.0,17.0,17.0,1.0,0.0,1.0,1.0,
F1,15/01/11,00:00,Nice,Lille,0.0,2.0,A,0.0,1.0,A,6.0,24.0,2.0,10.0,2.0,10.0,10.0,14.0,2.0,2.0,0.0,0.0,
F1,15/01/11,00:00,Paris SG,Sochaux,2.0,1.0,H,2.0,1.0,H,10.0,7.0,3.0,4.0,7.0,2.0,16.0,21.0,2.0,3.0,0.0,0.0,
F1,15/01/11,00:00,Rennes,Arles,4.0,0.0,H,2.0,0.0,H,13.0,7.0,8.0,1.0,8.0,4.0,9.0,20.0,1.0,2.0,0.0,1.0,
F1,15/01/11,00:00,Toulouse,Nancy,1.0,0.0,H,1.0,0.0,H,10.0,14.0,4.0,3.0,3.0,5.0,21.0,18.0,0.0,3.0,0.0,0.0,
F1,16/01/11,00:00,Marseille,Bordeaux,2.0,1.0,H,2.0,0.0,H,9.0,5.0,4.0,2.0,6.0,2.0,22.0,18.0,2.0,1.0,0.0,0.0,
F1,19/01/11,00:00,Lille,Nancy,3.0,0.0,H,0.0,0.0,D,22.0,7.0,9.0,1.0,6.0,3.0,15.0,21.0,3.0,1.0,0.0,1.0,
F1,22/01/11,00:00,Lens,Caen,2.0,0.0,H,1.0,0.0,H,12.0,7.0,6.0,3.0,1.0,1.0,18.0,16.0,0.0,0.0,0.0,0.0,
F1,29/01/11,00:00,Arles,Paris SG,1.0,2.0,A,0.0,1.0,A,11.0,12.0,3.0,7.0,2.0,2.0,11.0,10.0,1.0,3.0,0.0,0.0,
F1,29/01/11,00:00,Caen,Auxerre,2.0,0.0,H,0.0,0.0,D,16.0,12.0,6.0,4.0,6.0,2.0,12.0,18.0,1.0,3.0,0.0,0.0,
F1,29/01/11,00:00,Lille,Lens,1.0,0.0,H,0.0,0.0,D,9.0,5.0,2.0,0.0,7.0,1.0,15.0,19.0,1.0,2.0,0.0,0.0,
F1,29/01/11,00:00,Lorient,Brest,2.0,0.0,H,0.0,0.0,D,9.0,5.0,3.0,0.0,5.0,3.0,9.0,21.0,1.0,1.0,0.0,0.0,
F1,29/01/11,00:00,Sochaux,Rennes,5.0,1.0,H,2.0,0.0,H,15.0,14.0,10.0,3.0,4.0,3.0,15.0,12.0,0.0,1.0,0.0,1.0,
F1,29/01/11,00:00,St Etienne,Toulouse,2.0,1.0,H,2.0,0.0,H,9.0,9.0,5.0,5.0,1.0,6.0,22.0,18.0,3.0,2.0,0.0,0.0,
F1,29/01/11,00:00,Valenciennes,Lyon,2.0,1.0,H,0.0,0.0,D,17.0,20.0,3.0,5.0,3.0,7.0,16.0,17.0,1.0,2.0,0.0,0.0,
F1,30/01/11,00:00,Bordeaux,Nice,2.0,0.0,H,1.0,0.0,H,16.0,3.0,5.0,1.0,6.0,3.0,15.0,25.0,2.0,4.0,0.0,0.0,
F1,30/01/11,00:00,Monaco,Marseille,0.0,0.0,D,0.0,0.0,D,11.0,10.0,4.0,1.0,4.0,9.0,12.0,17.0,2.0,2.0,0.0,0.0,
F1,30/01/11,00:00,Nancy,Montpellier,1.0,2.0,A,1.0,1.0,D,16.0,14.0,11.0,5.0,7.0,5.0,15.0,20.0,0.0,2.0,0.0,0.0,
F1,05/02/11,00:00,Brest,Nancy,2.0,1.0,H,1.0,0.0,H,14.0,10.0,5.0,4.0,6.0,5.0,23.0,14.0,1.0,2.0,0.0,0.0,
F1,05/02/11,00:00,Caen,Lorient,0.0,2.0,A,0.0,1.0,A,12.0,12.0,4.0,8.0,8.0,6.0,16.0,14.0,1.0,2.0,0.0,0.0,
F1,05/02/11,00:00,Lens,Valenciennes,1.0,1.0,D,1.0,1.0,D,13.0,8.0,4.0,2.0,5.0,3.0,17.0,15.0,2.0,5.0,0.0,0.0,
F1,05/02/11,00:00,Marseille,Arles,1.0,0.0,H,0.0,0.0,D,13.0,13.0,5.0,2.0,5.0,7.0,12.0,25.0,0.0,1.0,0.0,0.0,
F1,05/02/11,00:00,Montpellier,St Etienne,1.0,2.0,A,0.0,2.0,A,14.0,7.0,4.0,5.0,2.0,3.0,16.0,22.0,3.0,3.0,0.0,0.0,
F1,05/02/11,00:00,Nice,Sochaux,1.0,0.0,H,1.0,0.0,H,15.0,10.0,8.0,1.0,7.0,5.0,17.0,28.0,3.0,2.0,0.0,1.0,
F1,05/02/11,00:00,Rennes,Paris SG,1.0,0.0,H,1.0,0.0,H,17.0,13.0,5.0,5.0,4.0,7.0,11.0,20.0,0.0,2.0,0.0,0.0,
F1,06/02/11,00:00,Auxerre,Lille,1.0,1.0,D,0.0,1.0,A,8.0,8.0,3.0,1.0,7.0,3.0,20.0,14.0,3.0,2.0,0.0,0.0,
F1,06/02/11,00:00,Lyon,Bordeaux,0.0,0.0,D,0.0,0.0,D,15.0,10.0,5.0,1.0,11.0,1.0,18.0,17.0,1.0,2.0,0.0,0.0,
F1,06/02/11,00:00,Toulouse,Monaco,2.0,0.0,H,0.0,0.0,D,12.0,10.0,5.0,2.0,4.0,1.0,23.0,13.0,1.0,1.0,0.0,0.0,
F1,12/02/11,00:00,Arles,Montpellier,0.0,0.0,D,0.0,0.0,D,7.0,14.0,0.0,4.0,4.0,6.0,16.0,20.0,2.0,1.0,0.0,0.0,
F1,12/02/11,00:00,Bordeaux,Caen,1.0,2.0,A,0.0,1.0,A,19.0,6.0,6.0,4.0,15.0,3.0,17.0,24.0,0.0,5.0,0.0,0.0,
F1,12/02/11,00:00,Monaco,Lorient,3.0,1.0,H,1.0,1.0,D,13.0,9.0,6.0,4.0,2.0,5.0,16.0,22.0,2.0,2.0,0.0,1.0,
F1,12/02/11,00:00,Nancy,Auxerre,3.0,1.0,H,2.0,0.0,H,13.0,8.0,3.0,1.0,9.0,3.0,7.0,20.0,3.0,2.0,0.0,0.0,
F1,12/02/11,00:00,Paris SG,Lens,0.0,0.0,D,0.0,0.0,D,17.0,10.0,4.0,0.0,3.0,2.0,12.0,26.0,1.0,2.0,0.0,0.0,
F1,12/02/11,00:00,Sochaux,Marseille,1.0,2.0,A,1.0,1.0,D,13.0,14.0,2.0,7.0,5.0,7.0,14.0,23.0,0.0,2.0,0.0,0.0,
F1,12/02/11,00:00,St Etienne,Lyon,1.0,4.0,A,1.0,2.0,A,17.0,9.0,7.0,6.0,6.0,6.0,16.0,19.0,2.0,3.0,0.0,0.0,
F1,13/02/11,00:00,Lille,Toulouse,2.0,0.0,H,1.0,0.0,H,14.0,3.0,9.0,0.0,4.0,1.0,15.0,21.0,0.0,2.0,0.0,0.0,
F1,13/02/11,00:00,Rennes,Nice,2.0,0.0,H,0.0,0.0,D,12.0,6.0,5.0,4.0,1.0,2.0,14.0,19.0,1.0,1.0,0.0,0.0,
F1,13/02/11,00:00,Valenciennes,Brest,3.0,0.0,H,2.0,0.0,H,10.0,9.0,6.0,4.0,5.0,4.0,14.0,18.0,1.0,2.0,0.0,0.0,
F1,18/02/11,00:00,Lyon,Nancy,4.0,0.0,H,1.0,0.0,H,22.0,5.0,8.0,2.0,6.0,1.0,18.0,12.0,1.0,2.0,0.0,0.0,
F1,19/02/11,00:00,Auxerre,Arles,1.0,1.0,D,0.0,0.0,D,17.0,12.0,6.0,3.0,7.0,3.0,14.0,17.0,2.0,5.0,0.0,0.0,
F1,19/02/11,00:00,Brest,Monaco,2.0,0.0,H,1.0,0.0,H,12.0,16.0,5.0,5.0,4.0,2.0,15.0,18.0,2.0,0.0,0.0,1.0,
F1,19/02/11,00:00,Caen,Valenciennes,2.0,2.0,D,0.0,0.0,D,16.0,9.0,3.0,4.0,7.0,3.0,21.0,7.0,3.0,2.0,0.0,0.0,
F1,19/02/11,00:00,Lens,Sochaux,2.0,3.0,A,1.0,2.0,A,16.0,11.0,8.0,5.0,9.0,3.0,12.0,16.0,3.0,2.0,1.0,1.0,
F1,19/02/11,00:00,Lorient,Bordeaux,5.0,1.0,H,3.0,1.0,H,13.0,11.0,8.0,3.0,7.0,7.0,10.0,19.0,4.0,3.0,1.0,1.0,
F1,19/02/11,00:00,Marseille,St Etienne,2.0,1.0,H,0.0,0.0,D,22.0,7.0,8.0,2.0,10.0,3.0,19.0,21.0,2.0,4.0,0.0,0.0,
F1,20/02/11,00:00,Montpellier,Lille,1.0,0.0,H,0.0,0.0,D,10.0,6.0,3.0,1.0,3.0,1.0,18.0,24.0,2.0,1.0,0.0,0.0,
F1,20/02/11,00:00,Nice,Paris SG,0.0,3.0,A,0.0,2.0,A,13.0,19.0,2.0,11.0,2.0,8.0,11.0,15.0,1.0,1.0,1.0,0.0,
F1,20/02/11,00:00,Toulouse,Rennes,1.0,2.0,A,0.0,1.0,A,13.0,10.0,3.0,6.0,8.0,3.0,18.0,13.0,1.0,1.0,0.0,0.0,
F1,26/02/11,00:00,Arles,Brest,1.0,1.0,D,1.0,0.0,H,17.0,12.0,5.0,6.0,6.0,9.0,16.0,20.0,2.0,2.0,0.0,0.0,
F1,26/02/11,00:00,Bordeaux,Auxerre,3.0,0.0,H,1.0,0.0,H,11.0,4.0,6.0,0.0,5.0,4.0,15.0,16.0,4.0,4.0,0.0,0.0,
F1,26/02/11,00:00,Monaco,Caen,2.0,2.0,D,1.0,0.0,H,17.0,10.0,3.0,4.0,8.0,4.0,12.0,24.0,1.0,3.0,0.0,1.0,
F1,26/02/11,00:00,Rennes,Lens,2.0,0.0,H,1.0,0.0,H,13.0,7.0,6.0,2.0,3.0,4.0,16.0,12.0,1.0,2.0,0.0,0.0,
F1,26/02/11,00:00,Sochaux,Montpellier,0.0,0.0,D,0.0,0.0,D,9.0,19.0,4.0,6.0,2.0,9.0,13.0,19.0,1.0,3.0,1.0,1.0,
F1,26/02/11,00:00,St Etienne,Nice,0.0,2.0,A,0.0,0.0,D,5.0,11.0,0.0,6.0,7.0,3.0,18.0,6.0,1.0,1.0,0.0,0.0,
F1,26/02/11,00:00,Valenciennes,Lorient,0.0,0.0,D,0.0,0.0,D,15.0,8.0,5.0,3.0,5.0,4.0,14.0,10.0,3.0,0.0,0.0,1.0,
F1,27/02/11,00:00,Lille,Lyon,1.0,1.0,D,1.0,1.0,D,12.0,8.0,3.0,5.0,9.0,3.0,11.0,22.0,1.0,3.0,0.0,0.0,
F1,27/02/11,00:00,Nancy,Marseille,1.0,2.0,A,1.0,1.0,D,9.0,16.0,5.0,8.0,3.0,5.0,17.0,22.0,3.0,3.0,0.0,0.0,
F1,27/02/11,00:00,Paris SG,Toulouse,2.0,1.0,H,2.0,0.0,H,14.0,13.0,4.0,3.0,5.0,2.0,13.0,17.0,1.0,1.0,0.0,0.0,
F1,05/03/11,00:00,Auxerre,Paris SG,1.0,0.0,H,0.0,0.0,D,12.0,16.0,5.0,3.0,4.0,8.0,11.0,6.0,2.0,0.0,0.0,0.0,
F1,05/03/11,00:00,Caen,St Etienne,1.0,0.0,H,0.0,0.0,D,10.0,9.0,3.0,2.0,5.0,3.0,18.0,13.0,1.0,0.0,0.0,0.0,
F1,05/03/11,00:00,Lorient,Nancy,0.0,0.0,D,0.0,0.0,D,9.0,16.0,3.0,5.0,10.0,7.0,12.0,16.0,1.0,1.0,0.0,0.0,
F1,05/03/11,00:00,Montpellier,Rennes,0.0,1.0,A,0.0,1.0,A,14.0,10.0,3.0,4.0,4.0,1.0,15.0,28.0,1.0,2.0,0.0,0.0,
F1,05/03/11,00:00,Nice,Lens,0.0,0.0,D,0.0,0.0,D,13.0,10.0,3.0,5.0,2.0,4.0,18.0,16.0,1.0,2.0,0.0,0.0,
F1,05/03/11,00:00,Toulouse,Sochaux,0.0,1.0,A,0.0,0.0,D,14.0,9.0,6.0,2.0,5.0,3.0,20.0,16.0,0.0,0.0,1.0,0.0,
F1,05/03/11,00:00,Valenciennes,Monaco,0.0,0.0,D,0.0,0.0,D,17.0,12.0,7.0,1.0,9.0,5.0,20.0,14.0,0.0,1.0,0.0,0.0,
F1,06/03/11,00:00,Brest,Bordeaux,1.0,3.0,A,0.0,0.0,D,13.0,8.0,5.0,4.0,9.0,3.0,20.0,20.0,0.0,1.0,0.0,0.0,
F1,06/03/11,00:00,Lyon,Arles,5.0,0.0,H,2.0,0.0,H,15.0,6.0,8.0,0.0,11.0,4.0,9.0,11.0,0.0,0.0,0.0,0.0,
F1,06/03/11,00:00,Marseille,Lille,1.0,2.0,A,0.0,1.0,A,15.0,13.0,3.0,3.0,4.0,5.0,16.0,16.0,2.0,1.0,0.0,0.0,
F1,11/03/11,00:00,Rennes,Marseille,0.0,2.0,A,0.0,1.0,A,14.0,11.0,4.0,5.0,4.0,4.0,18.0,12.0,2.0,2.0,0.0,0.0,
F1,12/03/11,00:00,Arles,Lorient,3.0,3.0,D,1.0,2.0,A,16.0,9.0,7.0,5.0,6.0,3.0,19.0,5.0,1.0,1.0,0.0,0.0,
F1,12/03/11,00:00,Lens,Toulouse,0.0,1.0,A,0.0,0.0,D,9.0,13.0,4.0,5.0,4.0,1.0,19.0,29.0,0.0,1.0,0.0,0.0,
F1,12/03/11,00:00,Nancy,Caen,2.0,0.0,H,1.0,0.0,H,11.0,4.0,4.0,1.0,4.0,5.0,18.0,26.0,1.0,0.0,0.0,1.0,
F1,12/03/11,00:00,Nice,Auxerre,1.0,0.0,H,0.0,0.0,D,14.0,10.0,3.0,1.0,2.0,5.0,10.0,10.0,0.0,1.0,0.0,0.0,
F1,12/03/11,00:00,Sochaux,Lyon,0.0,2.0,A,0.0,1.0,A,7.0,21.0,2.0,9.0,5.0,2.0,15.0,15.0,1.0,2.0,0.0,0.0,
F1,12/03/11,00:00,St Etienne,Brest,2.0,0.0,H,1.0,0.0,H,14.0,10.0,7.0,2.0,5.0,2.0,14.0,13.0,1.0,3.0,0.0,0.0,
F1,13/03/11,00:00,Bordeaux,Monaco,0.0,1.0,A,0.0,1.0,A,14.0,2.0,4.0,1.0,3.0,2.0,10.0,18.0,0.0,3.0,0.0,0.0,
F1,13/03/11,00:00,Lille,Valenciennes,2.0,1.0,H,1.0,0.0,H,13.0,9.0,4.0,4.0,4.0,0.0,10.0,16.0,2.0,2.0,0.0,0.0,
F1,13/03/11,00:00,Paris SG,Montpellier,2.0,2.0,D,2.0,0.0,H,11.0,11.0,3.0,5.0,7.0,2.0,26.0,17.0,4.0,3.0,0.0,1.0,
F1,19/03/11,00:00,Auxerre,Sochaux,2.0,0.0,H,1.0,0.0,H,13.0,19.0,5.0,3.0,4.0,7.0,16.0,10.0,1.0,1.0,0.0,0.0,
F1,19/03/11,00:00,Brest,Lille,1.0,2.0,A,1.0,1.0,D,20.0,7.0,9.0,4.0,10.0,4.0,14.0,16.0,1.0,3.0,0.0,0.0,
F1,19/03/11,00:00,Lorient,St Etienne,0.0,0.0,D,0.0,0.0,D,18.0,7.0,6.0,4.0,10.0,6.0,6.0,10.0,0.0,0.0,0.0,0.0,
F1,19/03/11,00:00,Lyon,Rennes,1.0,1.0,D,1.0,0.0,H,17.0,3.0,4.0,1.0,6.0,3.0,12.0,13.0,2.0,3.0,0.0,1.0,
F1,19/03/11,00:00,Montpellier,Lens,1.0,4.0,A,0.0,3.0,A,16.0,15.0,8.0,6.0,13.0,2.0,23.0,14.0,1.0,0.0,0.0,0.0,
F1,19/03/11,00:00,Toulouse,Nice,1.0,1.0,D,1.0,0.0,H,10.0,10.0,3.0,3.0,5.0,6.0,18.0,7.0,2.0,1.0,0.0,0.0,
F1,19/03/11,00:00,Valenciennes,Bordeaux,2.0,2.0,D,1.0,0.0,H,11.0,15.0,3.0,5.0,2.0,3.0,17.0,13.0,2.0,1.0,0.0,0.0,
F1,20/03/11,00:00,Caen,Arles,2.0,0.0,H,0.0,0.0,D,19.0,10.0,5.0,3.0,9.0,4.0,14.0,27.0,2.0,3.0,0.0,0.0,
F1,20/03/11,00:00,Marseille,Paris SG,2.0,1.0,H,2.0,1.0,H,12.0,8.0,3.0,1.0,1.0,2.0,15.0,17.0,1.0,3.0,0.0,0.0,
F1,20/03/11,00:00,Monaco,Nancy,0.0,1.0,A,0.0,1.0,A,19.0,10.0,5.0,3.0,12.0,2.0,18.0,24.0,3.0,3.0,0.0,0.0,
F1,02/04/11,00:00,Arles,Monaco,0.0,2.0,A,0.0,1.0,A,10.0,16.0,2.0,8.0,2.0,3.0,16.0,15.0,1.0,2.0,1.0,0.0,
F1,02/04/11,00:00,Lille,Caen,3.0,1.0,H,1.0,0.0,H,28.0,13.0,12.0,5.0,8.0,3.0,12.0,17.0,1.0,2.0,0.0,0.0,
F1,02/04/11,00:00,Nancy,Bordeaux,0.0,0.0,D,0.0,0.0,D,10.0,14.0,3.0,7.0,0.0,2.0,24.0,16.0,2.0,4.0,0.0,0.0,
F1,02/04/11,00:00,Paris SG,Lorient,0.0,0.0,D,0.0,0.0,D,9.0,9.0,2.0,1.0,9.0,8.0,12.0,9.0,1.0,1.0,0.0,0.0,
F1,02/04/11,00:00,Rennes,Auxerre,0.0,0.0,D,0.0,0.0,D,8.0,4.0,0.0,2.0,2.0,3.0,13.0,11.0,3.0,3.0,0.0,0.0,
F1,02/04/11,00:00,Sochaux,Brest,2.0,1.0,H,1.0,0.0,H,15.0,12.0,7.0,4.0,9.0,4.0,14.0,21.0,2.0,1.0,0.0,0.0,
F1,02/04/11,00:00,Toulouse,Montpellier,0.0,1.0,A,0.0,0.0,D,8.0,8.0,2.0,2.0,4.0,1.0,21.0,19.0,2.0,2.0,0.0,0.0,
F1,03/04/11,00:00,Lens,Marseille,0.0,1.0,A,0.0,0.0,D,14.0,9.0,3.0,3.0,7.0,4.0,19.0,22.0,3.0,1.0,0.0,0.0,
F1,03/04/11,00:00,Nice,Lyon,2.0,2.0,D,0.0,2.0,A,14.0,11.0,6.0,4.0,4.0,0.0,16.0,16.0,3.0,1.0,0.0,1.0,
F1,03/04/11,00:00,St Etienne,Valenciennes,1.0,1.0,D,0.0,0.0,D,22.0,14.0,6.0,6.0,8.0,8.0,6.0,12.0,0.0,0.0,0.0,0.0,
F1,09/04/11,00:00,Auxerre,St Etienne,2.0,2.0,D,1.0,1.0,D,16.0,12.0,5.0,8.0,5.0,5.0,9.0,7.0,2.0,3.0,0.0,0.0,
F1,09/04/11,00:00,Bordeaux,Arles,0.0,0.0,D,0.0,0.0,D,19.0,6.0,3.0,2.0,10.0,2.0,13.0,21.0,3.0,3.0,0.0,0.0,
F1,09/04/11,00:00,Brest,Rennes,2.0,0.0,H,1.0,0.0,H,10.0,4.0,3.0,1.0,7.0,2.0,24.0,21.0,0.0,2.0,0.0,0.0,
F1,09/04/11,00:00,Caen,Paris SG,1.0,2.0,A,0.0,1.0,A,14.0,10.0,4.0,6.0,10.0,2.0,14.0,13.0,1.0,1.0,0.0,0.0,
F1,09/04/11,00:00,Lorient,Sochaux,1.0,1.0,D,1.0,1.0,D,13.0,9.0,3.0,5.0,8.0,5.0,6.0,17.0,1.0,0.0,0.0,0.0,
F1,09/04/11,00:00,Monaco,Lille,1.0,0.0,H,1.0,0.0,H,7.0,12.0,3.0,3.0,4.0,3.0,25.0,14.0,6.0,1.0,0.0,1.0,
F1,09/04/11,00:00,Valenciennes,Nancy,1.0,1.0,D,1.0,0.0,H,10.0,18.0,4.0,6.0,5.0,4.0,17.0,16.0,1.0,2.0,1.0,1.0,
F1,10/04/11,00:00,Lyon,Lens,3.0,0.0,H,0.0,0.0,D,24.0,4.0,8.0,2.0,11.0,6.0,14.0,18.0,0.0,1.0,0.0,0.0,
F1,10/04/11,00:00,Marseille,Toulouse,2.0,2.0,D,1.0,1.0,D,15.0,10.0,7.0,4.0,6.0,3.0,13.0,19.0,0.0,1.0,0.0,0.0,
F1,10/04/11,00:00,Montpellier,Nice,1.0,1.0,D,1.0,0.0,H,11.0,8.0,3.0,3.0,2.0,3.0,17.0,14.0,2.0,3.0,0.0,0.0,
F1,16/04/11,00:00,Lens,Brest,1.0,1.0,D,1.0,0.0,H,16.0,11.0,1.0,5.0,6.0,2.0,18.0,18.0,0.0,1.0,0.0,0.0,
F1,16/04/11,00:00,Lille,Bordeaux,1.0,1.0,D,0.0,0.0,D,11.0,9.0,4.0,4.0,5.0,3.0,16.0,21.0,1.0,3.0,0.0,0.0,
F1,16/04/11,00:00,Nice,Monaco,3.0,2.0,H,1.0,1.0,D,21.0,6.0,8.0,4.0,7.0,3.0,11.0,21.0,2.0,3.0,0.0,0.0,
F1,16/04/11,00:00,Rennes,Lorient,1.0,2.0,A,1.0,0.0,H,9.0,17.0,3.0,7.0,4.0,9.0,19.0,13.0,1.0,3.0,2.0,0.0,
F1,16/04/11,00:00,Sochaux,Caen,3.0,2.0,H,1.0,1.0,D,11.0,12.0,9.0,4.0,5.0,7.0,13.0,19.0,0.0,2.0,0.0,0.0,
F1,16/04/11,00:00,St Etienne,Nancy,2.0,1.0,H,0.0,1.0,A,11.0,22.0,6.0,6.0,7.0,10.0,13.0,13.0,1.0,1.0,0.0,0.0,
F1,16/04/11,00:00,Toulouse,Auxerre,0.0,1.0,A,0.0,0.0,D,8.0,2.0,3.0,2.0,5.0,2.0,15.0,12.0,0.0,1.0,0.0,0.0,
F1,17/04/11,00:00,Arles,Valenciennes,0.0,1.0,A,0.0,0.0,D,7.0,14.0,1.0,5.0,5.0,8.0,23.0,17.0,2.0,1.0,0.0,0.0,
F1,17/04/11,00:00,Montpellier,Marseille,1.0,2.0,A,0.0,0.0,D,8.0,10.0,3.0,5.0,4.0,3.0,20.0,22.0,1.0,2.0,1.0,1.0,
F1,17/04/11,00:00,Paris SG,Lyon,1.0,0.0,H,0.0,0.0,D,13.0,8.0,5.0,2.0,4.0,6.0,12.0,20.0,2.0,1.0,0.0,0.0,
F1,24/04/11,00:00,Auxerre,Lens,1.0,1.0,D,1.0,0.0,H,8.0,21.0,3.0,6.0,5.0,4.0,11.0,16.0,0.0,0.0,0.0,0.0,
F1,24/04/11,00:00,Bordeaux,St Etienne,2.0,0.0,H,1.0,0.0,H,17.0,8.0,8.0,0.0,4.0,3.0,19.0,19.0,1.0,2.0,0.0,0.0,
F1,24/04/11,00:00,Brest,Paris SG,2.0,2.0,D,2.0,1.0,H,10.0,16.0,4.0,8.0,2.0,6.0,23.0,13.0,1.0,1.0,0.0,0.0,
F1,24/04/11,00:00,Caen,Toulouse,1.0,1.0,D,1.0,1.0,D,16.0,7.0,4.0,3.0,4.0,3.0,28.0,22.0,4.0,2.0,0.0,0.0,
F1,24/04/11,00:00,Lorient,Lille,1.0,1.0,D,0.0,1.0,A,16.0,14.0,8.0,2.0,6.0,5.0,15.0,15.0,1.0,3.0,0.0,0.0,
F1,24/04/11,00:00,Monaco,Rennes,1.0,0.0,H,0.0,0.0,D,12.0,12.0,2.0,3.0,5.0,2.0,12.0,16.0,1.0,2.0,0.0,0.0,
F1,24/04/11,00:00,Nancy,Arles,0.0,0.0,D,0.0,0.0,D,16.0,5.0,6.0,0.0,5.0,5.0,16.0,16.0,2.0,0.0,0.0,1.0,
F1,24/04/11,00:00,Valenciennes,Sochaux,1.0,1.0,D,1.0,1.0,D,12.0,9.0,4.0,3.0,9.0,2.0,12.0,11.0,0.0,1.0,0.0,0.0,
F1,27/04/11,00:00,Lyon,Montpellier,3.0,2.0,H,1.0,1.0,D,14.0,14.0,8.0,4.0,7.0,3.0,21.0,23.0,1.0,3.0,0.0,0.0,
F1,27/04/11,00:00,Marseille,Nice,4.0,2.0,H,1.0,1.0,D,17.0,17.0,7.0,5.0,8.0,1.0,16.0,10.0,1.0,1.0,0.0,0.0,
F1,30/04/11,00:00,Lens,Lorient,2.0,3.0,A,2.0,1.0,H,11.0,8.0,3.0,4.0,0.0,3.0,20.0,10.0,1.0,1.0,0.0,0.0,
F1,30/04/11,00:00,Lille,Arles,5.0,0.0,H,2.0,0.0,H,21.0,11.0,7.0,3.0,12.0,5.0,10.0,21.0,2.0,2.0,0.0,1.0,
F1,30/04/11,00:00,Paris SG,Valenciennes,3.0,1.0,H,2.0,1.0,H,13.0,12.0,4.0,2.0,10.0,2.0,19.0,17.0,2.0,1.0,0.0,0.0,
F1,30/04/11,00:00,Rennes,Bordeaux,0.0,0.0,D,0.0,0.0,D,4.0,7.0,1.0,2.0,6.0,5.0,16.0,11.0,2.0,2.0,0.0,0.0,
F1,30/04/11,00:00,Sochaux,Nancy,1.0,0.0,H,1.0,0.0,H,11.0,21.0,2.0,6.0,6.0,9.0,17.0,18.0,1.0,4.0,0.0,0.0,
F1,01/05/11,00:00,Marseille,Auxerre,1.0,1.0,D,0.0,0.0,D,20.0,5.0,9.0,2.0,8.0,2.0,12.0,15.0,0.0,2.0,0.0,0.0,
F1,01/05/11,00:00,Montpellier,Brest,0.0,0.0,D,0.0,0.0,D,10.0,11.0,3.0,4.0,2.0,1.0,25.0,18.0,3.0,2.0,0.0,0.0,
F1,01/05/11,00:00,Nice,Caen,0.0,4.0,A,0.0,2.0,A,13.0,11.0,4.0,7.0,4.0,5.0,12.0,17.0,2.0,2.0,1.0,0.0,
F1,01/05/11,00:00,St Etienne,Monaco,1.0,1.0,D,1.0,1.0,D,22.0,10.0,4.0,3.0,12.0,2.0,20.0,17.0,3.0,1.0,0.0,1.0,
F1,01/05/11,00:00,Toulouse,Lyon,2.0,0.0,H,1.0,0.0,H,12.0,5.0,5.0,2.0,6.0,7.0,26.0,17.0,4.0,3.0,0.0,2.0,
F1,07/05/11,00:00,Arles,St Etienne,0.0,1.0,A,0.0,1.0,A,4.0,22.0,0.0,7.0,4.0,8.0,12.0,13.0,2.0,3.0,1.0,0.0,
F1,07/05/11,00:00,Auxerre,Montpellier,1.0,0.0,H,0.0,0.0,D,11.0,10.0,1.0,1.0,6.0,2.0,20.0,14.0,2.0,3.0,0.0,0.0,
F1,07/05/11,00:00,Bordeaux,Sochaux,0.0,4.0,A,0.0,4.0,A,18.0,14.0,4.0,6.0,8.0,5.0,13.0,11.0,2.0,0.0,0.0,0.0,
F1,07/05/11,00:00,Brest,Nice,0.0,0.0,D,0.0,0.0,D,11.0,6.0,0.0,2.0,7.0,3.0,22.0,15.0,0.0,1.0,0.0,0.0,
F1,07/05/11,00:00,Caen,Lens,1.0,1.0,D,1.0,1.0,D,16.0,20.0,8.0,3.0,6.0,6.0,19.0,22.0,3.0,2.0,0.0,0.0,
F1,07/05/11,00:00,Lorient,Toulouse,0.0,0.0,D,0.0,0.0,D,6.0,6.0,1.0,1.0,3.0,2.0,9.0,21.0,1.0,2.0,0.0,0.0,
F1,07/05/11,00:00,Monaco,Paris SG,1.0,1.0,D,1.0,0.0,H,8.0,19.0,4.0,6.0,2.0,9.0,18.0,24.0,1.0,2.0,0.0,0.0,
F1,07/05/11,00:00,Nancy,Lille,0.0,1.0,A,0.0,1.0,A,13.0,14.0,0.0,3.0,8.0,6.0,18.0,17.0,1.0,1.0,0.0,0.0,
F1,08/05/11,00:00,Lyon,Marseille,3.0,2.0,H,1.0,0.0,H,12.0,12.0,5.0,7.0,5.0,7.0,14.0,16.0,3.0,4.0,0.0,0.0,
F1,08/05/11,00:00,Valenciennes,Rennes,2.0,0.0,H,1.0,0.0,H,11.0,11.0,4.0,3.0,5.0,3.0,10.0,9.0,2.0,1.0,0.0,0.0,
F1,10/05/11,00:00,Paris SG,Nancy,2.0,2.0,D,2.0,1.0,H,12.0,19.0,4.0,6.0,9.0,14.0,10.0,24.0,1.0,0.0,1.0,1.0,
F1,10/05/11,00:00,St Etienne,Lille,1.0,2.0,A,1.0,1.0,D,14.0,17.0,5.0,8.0,4.0,4.0,17.0,9.0,2.0,0.0,0.0,0.0,
F1,11/05/11,00:00,Auxerre,Lyon,4.0,0.0,H,2.0,0.0,H,19.0,6.0,7.0,2.0,4.0,1.0,17.0,12.0,2.0,0.0,0.0,1.0,
F1,11/05/11,00:00,Lens,Bordeaux,1.0,0.0,H,0.0,0.0,D,8.0,15.0,2.0,3.0,0.0,10.0,24.0,17.0,1.0,2.0,0.0,0.0,
F1,11/05/11,00:00,Marseille,Brest,3.0,0.0,H,1.0,0.0,H,14.0,5.0,5.0,3.0,8.0,5.0,9.0,16.0,0.0,1.0,0.0,0.0,
F1,11/05/11,00:00,Montpellier,Lorient,3.0,1.0,H,1.0,1.0,D,13.0,9.0,8.0,3.0,4.0,3.0,19.0,15.0,2.0,2.0,0.0,0.0,
F1,11/05/11,00:00,Nice,Arles,3.0,2.0,H,1.0,1.0,D,17.0,8.0,8.0,2.0,6.0,2.0,12.0,19.0,1.0,1.0,0.0,0.0,
F1,11/05/11,00:00,Rennes,Caen,1.0,1.0,D,1.0,0.0,H,19.0,9.0,3.0,3.0,5.0,5.0,19.0,15.0,1.0,2.0,0.0,0.0,
F1,11/05/11,00:00,Sochaux,Monaco,3.0,0.0,H,2.0,0.0,H,12.0,18.0,5.0,5.0,6.0,6.0,16.0,15.0,1.0,2.0,0.0,0.0,
F1,11/05/11,00:00,Toulouse,Valenciennes,0.0,0.0,D,0.0,0.0,D,6.0,6.0,1.0,2.0,4.0,2.0,22.0,20.0,1.0,2.0,0.0,0.0,
F1,15/05/11,00:00,Arles,Toulouse,1.0,0.0,H,1.0,0.0,H,7.0,9.0,3.0,2.0,3.0,4.0,14.0,18.0,3.0,2.0,0.0,0.0,
F1,15/05/11,00:00,Caen,Montpellier,2.0,0.0,H,1.0,0.0,H,16.0,15.0,8.0,6.0,3.0,5.0,23.0,20.0,0.0,0.0,0.0,0.0,
F1,15/05/11,00:00,Lorient,Marseille,2.0,2.0,D,0.0,1.0,A,8.0,21.0,3.0,6.0,5.0,3.0,9.0,16.0,0.0,0.0,0.0,0.0,
F1,15/05/11,00:00,Monaco,Lens,1.0,1.0,D,1.0,0.0,H,13.0,17.0,2.0,4.0,1.0,4.0,17.0,20.0,1.0,0.0,0.0,0.0,
F1,15/05/11,00:00,Nancy,Nice,3.0,0.0,H,1.0,0.0,H,15.0,4.0,6.0,0.0,4.0,1.0,11.0,18.0,1.0,1.0,0.0,1.0,
F1,15/05/11,00:00,St Etienne,Rennes,1.0,2.0,A,1.0,2.0,A,16.0,7.0,4.0,3.0,10.0,2.0,16.0,23.0,3.0,2.0,0.0,0.0,
F1,15/05/11,00:00,Valenciennes,Auxerre,1.0,1.0,D,0.0,0.0,D,17.0,13.0,4.0,5.0,6.0,6.0,9.0,13.0,0.0,3.0,0.0,0.0,
F1,16/05/11,00:00,Brest,Lyon,1.0,1.0,D,0.0,1.0,A,6.0,15.0,4.0,3.0,3.0,9.0,19.0,18.0,3.0,1.0,0.0,0.0,
F1,18/05/11,00:00,Bordeaux,Paris SG,1.0,0.0,H,1.0,0.0,H,20.0,21.0,7.0,8.0,4.0,13.0,23.0,16.0,1.0,0.0,0.0,0.0,
F1,18/05/11,00:00,Lille,Sochaux,1.0,0.0,H,0.0,0.0,D,19.0,7.0,10.0,1.0,6.0,6.0,8.0,8.0,0.0,2.0,0.0,0.0,
F1,21/05/11,00:00,Auxerre,Brest,0.0,1.0,A,0.0,0.0,D,22.0,11.0,7.0,5.0,10.0,4.0,12.0,13.0,2.0,2.0,0.0,0.0,
F1,21/05/11,00:00,Lens,Arles,0.0,1.0,A,0.0,1.0,A,24.0,12.0,7.0,5.0,11.0,8.0,15.0,19.0,0.0,0.0,0.0,0.0,
F1,21/05/11,00:00,Lyon,Caen,0.0,0.0,D,0.0,0.0,D,22.0,6.0,6.0,1.0,10.0,4.0,16.0,19.0,1.0,3.0,0.0,0.0,
F1,21/05/11,00:00,Marseille,Valenciennes,2.0,2.0,D,2.0,1.0,H,13.0,9.0,5.0,3.0,3.0,4.0,12.0,14.0,0.0,0.0,0.0,0.0,
F1,21/05/11,00:00,Montpellier,Monaco,0.0,1.0,A,0.0,0.0,D,14.0,7.0,4.0,3.0,10.0,4.0,21.0,14.0,3.0,1.0,0.0,0.0,
F1,21/05/11,00:00,Nice,Lorient,2.0,0.0,H,2.0,0.0,H,11.0,15.0,6.0,5.0,2.0,6.0,8.0,13.0,1.0,1.0,0.0,1.0,
F1,21/05/11,00:00,Paris SG,Lille,2.0,2.0,D,1.0,1.0,D,14.0,8.0,5.0,2.0,4.0,3.0,19.0,9.0,2.0,1.0,1.0,0.0,
F1,21/05/11,00:00,Rennes,Nancy,0.0,2.0,A,0.0,1.0,A,4.0,14.0,2.0,5.0,4.0,2.0,18.0,12.0,1.0,1.0,0.0,0.0,
F1,21/05/11,00:00,Sochaux,St Etienne,2.0,1.0,H,1.0,1.0,D,7.0,13.0,4.0,4.0,5.0,4.0,12.0,12.0,0.0,1.0,0.0,0.0,
F1,21/05/11,00:00,Toulouse,Bordeaux,2.0,0.0,H,1.0,0.0,H,11.0,13.0,6.0,2.0,8.0,4.0,24.0,16.0,1.0,3.0,0.0,0.0,
F1,29/05/11,00:00,Arles,Sochaux,1.0,3.0,A,1.0,1.0,D,14.0,10.0,3.0,5.0,6.0,5.0,10.0,12.0,2.0,2.0,0.0,0.0,
F1,29/05/11,00:00,Bordeaux,Montpellier,2.0,0.0,H,2.0,0.0,H,8.0,12.0,5.0,4.0,3.0,5.0,26.0,22.0,3.0,1.0,0.0,2.0,
F1,29/05/11,00:00,Brest,Toulouse,0.0,2.0,A,0.0,1.0,A,14.0,11.0,1.0,4.0,10.0,4.0,17.0,17.0,1.0,2.0,0.0,0.0,
F1,29/05/11,00:00,Caen,Marseille,2.0,2.0,D,2.0,0.0,H,6.0,18.0,3.0,9.0,1.0,7.0,11.0,14.0,1.0,1.0,0.0,0.0,
F1,29/05/11,00:00,Lille,Rennes,3.0,2.0,H,1.0,1.0,D,13.0,16.0,4.0,6.0,3.0,3.0,8.0,13.0,0.0,1.0,0.0,0.0,
F1,29/05/11,00:00,Lorient,Auxerre,1.0,2.0,A,1.0,1.0,D,12.0,8.0,2.0,3.0,4.0,4.0,5.0,8.0,0.0,1.0,0.0,0.0,
F1,29/05/11,00:00,Monaco,Lyon,0.0,2.0,A,0.0,0.0,D,8.0,12.0,3.0,3.0,5.0,4.0,13.0,18.0,0.0,1.0,0.0,0.0,
F1,29/05/11,00:00,Nancy,Lens,4.0,0.0,H,2.0,0.0,H,20.0,6.0,7.0,1.0,6.0,2.0,12.0,11.0,0.0,1.0,0.0,0.0,
F1,29/05/11,00:00,St Etienne,Paris SG,1.0,1.0,D,0.0,0.0,D,19.0,15.0,6.0,4.0,4.0,6.0,10.0,6.0,0.0,0.0,0.0,0.0,
F1,29/05/11,00:00,Valenciennes,Nice,2.0,1.0,H,0.0,0.0,D,11.0,12.0,4.0,4.0,7.0,2.0,12.0,16.0,0.0,2.0,0.0,0.0,
F1,06/08/11,00:00,Ajaccio,Toulouse,0.0,2.0,A,0.0,1.0,A,18.0,13.0,6.0,8.0,11.0,4.0,14.0,17.0,4.0,2.0,0.0,0.0,
F1,06/08/11,00:00,Brest,Evian Thonon Gaillard,2.0,2.0,D,2.0,2.0,D,23.0,9.0,7.0,3.0,11.0,8.0,12.0,15.0,2.0,2.0,0.0,0.0,
F1,06/08/11,00:00,Caen,Valenciennes,1.0,0.0,H,1.0,0.0,H,11.0,11.0,3.0,6.0,3.0,11.0,12.0,11.0,2.0,1.0,0.0,0.0,
F1,06/08/11,00:00,Marseille,Sochaux,2.0,2.0,D,1.0,0.0,H,27.0,8.0,8.0,3.0,4.0,5.0,15.0,13.0,1.0,3.0,0.0,0.0,
F1,06/08/11,00:00,Montpellier,Auxerre,3.0,1.0,H,1.0,1.0,D,13.0,18.0,4.0,8.0,4.0,5.0,16.0,22.0,0.0,1.0,0.0,0.0,
F1,06/08/11,00:00,Nancy,Lille,1.0,1.0,D,0.0,0.0,D,5.0,18.0,1.0,6.0,6.0,8.0,17.0,21.0,2.0,3.0,1.0,0.0,
F1,06/08/11,00:00,Nice,Lyon,1.0,3.0,A,1.0,2.0,A,12.0,22.0,4.0,9.0,12.0,9.0,18.0,13.0,2.0,1.0,0.0,0.0,
F1,06/08/11,00:00,Paris SG,Lorient,0.0,1.0,A,0.0,1.0,A,12.0,9.0,3.0,4.0,7.0,6.0,21.0,10.0,1.0,3.0,0.0,0.0,
F1,07/08/11,00:00,Bordeaux,St Etienne,1.0,2.0,A,0.0,2.0,A,12.0,12.0,5.0,2.0,3.0,4.0,16.0,19.0,1.0,4.0,0.0,0.0,
F1,07/08/11,00:00,Dijon,Rennes,1.0,5.0,A,1.0,2.0,A,18.0,15.0,5.0,7.0,9.0,3.0,18.0,16.0,3.0,2.0,0.0,0.0,
F1,13/08/11,00:00,Lorient,Bordeaux,1.0,1.0,D,0.0,0.0,D,11.0,11.0,5.0,6.0,5.0,10.0,13.0,15.0,1.0,1.0,0.0,1.0,
F1,13/08/11,00:00,Lyon,Ajaccio,1.0,1.0,D,0.0,0.0,D,25.0,7.0,8.0,2.0,13.0,1.0,15.0,17.0,1.0,3.0,0.0,0.0,
F1,13/08/11,00:00,Rennes,Paris SG,1.0,1.0,D,0.0,0.0,D,11.0,8.0,4.0,4.0,3.0,3.0,15.0,21.0,2.0,2.0,0.0,0.0,
F1,13/08/11,00:00,Sochaux,Caen,1.0,2.0,A,0.0,1.0,A,18.0,16.0,8.0,6.0,8.0,3.0,13.0,20.0,0.0,1.0,0.0,0.0,
F1,13/08/11,00:00,St Etienne,Nancy,1.0,0.0,H,0.0,0.0,D,16.0,5.0,4.0,2.0,9.0,2.0,11.0,17.0,2.0,1.0,0.0,0.0,
F1,13/08/11,00:00,Toulouse,Dijon,2.0,0.0,H,0.0,0.0,D,13.0,7.0,7.0,3.0,6.0,1.0,8.0,11.0,1.0,2.0,0.0,0.0,
F1,13/08/11,00:00,Valenciennes,Brest,0.0,0.0,D,0.0,0.0,D,12.0,7.0,6.0,6.0,7.0,4.0,17.0,16.0,1.0,1.0,0.0,0.0,
F1,14/08/11,00:00,Auxerre,Marseille,2.0,2.0,D,0.0,2.0,A,13.0,7.0,5.0,2.0,9.0,2.0,18.0,18.0,5.0,2.0,0.0,0.0,
F1,14/08/11,00:00,Evian Thonon Gaillard,Nice,1.0,0.0,H,0.0,0.0,D,13.0,12.0,4.0,3.0,2.0,5.0,14.0,13.0,3.0,1.0,0.0,0.0,
F1,14/08/11,00:00,Lille,Montpellier,0.0,1.0,A,0.0,0.0,D,20.0,9.0,6.0,3.0,7.0,0.0,10.0,22.0,3.0,2.0,0.0,0.0,
F1,20/08/11,00:00,Ajaccio,Evian Thonon Gaillard,1.0,1.0,D,1.0,0.0,H,7.0,18.0,2.0,3.0,1.0,9.0,22.0,18.0,4.0,3.0,0.0,0.0,
F1,20/08/11,00:00,Bordeaux,Auxerre,1.0,1.0,D,1.0,0.0,H,16.0,8.0,4.0,2.0,10.0,1.0,14.0,16.0,1.0,3.0,0.0,0.0,
F1,20/08/11,00:00,Brest,Lyon,1.0,1.0,D,1.0,0.0,H,12.0,8.0,6.0,2.0,5.0,8.0,16.0,17.0,2.0,2.0,0.0,1.0,
F1,20/08/11,00:00,Caen,Lille,1.0,2.0,A,0.0,0.0,D,6.0,19.0,2.0,10.0,0.0,7.0,18.0,17.0,1.0,2.0,0.0,0.0,
F1,20/08/11,00:00,Dijon,Lorient,2.0,0.0,H,1.0,0.0,H,6.0,23.0,2.0,6.0,1.0,14.0,19.0,15.0,2.0,4.0,1.0,0.0,
F1,20/08/11,00:00,Nice,Toulouse,1.0,1.0,D,1.0,0.0,H,12.0,8.0,3.0,3.0,3.0,1.0,14.0,16.0,3.0,2.0,0.0,1.0,
F1,21/08/11,00:00,Marseille,St Etienne,0.0,0.0,D,0.0,0.0,D,18.0,4.0,4.0,1.0,9.0,3.0,11.0,17.0,1.0,3.0,0.0,1.0,
F1,21/08/11,00:00,Montpellier,Rennes,4.0,0.0,H,1.0,0.0,H,13.0,7.0,7.0,1.0,4.0,1.0,21.0,14.0,4.0,3.0,0.0,0.0,
F1,21/08/11,00:00,Nancy,Sochaux,1.0,2.0,A,0.0,0.0,D,12.0,8.0,4.0,3.0,4.0,4.0,18.0,17.0,2.0,1.0,0.0,1.0,
F1,21/08/11,00:00,Paris SG,Valenciennes,2.0,1.0,H,1.0,1.0,D,16.0,10.0,4.0,4.0,3.0,0.0,10.0,14.0,0.0,2.0,0.0,0.0,
F1,27/08/11,00:00,Auxerre,Ajaccio,4.0,1.0,H,1.0,0.0,H,22.0,4.0,9.0,1.0,10.0,2.0,5.0,15.0,1.0,4.0,0.0,0.0,
F1,27/08/11,00:00,Evian Thonon Gaillard,Dijon,0.0,1.0,A,0.0,0.0,D,14.0,8.0,5.0,4.0,5.0,4.0,16.0,18.0,2.0,2.0,0.0,0.0,
F1,27/08/11,00:00,Lorient,Nancy,2.0,1.0,H,0.0,1.0,A,20.0,8.0,7.0,2.0,10.0,1.0,10.0,17.0,3.0,2.0,0.0,0.0,
F1,27/08/11,00:00,Lyon,Montpellier,2.0,1.0,H,0.0,0.0,D,11.0,18.0,4.0,8.0,5.0,7.0,14.0,13.0,4.0,3.0,0.0,1.0,
F1,27/08/11,00:00,Nice,Brest,0.0,0.0,D,0.0,0.0,D,12.0,14.0,3.0,5.0,7.0,3.0,14.0,18.0,0.0,3.0,0.0,0.0,
F1,27/08/11,00:00,Valenciennes,Bordeaux,1.0,2.0,A,1.0,0.0,H,11.0,10.0,3.0,5.0,4.0,4.0,22.0,17.0,2.0,3.0,0.0,0.0,
F1,28/08/11,00:00,Lille,Marseille,3.0,2.0,H,1.0,0.0,H,6.0,18.0,5.0,4.0,5.0,6.0,17.0,15.0,2.0,4.0,0.0,0.0,
F1,28/08/11,00:00,Rennes,Caen,3.0,2.0,H,3.0,0.0,H,19.0,16.0,8.0,8.0,5.0,10.0,18.0,18.0,1.0,1.0,0.0,0.0,
F1,28/08/11,00:00,Sochaux,St Etienne,2.0,1.0,H,2.0,1.0,H,12.0,7.0,5.0,1.0,4.0,5.0,17.0,16.0,2.0,3.0,0.0,1.0,
F1,28/08/11,00:00,Toulouse,Paris SG,1.0,3.0,A,1.0,0.0,H,11.0,12.0,2.0,5.0,5.0,3.0,17.0,14.0,2.0,0.0,0.0,0.0,
F1,10/09/11,00:00,Ajaccio,Valenciennes,3.0,1.0,H,0.0,1.0,A,15.0,19.0,9.0,6.0,3.0,7.0,13.0,16.0,1.0,2.0,0.0,0.0,
F1,10/09/11,00:00,Bordeaux,Evian Thonon Gaillard,0.0,0.0,D,0.0,0.0,D,16.0,7.0,4.0,3.0,5.0,3.0,19.0,18.0,2.0,3.0,0.0,0.0,
F1,10/09/11,00:00,Caen,Toulouse,0.0,1.0,A,0.0,0.0,D,9.0,17.0,0.0,6.0,6.0,5.0,15.0,17.0,1.0,2.0,0.0,0.0,
F1,10/09/11,00:00,Dijon,Lyon,1.0,2.0,A,1.0,1.0,D,7.0,18.0,4.0,4.0,7.0,5.0,11.0,17.0,1.0,1.0,0.0,0.0,
F1,10/09/11,00:00,Marseille,Rennes,0.0,1.0,A,0.0,0.0,D,22.0,7.0,8.0,3.0,13.0,6.0,8.0,17.0,2.0,4.0,0.0,0.0,
F1,10/09/11,00:00,Sochaux,Lorient,1.0,1.0,D,1.0,0.0,H,11.0,8.0,2.0,2.0,1.0,6.0,6.0,16.0,3.0,3.0,0.0,0.0,
F1,10/09/11,00:00,St Etienne,Lille,1.0,3.0,A,1.0,0.0,H,4.0,10.0,0.0,5.0,3.0,2.0,15.0,13.0,2.0,4.0,1.0,0.0,
F1,11/09/11,00:00,Montpellier,Nice,1.0,0.0,H,0.0,0.0,D,23.0,13.0,4.0,1.0,2.0,6.0,8.0,13.0,2.0,2.0,0.0,0.0,
F1,11/09/11,00:00,Nancy,Auxerre,0.0,0.0,D,0.0,0.0,D,15.0,13.0,8.0,4.0,1.0,6.0,7.0,16.0,0.0,3.0,0.0,0.0,
F1,11/09/11,00:00,Paris SG,Brest,1.0,0.0,H,0.0,0.0,D,12.0,15.0,3.0,1.0,4.0,6.0,14.0,20.0,3.0,3.0,0.0,0.0,
F1,17/09/11,00:00,Auxerre,Caen,1.0,1.0,D,1.0,1.0,D,10.0,10.0,2.0,6.0,4.0,6.0,22.0,15.0,3.0,3.0,0.0,0.0,
F1,17/09/11,00:00,Brest,Montpellier,2.0,2.0,D,0.0,2.0,A,12.0,13.0,5.0,7.0,4.0,2.0,23.0,26.0,3.0,3.0,1.0,0.0,
F1,17/09/11,00:00,Lille,Sochaux,2.0,2.0,D,0.0,0.0,D,14.0,9.0,4.0,4.0,9.0,3.0,9.0,16.0,1.0,3.0,1.0,0.0,
F1,17/09/11,00:00,Lorient,St Etienne,3.0,0.0,H,1.0,0.0,H,7.0,15.0,6.0,3.0,6.0,9.0,11.0,13.0,1.0,2.0,0.0,0.0,
F1,17/09/11,00:00,Nice,Ajaccio,3.0,0.0,H,1.0,0.0,H,23.0,6.0,6.0,2.0,6.0,2.0,18.0,13.0,4.0,2.0,0.0,1.0,
F1,17/09/11,00:00,Toulouse,Bordeaux,3.0,2.0,H,0.0,2.0,A,23.0,8.0,8.0,3.0,6.0,1.0,24.0,22.0,3.0,1.0,0.0,1.0,
F1,17/09/11,00:00,Valenciennes,Dijon,4.0,0.0,H,0.0,0.0,D,14.0,8.0,9.0,2.0,5.0,4.0,21.0,16.0,3.0,2.0,0.0,1.0,
F1,18/09/11,00:00,Evian Thonon Gaillard,Paris SG,2.0,2.0,D,2.0,1.0,H,17.0,15.0,5.0,7.0,4.0,8.0,25.0,11.0,4.0,1.0,0.0,0.0,
F1,18/09/11,00:00,Lyon,Marseille,2.0,0.0,H,2.0,0.0,H,10.0,6.0,5.0,3.0,3.0,5.0,,,0.0,3.0,0.0,0.0,
F1,18/09/11,00:00,Rennes,Nancy,1.0,1.0,D,1.0,0.0,H,15.0,10.0,4.0,2.0,6.0,2.0,10.0,20.0,3.0,4.0,0.0,0.0,
F1,20/09/11,00:00,Bordeaux,Lille,1.0,1.0,D,1.0,0.0,H,13.0,11.0,4.0,5.0,3.0,8.0,27.0,22.0,3.0,3.0,0.0,0.0,
F1,21/09/11,00:00,Ajaccio,Montpellier,1.0,3.0,A,0.0,3.0,A,16.0,7.0,5.0,3.0,10.0,2.0,18.0,18.0,3.0,3.0,0.0,1.0,
F1,21/09/11,00:00,Caen,Lyon,1.0,0.0,H,1.0,0.0,H,9.0,11.0,1.0,2.0,6.0,3.0,18.0,10.0,1.0,0.0,1.0,1.0,
F1,21/09/11,00:00,Dijon,Brest,1.0,0.0,H,1.0,0.0,H,20.0,11.0,4.0,2.0,9.0,3.0,16.0,14.0,2.0,2.0,0.0,1.0,
F1,21/09/11,00:00,Lorient,Auxerre,1.0,1.0,D,1.0,0.0,H,9.0,12.0,3.0,6.0,5.0,1.0,6.0,18.0,2.0,3.0,0.0,0.0,
F1,21/09/11,00:00,Marseille,Evian Thonon Gaillard,2.0,0.0,H,1.0,0.0,H,25.0,5.0,10.0,1.0,5.0,1.0,18.0,21.0,3.0,3.0,0.0,1.0,
F1,21/09/11,00:00,Nancy,Valenciennes,1.0,1.0,D,1.0,0.0,H,5.0,13.0,1.0,3.0,1.0,9.0,15.0,22.0,1.0,1.0,0.0,1.0,
F1,21/09/11,00:00,Paris SG,Nice,2.0,1.0,H,1.0,0.0,H,12.0,12.0,6.0,6.0,6.0,5.0,15.0,13.0,2.0,2.0,1.0,1.0,
F1,21/09/11,00:00,Sochaux,Rennes,2.0,6.0,A,2.0,2.0,D,8.0,19.0,4.0,9.0,7.0,2.0,12.0,16.0,1.0,2.0,0.0,0.0,
F1,21/09/11,00:00,St Etienne,Toulouse,1.0,1.0,D,0.0,1.0,A,14.0,5.0,3.0,2.0,7.0,0.0,10.0,18.0,2.0,2.0,0.0,0.0,
F1,24/09/11,00:00,Evian Thonon Gaillard,Caen,2.0,4.0,A,2.0,2.0,D,15.0,9.0,4.0,6.0,4.0,2.0,14.0,13.0,3.0,1.0,1.0,1.0,
F1,24/09/11,00:00,Lille,Lorient,1.0,1.0,D,1.0,0.0,H,10.0,7.0,2.0,1.0,5.0,3.0,8.0,17.0,2.0,1.0,0.0,0.0,
F1,24/09/11,00:00,Lyon,Bordeaux,3.0,1.0,H,2.0,0.0,H,13.0,12.0,8.0,1.0,2.0,6.0,18.0,17.0,2.0,2.0,0.0,0.0,
F1,24/09/11,00:00,Montpellier,Paris SG,0.0,3.0,A,0.0,2.0,A,21.0,13.0,7.0,6.0,5.0,3.0,10.0,17.0,1.0,4.0,0.0,0.0,
F1,24/09/11,00:00,Nice,Dijon,1.0,1.0,D,0.0,1.0,A,22.0,9.0,4.0,2.0,8.0,2.0,19.0,15.0,1.0,1.0,0.0,0.0,
F1,24/09/11,00:00,Toulouse,Nancy,1.0,0.0,H,0.0,0.0,D,12.0,6.0,4.0,3.0,5.0,2.0,15.0,19.0,1.0,3.0,0.0,0.0,
F1,24/09/11,00:00,Valenciennes,Marseille,1.0,1.0,D,0.0,1.0,A,18.0,4.0,8.0,2.0,6.0,2.0,13.0,17.0,2.0,4.0,0.0,1.0,
F1,25/09/11,00:00,Auxerre,Sochaux,4.0,1.0,H,0.0,1.0,A,16.0,10.0,9.0,3.0,7.0,5.0,15.0,8.0,1.0,0.0,0.0,0.0,
F1,25/09/11,00:00,Brest,Ajaccio,1.0,1.0,D,0.0,0.0,D,16.0,8.0,4.0,3.0,7.0,4.0,18.0,17.0,2.0,3.0,0.0,0.0,
F1,25/09/11,00:00,Rennes,St Etienne,1.0,1.0,D,1.0,0.0,H,14.0,10.0,5.0,4.0,5.0,9.0,10.0,18.0,2.0,2.0,0.0,0.0,
F1,01/10/11,00:00,Bordeaux,Montpellier,2.0,2.0,D,1.0,0.0,H,7.0,16.0,2.0,4.0,4.0,6.0,17.0,16.0,2.0,3.0,1.0,1.0,
F1,01/10/11,00:00,Caen,Nice,1.0,1.0,D,0.0,0.0,D,8.0,15.0,3.0,6.0,4.0,4.0,12.0,15.0,2.0,3.0,0.0,0.0,
F1,01/10/11,00:00,Dijon,Ajaccio,1.0,1.0,D,1.0,1.0,D,20.0,5.0,6.0,3.0,15.0,3.0,18.0,15.0,1.0,2.0,0.0,1.0,
F1,01/10/11,00:00,Lorient,Valenciennes,2.0,0.0,H,1.0,0.0,H,18.0,16.0,7.0,3.0,8.0,4.0,13.0,16.0,3.0,4.0,0.0,0.0,
F1,01/10/11,00:00,Nancy,Evian Thonon Gaillard,1.0,1.0,D,0.0,0.0,D,14.0,8.0,6.0,3.0,7.0,2.0,17.0,16.0,1.0,2.0,0.0,0.0,
F1,01/10/11,00:00,Sochaux,Toulouse,3.0,0.0,H,1.0,0.0,H,7.0,9.0,3.0,2.0,4.0,5.0,11.0,18.0,0.0,2.0,0.0,0.0,
F1,01/10/11,00:00,St Etienne,Auxerre,1.0,1.0,D,1.0,1.0,D,19.0,9.0,6.0,3.0,15.0,3.0,10.0,16.0,0.0,0.0,0.0,0.0,
F1,02/10/11,00:00,Lille,Rennes,2.0,0.0,H,2.0,0.0,H,10.0,11.0,4.0,4.0,5.0,4.0,17.0,24.0,2.0,3.0,0.0,0.0,
F1,02/10/11,00:00,Marseille,Brest,1.0,1.0,D,1.0,1.0,D,14.0,10.0,2.0,3.0,6.0,6.0,13.0,21.0,1.0,1.0,0.0,0.0,
F1,02/10/11,00:00,Paris SG,Lyon,2.0,0.0,H,0.0,0.0,D,17.0,11.0,7.0,2.0,9.0,6.0,16.0,25.0,2.0,4.0,0.0,0.0,
F1,15/10/11,00:00,Auxerre,Lille,1.0,3.0,A,1.0,0.0,H,8.0,13.0,2.0,8.0,5.0,4.0,20.0,11.0,3.0,1.0,0.0,0.0,
F1,15/10/11,00:00,Brest,Caen,1.0,1.0,D,1.0,0.0,H,11.0,10.0,4.0,3.0,8.0,2.0,18.0,14.0,0.0,0.0,0.0,0.0,
F1,15/10/11,00:00,Evian Thonon Gaillard,St Etienne,1.0,2.0,A,0.0,0.0,D,12.0,13.0,5.0,5.0,8.0,9.0,13.0,14.0,2.0,4.0,0.0,0.0,
F1,15/10/11,00:00,Lyon,Nancy,3.0,1.0,H,3.0,0.0,H,10.0,14.0,5.0,6.0,4.0,5.0,15.0,16.0,2.0,3.0,0.0,0.0,
F1,15/10/11,00:00,Montpellier,Dijon,5.0,3.0,H,1.0,2.0,A,22.0,15.0,8.0,8.0,5.0,7.0,23.0,12.0,2.0,2.0,0.0,0.0,
F1,15/10/11,00:00,Nice,Bordeaux,3.0,0.0,H,2.0,0.0,H,16.0,16.0,6.0,3.0,2.0,7.0,18.0,14.0,0.0,2.0,0.0,0.0,
F1,15/10/11,00:00,Toulouse,Marseille,0.0,0.0,D,0.0,0.0,D,9.0,10.0,1.0,4.0,4.0,4.0,19.0,23.0,2.0,3.0,1.0,1.0,
F1,16/10/11,00:00,Ajaccio,Paris SG,1.0,3.0,A,1.0,1.0,D,14.0,21.0,4.0,10.0,3.0,8.0,12.0,14.0,3.0,1.0,0.0,0.0,
F1,16/10/11,00:00,Rennes,Lorient,2.0,0.0,H,1.0,0.0,H,12.0,6.0,7.0,1.0,3.0,4.0,16.0,13.0,1.0,2.0,0.0,0.0,
F1,16/10/11,00:00,Valenciennes,Sochaux,3.0,0.0,H,1.0,0.0,H,18.0,6.0,4.0,3.0,5.0,3.0,18.0,17.0,0.0,0.0,0.0,0.0,
F1,22/10/11,00:00,Bordeaux,Brest,1.0,1.0,D,0.0,0.0,D,17.0,5.0,6.0,1.0,12.0,0.0,16.0,21.0,1.0,2.0,0.0,0.0,
F1,22/10/11,00:00,Caen,Montpellier,1.0,3.0,A,0.0,2.0,A,12.0,7.0,3.0,4.0,3.0,5.0,16.0,12.0,2.0,2.0,1.0,1.0,
F1,22/10/11,00:00,Lorient,Toulouse,0.0,0.0,D,0.0,0.0,D,12.0,8.0,7.0,2.0,6.0,3.0,11.0,22.0,1.0,2.0,0.0,1.0,
F1,22/10/11,00:00,Marseille,Ajaccio,2.0,0.0,H,1.0,0.0,H,36.0,7.0,15.0,3.0,15.0,2.0,21.0,20.0,2.0,2.0,0.0,0.0,
F1,22/10/11,00:00,Nancy,Nice,1.0,0.0,H,0.0,0.0,D,14.0,10.0,2.0,2.0,6.0,8.0,21.0,23.0,3.0,2.0,0.0,0.0,
F1,22/10/11,00:00,Sochaux,Evian Thonon Gaillard,1.0,1.0,D,0.0,0.0,D,13.0,13.0,6.0,3.0,6.0,4.0,13.0,21.0,1.0,2.0,0.0,0.0,
F1,22/10/11,00:00,St Etienne,Valenciennes,1.0,0.0,H,0.0,0.0,D,10.0,15.0,3.0,3.0,3.0,4.0,16.0,19.0,2.0,3.0,0.0,0.0,
F1,23/10/11,00:00,Auxerre,Rennes,0.0,1.0,A,0.0,0.0,D,17.0,10.0,3.0,3.0,2.0,0.0,17.0,17.0,1.0,1.0,0.0,0.0,
F1,23/10/11,00:00,Lille,Lyon,3.0,1.0,H,1.0,1.0,D,16.0,14.0,9.0,3.0,14.0,4.0,14.0,16.0,2.0,2.0,0.0,0.0,
F1,23/10/11,00:00,Paris SG,Dijon,2.0,0.0,H,1.0,0.0,H,11.0,11.0,4.0,2.0,6.0,4.0,16.0,19.0,1.0,3.0,0.0,0.0,
F1,29/10/11,00:00,Ajaccio,Bordeaux,0.0,2.0,A,0.0,2.0,A,6.0,13.0,1.0,5.0,2.0,7.0,22.0,15.0,2.0,0.0,0.0,0.0,
F1,29/10/11,00:00,Brest,Lorient,3.0,1.0,H,3.0,0.0,H,16.0,14.0,5.0,8.0,4.0,9.0,18.0,15.0,3.0,4.0,0.0,0.0,
F1,29/10/11,00:00,Dijon,Marseille,2.0,3.0,A,0.0,2.0,A,14.0,20.0,7.0,11.0,3.0,7.0,11.0,17.0,2.0,3.0,0.0,0.0,
F1,29/10/11,00:00,Evian Thonon Gaillard,Auxerre,3.0,1.0,H,2.0,0.0,H,15.0,19.0,8.0,7.0,4.0,4.0,13.0,17.0,2.0,5.0,0.0,0.0,
F1,29/10/11,00:00,Lyon,St Etienne,2.0,0.0,H,0.0,0.0,D,15.0,11.0,5.0,2.0,11.0,10.0,13.0,19.0,0.0,2.0,1.0,0.0,
F1,29/10/11,00:00,Montpellier,Nancy,2.0,0.0,H,0.0,0.0,D,15.0,11.0,6.0,2.0,3.0,0.0,18.0,18.0,0.0,1.0,0.0,0.0,
F1,29/10/11,00:00,Paris SG,Caen,4.0,2.0,H,1.0,1.0,D,23.0,14.0,9.0,6.0,12.0,4.0,17.0,11.0,2.0,4.0,0.0,1.0,
F1,30/10/11,00:00,Nice,Sochaux,1.0,1.0,D,1.0,1.0,D,16.0,13.0,5.0,2.0,6.0,3.0,12.0,23.0,5.0,4.0,1.0,0.0,
F1,30/10/11,00:00,Toulouse,Rennes,1.0,0.0,H,1.0,0.0,H,5.0,14.0,2.0,6.0,1.0,4.0,22.0,13.0,1.0,1.0,1.0,0.0,
F1,30/10/11,00:00,Valenciennes,Lille,0.0,0.0,D,0.0,0.0,D,18.0,11.0,5.0,4.0,6.0,5.0,20.0,12.0,1.0,1.0,0.0,0.0,
F1,05/11/11,00:00,Lille,Evian Thonon Gaillard,1.0,1.0,D,0.0,1.0,A,11.0,6.0,5.0,1.0,8.0,2.0,18.0,17.0,1.0,4.0,0.0,0.0,
F1,06/11/11,00:00,Auxerre,Toulouse,2.0,0.0,H,0.0,0.0,D,7.0,10.0,7.0,2.0,1.0,4.0,13.0,11.0,2.0,1.0,0.0,0.0,
F1,06/11/11,00:00,Bordeaux,Paris SG,1.0,1.0,D,1.0,1.0,D,6.0,7.0,3.0,3.0,4.0,6.0,11.0,20.0,1.0,3.0,0.0,0.0,
F1,06/11/11,00:00,Caen,Dijon,3.0,0.0,H,1.0,0.0,H,19.0,15.0,5.0,4.0,3.0,8.0,16.0,12.0,1.0,2.0,0.0,0.0,
F1,06/11/11,00:00,Lorient,Ajaccio,2.0,0.0,H,0.0,0.0,D,23.0,5.0,6.0,1.0,12.0,1.0,6.0,18.0,1.0,2.0,0.0,0.0,
F1,06/11/11,00:00,Marseille,Nice,2.0,0.0,H,0.0,0.0,D,17.0,9.0,8.0,2.0,3.0,4.0,6.0,17.0,1.0,4.0,0.0,0.0,
F1,06/11/11,00:00,Nancy,Brest,2.0,1.0,H,0.0,0.0,D,14.0,7.0,8.0,3.0,3.0,5.0,20.0,20.0,1.0,2.0,0.0,0.0,
F1,06/11/11,00:00,Rennes,Valenciennes,1.0,1.0,D,1.0,1.0,D,13.0,10.0,3.0,2.0,5.0,8.0,19.0,20.0,3.0,4.0,0.0,0.0,
F1,06/11/11,00:00,Sochaux,Lyon,2.0,1.0,H,2.0,1.0,H,13.0,10.0,3.0,4.0,3.0,9.0,17.0,21.0,2.0,2.0,0.0,0.0,
F1,06/11/11,00:00,St Etienne,Montpellier,1.0,1.0,D,1.0,0.0,H,10.0,14.0,3.0,4.0,5.0,4.0,20.0,16.0,2.0,1.0,0.0,0.0,
F1,18/11/11,00:00,Lyon,Rennes,1.0,2.0,A,1.0,1.0,D,13.0,14.0,5.0,4.0,4.0,8.0,16.0,14.0,3.0,3.0,0.0,0.0,
F1,18/11/11,00:00,Toulouse,Lille,0.0,0.0,D,0.0,0.0,D,12.0,14.0,2.0,5.0,6.0,5.0,24.0,18.0,2.0,1.0,0.0,0.0,
F1,19/11/11,00:00,Ajaccio,Caen,2.0,2.0,D,0.0,0.0,D,14.0,12.0,3.0,4.0,8.0,5.0,19.0,21.0,4.0,2.0,0.0,0.0,
F1,19/11/11,00:00,Dijon,Bordeaux,2.0,0.0,H,0.0,0.0,D,8.0,16.0,3.0,5.0,8.0,6.0,21.0,15.0,1.0,2.0,1.0,0.0,
F1,19/11/11,00:00,Evian Thonon Gaillard,Lorient,2.0,1.0,H,1.0,0.0,H,8.0,15.0,3.0,5.0,2.0,5.0,22.0,7.0,3.0,2.0,0.0,0.0,
F1,19/11/11,00:00,Montpellier,Marseille,1.0,0.0,H,0.0,0.0,D,6.0,10.0,1.0,0.0,3.0,6.0,14.0,15.0,3.0,2.0,0.0,0.0,
F1,19/11/11,00:00,Nice,St Etienne,0.0,2.0,A,0.0,2.0,A,13.0,7.0,6.0,2.0,5.0,11.0,14.0,14.0,3.0,3.0,3.0,0.0,
F1,20/11/11,00:00,Brest,Sochaux,2.0,0.0,H,0.0,0.0,D,11.0,6.0,5.0,2.0,6.0,3.0,17.0,21.0,2.0,3.0,0.0,1.0,
F1,20/11/11,00:00,Paris SG,Nancy,0.0,1.0,A,0.0,0.0,D,27.0,8.0,7.0,7.0,9.0,1.0,13.0,21.0,2.0,2.0,0.0,0.0,
F1,20/11/11,00:00,Valenciennes,Auxerre,2.0,1.0,H,0.0,1.0,A,19.0,4.0,8.0,1.0,9.0,3.0,13.0,4.0,2.0,0.0,0.0,0.0,
F1,26/11/11,00:00,Bordeaux,Caen,2.0,0.0,H,0.0,0.0,D,17.0,7.0,4.0,1.0,3.0,2.0,15.0,20.0,1.0,2.0,0.0,0.0,
F1,26/11/11,00:00,Lille,Brest,2.0,0.0,H,1.0,0.0,H,12.0,15.0,5.0,3.0,4.0,8.0,20.0,24.0,1.0,2.0,0.0,0.0,
F1,26/11/11,00:00,Nancy,Dijon,1.0,2.0,A,1.0,1.0,D,14.0,12.0,4.0,2.0,1.0,4.0,14.0,17.0,1.0,4.0,0.0,0.0,
F1,26/11/11,00:00,Rennes,Evian Thonon Gaillard,3.0,2.0,H,1.0,2.0,A,23.0,9.0,8.0,6.0,3.0,2.0,10.0,19.0,2.0,3.0,1.0,0.0,
F1,26/11/11,00:00,Sochaux,Montpellier,1.0,3.0,A,0.0,0.0,D,10.0,16.0,3.0,7.0,7.0,3.0,14.0,19.0,0.0,0.0,0.0,0.0,
F1,26/11/11,00:00,St Etienne,Ajaccio,3.0,1.0,H,2.0,0.0,H,25.0,2.0,9.0,1.0,11.0,1.0,10.0,15.0,0.0,1.0,0.0,1.0,
F1,26/11/11,00:00,Toulouse,Valenciennes,2.0,0.0,H,1.0,0.0,H,14.0,8.0,5.0,0.0,6.0,6.0,16.0,18.0,1.0,1.0,0.0,0.0,
F1,27/11/11,00:00,Auxerre,Lyon,0.0,3.0,A,0.0,1.0,A,11.0,10.0,3.0,6.0,7.0,4.0,16.0,22.0,2.0,1.0,0.0,0.0,
F1,27/11/11,00:00,Lorient,Nice,1.0,0.0,H,0.0,0.0,D,10.0,13.0,3.0,5.0,6.0,9.0,7.0,23.0,1.0,3.0,0.0,0.0,
F1,27/11/11,00:00,Marseille,Paris SG,3.0,0.0,H,1.0,0.0,H,12.0,10.0,4.0,0.0,8.0,5.0,16.0,23.0,3.0,2.0,0.0,0.0,
F1,02/12/11,00:00,Caen,Marseille,1.0,2.0,A,1.0,1.0,D,9.0,17.0,2.0,7.0,9.0,9.0,23.0,11.0,2.0,2.0,0.0,0.0,
F1,03/12/11,00:00,Ajaccio,Lille,2.0,3.0,A,2.0,2.0,D,8.0,15.0,2.0,7.0,2.0,7.0,18.0,12.0,3.0,2.0,0.0,0.0,
F1,03/12/11,00:00,Brest,St Etienne,2.0,2.0,D,2.0,1.0,H,11.0,14.0,4.0,3.0,2.0,5.0,13.0,11.0,3.0,1.0,0.0,0.0,
F1,03/12/11,00:00,Dijon,Sochaux,0.0,0.0,D,0.0,0.0,D,16.0,7.0,3.0,2.0,3.0,5.0,9.0,13.0,3.0,1.0,0.0,1.0,
F1,03/12/11,00:00,Evian Thonon Gaillard,Valenciennes,2.0,1.0,H,2.0,0.0,H,18.0,10.0,5.0,4.0,4.0,5.0,11.0,13.0,0.0,1.0,0.0,1.0,
F1,03/12/11,00:00,Montpellier,Lorient,4.0,0.0,H,1.0,0.0,H,12.0,8.0,6.0,1.0,4.0,3.0,13.0,15.0,0.0,1.0,0.0,0.0,
F1,03/12/11,00:00,Nice,Rennes,2.0,0.0,H,2.0,0.0,H,13.0,6.0,4.0,0.0,7.0,2.0,22.0,9.0,1.0,1.0,0.0,1.0,
F1,04/12/11,00:00,Bordeaux,Nancy,2.0,0.0,H,1.0,0.0,H,15.0,7.0,6.0,3.0,5.0,2.0,21.0,18.0,0.0,0.0,0.0,0.0,
F1,04/12/11,00:00,Lyon,Toulouse,3.0,2.0,H,1.0,0.0,H,16.0,14.0,8.0,5.0,4.0,5.0,18.0,16.0,2.0,2.0,0.0,0.0,
F1,04/12/11,00:00,Paris SG,Auxerre,3.0,2.0,H,0.0,0.0,D,15.0,8.0,4.0,4.0,10.0,2.0,14.0,14.0,2.0,3.0,0.0,0.0,
F1,10/12/11,00:00,Marseille,Bordeaux,0.0,0.0,D,0.0,0.0,D,17.0,5.0,4.0,2.0,3.0,1.0,10.0,16.0,3.0,3.0,0.0,0.0,
F1,10/12/11,00:00,Nancy,Ajaccio,2.0,2.0,D,1.0,1.0,D,21.0,7.0,6.0,3.0,8.0,6.0,14.0,15.0,1.0,2.0,0.0,0.0,
F1,10/12/11,00:00,Rennes,Brest,1.0,1.0,D,1.0,1.0,D,16.0,10.0,5.0,2.0,6.0,4.0,14.0,20.0,1.0,1.0,0.0,0.0,
F1,10/12/11,00:00,Sochaux,Paris SG,0.0,1.0,A,0.0,1.0,A,5.0,20.0,2.0,8.0,3.0,5.0,14.0,14.0,1.0,3.0,0.0,0.0,
F1,10/12/11,00:00,St Etienne,Caen,2.0,0.0,H,1.0,0.0,H,23.0,6.0,10.0,0.0,7.0,7.0,17.0,18.0,1.0,1.0,0.0,1.0,
F1,10/12/11,00:00,Toulouse,Evian Thonon Gaillard,2.0,1.0,H,1.0,0.0,H,21.0,6.0,6.0,3.0,7.0,0.0,14.0,15.0,2.0,2.0,0.0,0.0,
F1,10/12/11,00:00,Valenciennes,Montpellier,1.0,0.0,H,0.0,0.0,D,13.0,10.0,6.0,3.0,4.0,4.0,9.0,18.0,2.0,2.0,0.0,0.0,
F1,11/12/11,00:00,Auxerre,Nice,2.0,1.0,H,1.0,1.0,D,15.0,9.0,9.0,3.0,4.0,5.0,15.0,15.0,2.0,2.0,0.0,0.0,
F1,11/12/11,00:00,Lille,Dijon,2.0,0.0,H,1.0,0.0,H,15.0,11.0,5.0,4.0,3.0,4.0,15.0,11.0,2.0,1.0,0.0,0.0,
F1,11/12/11,00:00,Lorient,Lyon,0.0,1.0,A,0.0,0.0,D,8.0,13.0,2.0,2.0,4.0,7.0,15.0,17.0,2.0,2.0,0.0,0.0,
F1,17/12/11,00:00,Brest,Auxerre,1.0,0.0,H,1.0,0.0,H,18.0,10.0,7.0,1.0,1.0,8.0,15.0,12.0,1.0,1.0,0.0,1.0,
F1,17/12/11,00:00,Caen,Nancy,1.0,2.0,A,0.0,1.0,A,9.0,9.0,1.0,3.0,8.0,1.0,,,2.0,5.0,0.0,0.0,
F1,17/12/11,00:00,Dijon,St Etienne,1.0,2.0,A,0.0,1.0,A,7.0,10.0,5.0,7.0,9.0,2.0,10.0,17.0,3.0,1.0,0.0,0.0,
F1,17/12/11,00:00,Lyon,Evian Thonon Gaillard,2.0,1.0,H,1.0,1.0,D,19.0,7.0,9.0,4.0,8.0,4.0,14.0,15.0,2.0,2.0,1.0,1.0,
F1,17/12/11,00:00,Marseille,Lorient,2.0,1.0,H,0.0,0.0,D,15.0,3.0,5.0,2.0,6.0,4.0,16.0,11.0,1.0,2.0,0.0,2.0,
F1,17/12/11,00:00,Montpellier,Toulouse,1.0,1.0,D,1.0,1.0,D,21.0,6.0,7.0,1.0,3.0,3.0,16.0,24.0,4.0,2.0,0.0,1.0,
F1,17/12/11,00:00,Nice,Valenciennes,2.0,0.0,H,0.0,0.0,D,11.0,8.0,6.0,3.0,8.0,3.0,9.0,17.0,1.0,2.0,0.0,0.0,
F1,18/12/11,00:00,Ajaccio,Rennes,1.0,0.0,H,0.0,0.0,D,7.0,12.0,5.0,3.0,8.0,3.0,20.0,15.0,2.0,3.0,0.0,0.0,
F1,18/12/11,00:00,Bordeaux,Sochaux,1.0,0.0,H,1.0,0.0,H,10.0,6.0,5.0,2.0,5.0,1.0,21.0,16.0,0.0,1.0,0.0,0.0,
F1,18/12/11,00:00,Paris SG,Lille,0.0,0.0,D,0.0,0.0,D,11.0,13.0,2.0,3.0,3.0,5.0,20.0,16.0,3.0,1.0,0.0,0.0,
F1,20/12/11,00:00,Nancy,Marseille,1.0,3.0,A,1.0,2.0,A,7.0,14.0,2.0,3.0,7.0,5.0,22.0,17.0,3.0,2.0,0.0,0.0,
F1,21/12/11,00:00,Auxerre,Dijon,2.0,2.0,D,0.0,2.0,A,30.0,6.0,7.0,2.0,13.0,3.0,18.0,14.0,3.0,2.0,0.0,0.0,
F1,21/12/11,00:00,Evian Thonon Gaillard,Montpellier,4.0,2.0,H,0.0,0.0,D,15.0,11.0,8.0,7.0,6.0,6.0,16.0,20.0,2.0,2.0,0.0,0.0,
F1,21/12/11,00:00,Lille,Nice,4.0,4.0,D,2.0,3.0,A,29.0,14.0,12.0,6.0,9.0,7.0,10.0,16.0,1.0,2.0,0.0,1.0,
F1,21/12/11,00:00,Lorient,Caen,0.0,0.0,D,0.0,0.0,D,15.0,5.0,4.0,2.0,9.0,8.0,11.0,23.0,0.0,3.0,0.0,0.0,
F1,21/12/11,00:00,Rennes,Bordeaux,1.0,0.0,H,0.0,0.0,D,14.0,7.0,8.0,0.0,6.0,6.0,16.0,12.0,2.0,1.0,0.0,0.0,
F1,21/12/11,00:00,Sochaux,Ajaccio,0.0,2.0,A,0.0,0.0,D,20.0,8.0,3.0,4.0,16.0,3.0,19.0,14.0,1.0,3.0,0.0,0.0,
F1,21/12/11,00:00,St Etienne,Paris SG,0.0,1.0,A,0.0,1.0,A,30.0,18.0,8.0,7.0,16.0,6.0,16.0,14.0,1.0,2.0,0.0,0.0,
F1,21/12/11,00:00,Toulouse,Brest,0.0,0.0,D,0.0,0.0,D,20.0,5.0,7.0,1.0,9.0,1.0,13.0,19.0,1.0,2.0,0.0,0.0,
F1,21/12/11,00:00,Valenciennes,Lyon,1.0,0.0,H,1.0,0.0,H,11.0,19.0,1.0,3.0,9.0,6.0,7.0,16.0,0.0,2.0,0.0,0.0,
F1,14/01/12,00:00,Ajaccio,Auxerre,2.0,1.0,H,2.0,1.0,H,9.0,10.0,3.0,3.0,3.0,3.0,14.0,23.0,0.0,2.0,2.0,1.0,
F1,14/01/12,00:00,Bordeaux,Valenciennes,2.0,1.0,H,2.0,0.0,H,12.0,14.0,8.0,6.0,5.0,8.0,11.0,17.0,1.0,1.0,0.0,1.0,
F1,14/01/12,00:00,Brest,Nice,1.0,0.0,H,1.0,0.0,H,19.0,19.0,10.0,7.0,2.0,6.0,17.0,17.0,0.0,2.0,0.0,0.0,
F1,14/01/12,00:00,Caen,Rennes,0.0,2.0,A,0.0,1.0,A,13.0,12.0,3.0,4.0,5.0,1.0,13.0,13.0,0.0,0.0,0.0,0.0,
F1,14/01/12,00:00,Dijon,Evian Thonon Gaillard,3.0,1.0,H,1.0,0.0,H,10.0,4.0,5.0,4.0,2.0,3.0,22.0,17.0,2.0,2.0,0.0,1.0,
F1,14/01/12,00:00,Montpellier,Lyon,1.0,0.0,H,0.0,0.0,D,16.0,3.0,5.0,0.0,8.0,2.0,13.0,24.0,2.0,2.0,0.0,0.0,
F1,14/01/12,00:00,Nancy,Lorient,2.0,2.0,D,1.0,0.0,H,5.0,13.0,4.0,3.0,3.0,10.0,12.0,9.0,2.0,1.0,0.0,0.0,
F1,14/01/12,00:00,Paris SG,Toulouse,3.0,1.0,H,1.0,0.0,H,15.0,8.0,9.0,2.0,4.0,8.0,14.0,17.0,0.0,0.0,0.0,0.0,
F1,14/01/12,00:00,St Etienne,Sochaux,1.0,0.0,H,0.0,0.0,D,10.0,8.0,3.0,2.0,4.0,6.0,20.0,11.0,1.0,1.0,0.0,0.0,
F1,15/01/12,00:00,Marseille,Lille,2.0,0.0,H,0.0,0.0,D,12.0,10.0,6.0,2.0,0.0,4.0,21.0,15.0,3.0,0.0,0.0,0.0,
F1,28/01/12,00:00,Auxerre,Nancy,1.0,3.0,A,0.0,0.0,D,5.0,15.0,2.0,6.0,7.0,5.0,23.0,20.0,3.0,1.0,0.0,0.0,
F1,28/01/12,00:00,Brest,Paris SG,0.0,1.0,A,0.0,1.0,A,16.0,13.0,4.0,7.0,6.0,4.0,6.0,10.0,1.0,2.0,0.0,0.0,
F1,28/01/12,00:00,Lille,St Etienne,3.0,0.0,H,0.0,0.0,D,20.0,4.0,8.0,2.0,6.0,1.0,14.0,20.0,1.0,2.0,0.0,0.0,
F1,28/01/12,00:00,Lorient,Sochaux,1.0,1.0,D,0.0,0.0,D,14.0,9.0,3.0,4.0,8.0,2.0,10.0,14.0,0.0,1.0,0.0,0.0,
F1,28/01/12,00:00,Lyon,Dijon,3.0,1.0,H,1.0,0.0,H,21.0,6.0,7.0,2.0,7.0,2.0,15.0,8.0,1.0,2.0,0.0,0.0,
F1,28/01/12,00:00,Nice,Montpellier,0.0,1.0,A,0.0,0.0,D,7.0,21.0,2.0,10.0,6.0,10.0,18.0,15.0,0.0,1.0,0.0,0.0,
F1,28/01/12,00:00,Toulouse,Caen,1.0,0.0,H,1.0,0.0,H,9.0,5.0,1.0,1.0,8.0,5.0,16.0,16.0,1.0,0.0,0.0,0.0,
F1,29/01/12,00:00,Evian Thonon Gaillard,Bordeaux,0.0,0.0,D,0.0,0.0,D,8.0,10.0,1.0,0.0,1.0,3.0,17.0,16.0,1.0,1.0,0.0,0.0,
F1,29/01/12,00:00,Rennes,Marseille,1.0,2.0,A,1.0,1.0,D,8.0,9.0,3.0,2.0,4.0,4.0,21.0,13.0,3.0,1.0,0.0,0.0,
F1,29/01/12,00:00,Valenciennes,Ajaccio,1.0,2.0,A,0.0,1.0,A,17.0,7.0,3.0,3.0,13.0,3.0,15.0,19.0,1.0,2.0,0.0,1.0,
F1,04/02/12,00:00,Ajaccio,Nice,1.0,1.0,D,0.0,0.0,D,10.0,8.0,1.0,2.0,4.0,4.0,10.0,17.0,0.0,1.0,0.0,0.0,
F1,04/02/12,00:00,Bordeaux,Toulouse,2.0,0.0,H,2.0,0.0,H,13.0,8.0,5.0,2.0,2.0,7.0,20.0,18.0,3.0,3.0,0.0,1.0,
F1,04/02/12,00:00,Dijon,Valenciennes,1.0,2.0,A,0.0,2.0,A,10.0,12.0,3.0,2.0,4.0,4.0,12.0,17.0,1.0,1.0,0.0,0.0,
F1,04/02/12,00:00,Montpellier,Brest,1.0,0.0,H,1.0,0.0,H,24.0,7.0,9.0,3.0,3.0,1.0,11.0,24.0,1.0,2.0,0.0,1.0,
F1,04/02/12,00:00,Nancy,Rennes,0.0,0.0,D,0.0,0.0,D,13.0,10.0,2.0,3.0,2.0,2.0,15.0,14.0,2.0,1.0,0.0,0.0,
F1,04/02/12,00:00,Paris SG,Evian Thonon Gaillard,3.0,1.0,H,0.0,1.0,A,14.0,15.0,7.0,4.0,5.0,9.0,17.0,16.0,3.0,2.0,0.0,0.0,
F1,05/02/12,00:00,Marseille,Lyon,2.0,2.0,D,2.0,2.0,D,19.0,11.0,6.0,5.0,5.0,3.0,14.0,16.0,1.0,3.0,0.0,0.0,
F1,11/02/12,00:00,Auxerre,Lorient,1.0,1.0,D,1.0,0.0,H,18.0,4.0,8.0,3.0,3.0,2.0,19.0,20.0,3.0,3.0,0.0,1.0,
F1,11/02/12,00:00,Brest,Dijon,1.0,1.0,D,0.0,0.0,D,14.0,10.0,2.0,4.0,3.0,3.0,14.0,17.0,4.0,4.0,1.0,0.0,
F1,11/02/12,00:00,Lyon,Caen,1.0,2.0,A,0.0,1.0,A,15.0,7.0,4.0,3.0,2.0,4.0,16.0,32.0,2.0,3.0,0.0,0.0,
F1,11/02/12,00:00,Montpellier,Ajaccio,3.0,0.0,H,0.0,0.0,D,15.0,10.0,7.0,1.0,5.0,2.0,21.0,22.0,1.0,2.0,0.0,0.0,
F1,11/02/12,00:00,Rennes,Sochaux,1.0,0.0,H,1.0,0.0,H,14.0,3.0,1.0,1.0,4.0,3.0,16.0,14.0,0.0,1.0,0.0,0.0,
F1,11/02/12,00:00,Valenciennes,Nancy,1.0,0.0,H,0.0,0.0,D,19.0,9.0,6.0,1.0,10.0,1.0,13.0,18.0,2.0,1.0,0.0,0.0,
F1,12/02/12,00:00,Lille,Bordeaux,4.0,5.0,A,1.0,2.0,A,15.0,11.0,7.0,7.0,6.0,0.0,13.0,17.0,1.0,3.0,0.0,0.0,
F1,12/02/12,00:00,Nice,Paris SG,0.0,0.0,D,0.0,0.0,D,11.0,12.0,4.0,3.0,11.0,1.0,16.0,9.0,0.0,2.0,0.0,0.0,
F1,12/02/12,00:00,Toulouse,St Etienne,0.0,1.0,A,0.0,0.0,D,12.0,17.0,2.0,8.0,1.0,6.0,15.0,12.0,1.0,2.0,0.0,0.0,
F1,18/02/12,00:00,Ajaccio,Brest,0.0,0.0,D,0.0,0.0,D,14.0,7.0,4.0,2.0,13.0,3.0,17.0,17.0,4.0,3.0,0.0,0.0,
F1,18/02/12,00:00,Caen,Evian Thonon Gaillard,2.0,2.0,D,1.0,0.0,H,14.0,12.0,5.0,7.0,3.0,4.0,19.0,16.0,2.0,2.0,0.0,0.0,
F1,18/02/12,00:00,Dijon,Nice,3.0,0.0,H,1.0,0.0,H,7.0,8.0,4.0,1.0,4.0,6.0,11.0,18.0,0.0,3.0,0.0,0.0,
F1,18/02/12,00:00,Lorient,Lille,0.0,1.0,A,0.0,0.0,D,9.0,10.0,4.0,4.0,4.0,3.0,14.0,20.0,1.0,2.0,0.0,0.0,
F1,18/02/12,00:00,Marseille,Valenciennes,1.0,1.0,D,1.0,0.0,H,21.0,4.0,7.0,3.0,7.0,5.0,14.0,28.0,1.0,3.0,0.0,0.0,
F1,18/02/12,00:00,Nancy,Toulouse,0.0,3.0,A,0.0,2.0,A,9.0,17.0,3.0,5.0,0.0,7.0,17.0,14.0,0.0,0.0,0.0,0.0,
F1,18/02/12,00:00,Sochaux,Auxerre,0.0,0.0,D,0.0,0.0,D,12.0,7.0,2.0,2.0,4.0,7.0,9.0,16.0,1.0,1.0,0.0,0.0,
F1,19/02/12,00:00,Bordeaux,Lyon,1.0,0.0,H,1.0,0.0,H,9.0,6.0,2.0,3.0,2.0,0.0,11.0,18.0,2.0,2.0,0.0,0.0,
F1,19/02/12,00:00,Paris SG,Montpellier,2.0,2.0,D,1.0,1.0,D,14.0,15.0,4.0,7.0,4.0,6.0,14.0,17.0,3.0,2.0,0.0,0.0,
F1,19/02/12,00:00,St Etienne,Rennes,4.0,0.0,H,1.0,0.0,H,14.0,14.0,6.0,3.0,3.0,8.0,14.0,11.0,1.0,1.0,0.0,0.0,
F1,22/02/12,00:00,Caen,Auxerre,2.0,1.0,H,0.0,0.0,D,17.0,13.0,6.0,5.0,6.0,4.0,16.0,17.0,2.0,1.0,0.0,0.0,
F1,22/02/12,00:00,Sochaux,Lille,0.0,1.0,A,0.0,0.0,D,12.0,16.0,4.0,5.0,5.0,5.0,18.0,14.0,2.0,1.0,0.0,0.0,
F1,22/02/12,00:00,St Etienne,Lorient,4.0,2.0,H,0.0,0.0,D,16.0,7.0,10.0,5.0,6.0,4.0,15.0,9.0,3.0,2.0,0.0,0.0,
F1,25/02/12,00:00,Ajaccio,Dijon,2.0,1.0,H,0.0,0.0,D,13.0,12.0,4.0,5.0,6.0,4.0,15.0,22.0,1.0,2.0,0.0,0.0,
F1,25/02/12,00:00,Auxerre,St Etienne,0.0,0.0,D,0.0,0.0,D,9.0,6.0,6.0,1.0,4.0,6.0,13.0,14.0,0.0,3.0,0.0,0.0,
F1,25/02/12,00:00,Evian Thonon Gaillard,Nancy,2.0,0.0,H,2.0,0.0,H,7.0,15.0,6.0,4.0,8.0,8.0,15.0,18.0,2.0,3.0,0.0,0.0,
F1,25/02/12,00:00,Lyon,Paris SG,4.0,4.0,D,3.0,2.0,H,15.0,20.0,8.0,8.0,7.0,9.0,17.0,11.0,3.0,3.0,0.0,0.0,
F1,25/02/12,00:00,Montpellier,Bordeaux,1.0,0.0,H,0.0,0.0,D,15.0,7.0,3.0,2.0,7.0,5.0,16.0,10.0,2.0,0.0,0.0,0.0,
F1,25/02/12,00:00,Nice,Caen,1.0,0.0,H,0.0,0.0,D,9.0,12.0,4.0,1.0,4.0,4.0,18.0,21.0,1.0,2.0,0.0,1.0,
F1,25/02/12,00:00,Valenciennes,Lorient,2.0,0.0,H,0.0,0.0,D,13.0,15.0,5.0,4.0,6.0,2.0,16.0,10.0,0.0,1.0,0.0,0.0,
F1,26/02/12,00:00,Brest,Marseille,1.0,0.0,H,1.0,0.0,H,7.0,22.0,4.0,5.0,8.0,13.0,24.0,11.0,1.0,2.0,0.0,0.0,
F1,26/02/12,00:00,Rennes,Lille,1.0,1.0,D,0.0,1.0,A,14.0,18.0,6.0,8.0,4.0,4.0,17.0,11.0,2.0,3.0,1.0,0.0,
F1,26/02/12,00:00,Toulouse,Sochaux,2.0,0.0,H,1.0,0.0,H,21.0,12.0,11.0,6.0,9.0,5.0,31.0,14.0,3.0,1.0,0.0,0.0,
F1,03/03/12,00:00,Bordeaux,Nice,1.0,2.0,A,0.0,2.0,A,13.0,8.0,3.0,6.0,7.0,1.0,13.0,14.0,1.0,4.0,0.0,0.0,
F1,03/03/12,00:00,Dijon,Montpellier,1.0,1.0,D,0.0,0.0,D,9.0,13.0,2.0,3.0,1.0,8.0,23.0,13.0,3.0,1.0,0.0,0.0,
F1,03/03/12,00:00,Lille,Auxerre,2.0,2.0,D,1.0,0.0,H,12.0,6.0,3.0,3.0,2.0,3.0,9.0,24.0,1.0,4.0,1.0,1.0,
F1,03/03/12,00:00,Marseille,Toulouse,0.0,1.0,A,0.0,0.0,D,13.0,8.0,4.0,2.0,3.0,5.0,15.0,25.0,1.0,3.0,0.0,0.0,
F1,03/03/12,00:00,Nancy,Lyon,2.0,0.0,H,0.0,0.0,D,14.0,8.0,4.0,1.0,2.0,8.0,15.0,14.0,0.0,0.0,0.0,0.0,
F1,03/03/12,00:00,Sochaux,Valenciennes,1.0,1.0,D,0.0,0.0,D,18.0,8.0,4.0,2.0,8.0,1.0,11.0,20.0,0.0,1.0,0.0,0.0,
F1,03/03/12,00:00,St Etienne,Evian Thonon Gaillard,0.0,2.0,A,0.0,1.0,A,18.0,13.0,5.0,4.0,6.0,8.0,3.0,11.0,0.0,0.0,0.0,0.0,
F1,04/03/12,00:00,Caen,Brest,0.0,0.0,D,0.0,0.0,D,23.0,13.0,6.0,1.0,6.0,2.0,16.0,13.0,1.0,2.0,0.0,1.0,
F1,04/03/12,00:00,Lorient,Rennes,0.0,2.0,A,0.0,1.0,A,13.0,9.0,2.0,5.0,6.0,3.0,13.0,16.0,2.0,0.0,0.0,0.0,
F1,04/03/12,00:00,Paris SG,Ajaccio,4.0,1.0,H,2.0,1.0,H,18.0,9.0,7.0,4.0,2.0,3.0,11.0,22.0,1.0,3.0,0.0,0.0,
F1,06/03/12,00:00,Evian Thonon Gaillard,Marseille,2.0,0.0,H,2.0,0.0,H,11.0,12.0,4.0,5.0,5.0,2.0,22.0,10.0,1.0,1.0,0.0,0.0,
F1,09/03/12,00:00,Ajaccio,Marseille,1.0,0.0,H,0.0,0.0,D,11.0,19.0,5.0,4.0,2.0,4.0,25.0,14.0,5.0,2.0,0.0,0.0,
F1,10/03/12,00:00,Brest,Bordeaux,0.0,2.0,A,0.0,1.0,A,10.0,22.0,2.0,5.0,0.0,3.0,14.0,8.0,1.0,1.0,0.0,0.0,
F1,10/03/12,00:00,Evian Thonon Gaillard,Sochaux,2.0,3.0,A,1.0,2.0,A,11.0,7.0,4.0,5.0,7.0,3.0,13.0,10.0,2.0,2.0,0.0,0.0,
F1,10/03/12,00:00,Lyon,Lille,2.0,1.0,H,2.0,1.0,H,6.0,16.0,3.0,4.0,4.0,8.0,18.0,19.0,1.0,1.0,1.0,0.0,
F1,10/03/12,00:00,Nice,Nancy,1.0,1.0,D,1.0,1.0,D,14.0,12.0,4.0,4.0,10.0,4.0,19.0,13.0,1.0,3.0,0.0,0.0,
F1,10/03/12,00:00,Toulouse,Lorient,1.0,1.0,D,0.0,0.0,D,11.0,14.0,6.0,7.0,11.0,7.0,17.0,16.0,1.0,2.0,0.0,0.0,
F1,10/03/12,00:00,Valenciennes,St Etienne,1.0,2.0,A,0.0,0.0,D,16.0,9.0,9.0,6.0,7.0,1.0,10.0,13.0,1.0,0.0,1.0,1.0,
F1,11/03/12,00:00,Dijon,Paris SG,1.0,2.0,A,0.0,0.0,D,10.0,13.0,3.0,5.0,5.0,5.0,16.0,18.0,2.0,2.0,0.0,1.0,
F1,11/03/12,00:00,Montpellier,Caen,3.0,0.0,H,0.0,0.0,D,34.0,9.0,14.0,1.0,9.0,8.0,13.0,20.0,1.0,2.0,0.0,0.0,
F1,11/03/12,00:00,Rennes,Auxerre,1.0,1.0,D,0.0,1.0,A,31.0,5.0,7.0,1.0,9.0,1.0,8.0,17.0,1.0,5.0,0.0,0.0,
F1,17/03/12,00:00,Auxerre,Evian Thonon Gaillard,0.0,2.0,A,0.0,1.0,A,11.0,6.0,4.0,2.0,6.0,2.0,11.0,13.0,2.0,2.0,0.0,0.0,
F1,17/03/12,00:00,Bordeaux,Ajaccio,1.0,1.0,D,0.0,0.0,D,18.0,6.0,4.0,2.0,7.0,6.0,12.0,13.0,3.0,1.0,0.0,0.0,
F1,17/03/12,00:00,Caen,Paris SG,2.0,2.0,D,0.0,0.0,D,20.0,11.0,8.0,4.0,8.0,4.0,16.0,19.0,2.0,6.0,0.0,0.0,
F1,17/03/12,00:00,Lorient,Brest,2.0,1.0,H,0.0,1.0,A,14.0,8.0,4.0,1.0,3.0,1.0,11.0,17.0,1.0,1.0,0.0,0.0,
F1,17/03/12,00:00,Marseille,Dijon,1.0,2.0,A,1.0,1.0,D,21.0,7.0,4.0,5.0,7.0,5.0,14.0,24.0,2.0,2.0,1.0,0.0,
F1,17/03/12,00:00,Nancy,Montpellier,1.0,0.0,H,0.0,0.0,D,16.0,9.0,4.0,0.0,3.0,3.0,11.0,10.0,0.0,1.0,0.0,2.0,
F1,17/03/12,00:00,St Etienne,Lyon,0.0,1.0,A,0.0,0.0,D,4.0,18.0,2.0,10.0,4.0,7.0,14.0,12.0,3.0,3.0,0.0,0.0,
F1,18/03/12,00:00,Lille,Valenciennes,4.0,0.0,H,1.0,0.0,H,20.0,4.0,7.0,2.0,6.0,4.0,8.0,20.0,1.0,3.0,0.0,0.0,
F1,18/03/12,00:00,Rennes,Toulouse,0.0,1.0,A,0.0,1.0,A,12.0,15.0,5.0,4.0,8.0,7.0,15.0,20.0,2.0,4.0,0.0,0.0,
F1,18/03/12,00:00,Sochaux,Nice,2.0,0.0,H,1.0,0.0,H,15.0,13.0,5.0,4.0,10.0,5.0,11.0,15.0,1.0,0.0,0.0,0.0,
F1,24/03/12,00:00,Ajaccio,Lorient,1.0,1.0,D,0.0,1.0,A,16.0,11.0,7.0,3.0,5.0,6.0,16.0,11.0,3.0,2.0,0.0,0.0,
F1,24/03/12,00:00,Brest,Nancy,0.0,1.0,A,0.0,1.0,A,12.0,14.0,1.0,3.0,8.0,3.0,11.0,16.0,3.0,1.0,0.0,0.0,
F1,24/03/12,00:00,Evian Thonon Gaillard,Lille,0.0,3.0,A,0.0,1.0,A,7.0,11.0,2.0,6.0,1.0,5.0,22.0,14.0,2.0,4.0,0.0,0.0,
F1,24/03/12,00:00,Lyon,Sochaux,2.0,1.0,H,1.0,0.0,H,12.0,10.0,4.0,6.0,2.0,5.0,14.0,7.0,1.0,0.0,0.0,0.0,
F1,24/03/12,00:00,Montpellier,St Etienne,1.0,0.0,H,0.0,0.0,D,20.0,14.0,7.0,3.0,15.0,4.0,13.0,12.0,5.0,1.0,0.0,1.0,
F1,24/03/12,00:00,Nice,Marseille,1.0,1.0,D,0.0,0.0,D,24.0,2.0,5.0,1.0,16.0,2.0,21.0,19.0,3.0,3.0,0.0,1.0,
F1,24/03/12,00:00,Valenciennes,Rennes,1.0,0.0,H,1.0,0.0,H,5.0,15.0,2.0,1.0,6.0,7.0,25.0,15.0,2.0,1.0,0.0,0.0,
F1,25/03/12,00:00,Dijon,Caen,2.0,0.0,H,1.0,0.0,H,10.0,10.0,4.0,2.0,2.0,2.0,18.0,16.0,1.0,4.0,0.0,0.0,
F1,25/03/12,00:00,Paris SG,Bordeaux,1.0,1.0,D,0.0,0.0,D,18.0,16.0,3.0,5.0,6.0,1.0,17.0,17.0,1.0,2.0,0.0,0.0,
F1,25/03/12,00:00,Toulouse,Auxerre,1.0,0.0,H,1.0,0.0,H,12.0,5.0,2.0,1.0,7.0,1.0,11.0,18.0,0.0,0.0,0.0,0.0,
F1,31/03/12,00:00,Auxerre,Valenciennes,2.0,0.0,H,1.0,0.0,H,16.0,10.0,3.0,2.0,5.0,5.0,18.0,13.0,1.0,1.0,0.0,0.0,
F1,31/03/12,00:00,Bordeaux,Dijon,1.0,1.0,D,0.0,0.0,D,15.0,11.0,6.0,1.0,10.0,4.0,19.0,17.0,1.0,2.0,0.0,0.0,
F1,31/03/12,00:00,Lorient,Evian Thonon Gaillard,0.0,1.0,A,0.0,1.0,A,7.0,6.0,2.0,3.0,5.0,4.0,14.0,17.0,2.0,2.0,0.0,0.0,
F1,31/03/12,00:00,Nancy,Paris SG,2.0,1.0,H,1.0,0.0,H,13.0,15.0,6.0,5.0,3.0,5.0,14.0,19.0,1.0,3.0,0.0,0.0,
F1,31/03/12,00:00,Sochaux,Brest,2.0,1.0,H,0.0,1.0,A,17.0,7.0,5.0,3.0,6.0,0.0,13.0,19.0,1.0,2.0,0.0,0.0,
F1,31/03/12,00:00,St Etienne,Nice,2.0,3.0,A,2.0,1.0,H,13.0,10.0,6.0,4.0,7.0,5.0,10.0,18.0,1.0,1.0,0.0,0.0,
F1,01/04/12,00:00,Caen,Ajaccio,0.0,0.0,D,0.0,0.0,D,14.0,6.0,2.0,4.0,6.0,5.0,26.0,14.0,1.0,4.0,0.0,0.0,
F1,01/04/12,00:00,Lille,Toulouse,2.0,1.0,H,2.0,0.0,H,18.0,12.0,5.0,3.0,6.0,4.0,15.0,23.0,2.0,3.0,0.0,1.0,
F1,01/04/12,00:00,Rennes,Lyon,1.0,1.0,D,1.0,0.0,H,19.0,7.0,4.0,2.0,4.0,3.0,13.0,14.0,1.0,1.0,0.0,0.0,
F1,07/04/12,00:00,Ajaccio,St Etienne,1.0,1.0,D,0.0,0.0,D,12.0,8.0,4.0,4.0,8.0,5.0,19.0,23.0,3.0,3.0,0.0,0.0,
F1,07/04/12,00:00,Brest,Lille,3.0,1.0,H,2.0,1.0,H,7.0,10.0,5.0,2.0,4.0,8.0,23.0,18.0,2.0,1.0,0.0,1.0,
F1,07/04/12,00:00,Dijon,Nancy,0.0,2.0,A,0.0,1.0,A,11.0,18.0,4.0,4.0,3.0,4.0,22.0,17.0,3.0,1.0,0.0,0.0,
F1,07/04/12,00:00,Evian Thonon Gaillard,Rennes,1.0,3.0,A,1.0,0.0,H,12.0,16.0,4.0,4.0,6.0,2.0,16.0,15.0,2.0,2.0,0.0,0.0,
F1,07/04/12,00:00,Lyon,Auxerre,2.0,1.0,H,1.0,1.0,D,17.0,10.0,5.0,4.0,5.0,5.0,10.0,16.0,0.0,4.0,0.0,0.0,
F1,07/04/12,00:00,Montpellier,Sochaux,2.0,1.0,H,1.0,1.0,D,17.0,4.0,11.0,1.0,2.0,6.0,16.0,16.0,2.0,2.0,0.0,0.0,
F1,07/04/12,00:00,Valenciennes,Toulouse,2.0,0.0,H,0.0,0.0,D,13.0,15.0,5.0,2.0,5.0,6.0,24.0,20.0,3.0,4.0,0.0,1.0,
F1,08/04/12,00:00,Caen,Bordeaux,1.0,0.0,H,1.0,0.0,H,7.0,12.0,4.0,4.0,2.0,6.0,18.0,13.0,1.0,3.0,0.0,0.0,
F1,08/04/12,00:00,Nice,Lorient,2.0,0.0,H,0.0,0.0,D,13.0,9.0,3.0,2.0,6.0,4.0,20.0,16.0,3.0,1.0,0.0,1.0,
F1,08/04/12,00:00,Paris SG,Marseille,2.0,1.0,H,1.0,0.0,H,7.0,16.0,2.0,3.0,3.0,6.0,18.0,17.0,1.0,2.0,1.0,0.0,
F1,11/04/12,00:00,Marseille,Montpellier,1.0,3.0,A,1.0,1.0,D,12.0,15.0,4.0,7.0,5.0,1.0,18.0,16.0,3.0,1.0,0.0,0.0,
F1,15/04/12,00:00,Auxerre,Paris SG,1.0,1.0,D,0.0,1.0,A,21.0,9.0,6.0,3.0,5.0,1.0,18.0,12.0,3.0,2.0,0.0,0.0,
F1,15/04/12,00:00,Lille,Ajaccio,4.0,1.0,H,2.0,0.0,H,27.0,11.0,12.0,5.0,9.0,1.0,17.0,6.0,3.0,2.0,0.0,0.0,
F1,15/04/12,00:00,Lorient,Montpellier,2.0,1.0,H,0.0,0.0,D,18.0,13.0,5.0,5.0,5.0,9.0,14.0,22.0,1.0,1.0,0.0,0.0,
F1,15/04/12,00:00,Nancy,Bordeaux,2.0,2.0,D,0.0,1.0,A,11.0,19.0,3.0,4.0,7.0,4.0,21.0,13.0,2.0,3.0,0.0,0.0,
F1,15/04/12,00:00,Sochaux,Dijon,1.0,0.0,H,0.0,0.0,D,16.0,11.0,6.0,1.0,4.0,1.0,14.0,19.0,1.0,3.0,0.0,0.0,
F1,15/04/12,00:00,St Etienne,Brest,2.0,1.0,H,0.0,0.0,D,19.0,5.0,8.0,2.0,12.0,0.0,12.0,17.0,1.0,1.0,0.0,0.0,
F1,15/04/12,00:00,Valenciennes,Evian Thonon Gaillard,0.0,3.0,A,0.0,3.0,A,22.0,8.0,4.0,6.0,10.0,5.0,16.0,9.0,1.0,1.0,0.0,0.0,
F1,16/04/12,00:00,Rennes,Nice,3.0,1.0,H,1.0,1.0,D,15.0,3.0,7.0,1.0,4.0,4.0,17.0,13.0,1.0,2.0,0.0,0.0,
F1,18/04/12,00:00,Marseille,Caen,1.0,1.0,D,1.0,1.0,D,16.0,5.0,4.0,3.0,9.0,0.0,17.0,25.0,1.0,2.0,0.0,0.0,
F1,18/04/12,00:00,Toulouse,Lyon,3.0,0.0,H,2.0,0.0,H,11.0,16.0,5.0,5.0,3.0,7.0,22.0,12.0,1.0,1.0,0.0,0.0,
F1,21/04/12,00:00,Bordeaux,Marseille,2.0,1.0,H,2.0,0.0,H,7.0,16.0,4.0,7.0,2.0,7.0,18.0,22.0,3.0,3.0,0.0,0.0,
F1,21/04/12,00:00,Brest,Rennes,0.0,1.0,A,0.0,1.0,A,9.0,9.0,3.0,4.0,2.0,5.0,20.0,23.0,2.0,4.0,0.0,0.0,
F1,21/04/12,00:00,Caen,St Etienne,1.0,4.0,A,0.0,1.0,A,12.0,11.0,5.0,5.0,4.0,5.0,11.0,9.0,1.0,0.0,0.0,0.0,
F1,21/04/12,00:00,Dijon,Lille,0.0,2.0,A,0.0,2.0,A,10.0,17.0,4.0,5.0,0.0,2.0,15.0,18.0,2.0,4.0,2.0,1.0,
F1,21/04/12,00:00,Evian Thonon Gaillard,Toulouse,2.0,1.0,H,1.0,0.0,H,10.0,18.0,2.0,5.0,3.0,7.0,13.0,20.0,2.0,5.0,0.0,0.0,
F1,21/04/12,00:00,Montpellier,Valenciennes,1.0,0.0,H,1.0,0.0,H,12.0,7.0,6.0,0.0,6.0,2.0,26.0,21.0,2.0,2.0,0.0,0.0,
F1,21/04/12,00:00,Nice,Auxerre,1.0,0.0,H,1.0,0.0,H,10.0,5.0,3.0,0.0,3.0,2.0,13.0,15.0,0.0,2.0,0.0,2.0,
F1,22/04/12,00:00,Ajaccio,Nancy,0.0,0.0,D,0.0,0.0,D,14.0,11.0,2.0,4.0,7.0,1.0,9.0,16.0,0.0,0.0,0.0,0.0,
F1,22/04/12,00:00,Lyon,Lorient,3.0,2.0,H,1.0,2.0,A,14.0,14.0,8.0,7.0,7.0,8.0,12.0,22.0,0.0,3.0,0.0,0.0,
F1,22/04/12,00:00,Paris SG,Sochaux,6.0,1.0,H,3.0,1.0,H,20.0,8.0,11.0,4.0,3.0,2.0,15.0,14.0,0.0,0.0,0.0,0.0,
F1,27/04/12,00:00,Lorient,Marseille,2.0,1.0,H,1.0,0.0,H,10.0,8.0,3.0,3.0,3.0,6.0,13.0,17.0,1.0,3.0,0.0,0.0,
F1,27/04/12,00:00,Toulouse,Montpellier,0.0,1.0,A,0.0,1.0,A,15.0,14.0,5.0,7.0,1.0,8.0,22.0,15.0,2.0,2.0,0.0,0.0,
F1,29/04/12,00:00,Auxerre,Brest,4.0,0.0,H,4.0,0.0,H,14.0,8.0,7.0,1.0,6.0,6.0,16.0,23.0,3.0,5.0,0.0,0.0,
F1,29/04/12,00:00,Lille,Paris SG,2.0,1.0,H,0.0,0.0,D,14.0,9.0,6.0,2.0,3.0,9.0,16.0,21.0,2.0,3.0,0.0,1.0,
F1,29/04/12,00:00,Nancy,Caen,1.0,1.0,D,0.0,0.0,D,20.0,10.0,5.0,3.0,1.0,1.0,12.0,19.0,0.0,2.0,0.0,0.0,
F1,29/04/12,00:00,Rennes,Ajaccio,3.0,1.0,H,1.0,0.0,H,33.0,7.0,13.0,3.0,12.0,2.0,10.0,8.0,1.0,2.0,0.0,1.0,
F1,29/04/12,00:00,Sochaux,Bordeaux,0.0,3.0,A,0.0,1.0,A,4.0,15.0,2.0,7.0,5.0,6.0,12.0,15.0,1.0,1.0,2.0,0.0,
F1,29/04/12,00:00,St Etienne,Dijon,1.0,0.0,H,1.0,0.0,H,14.0,9.0,5.0,1.0,6.0,2.0,17.0,9.0,4.0,2.0,0.0,0.0,
F1,29/04/12,00:00,Valenciennes,Nice,2.0,0.0,H,1.0,0.0,H,16.0,8.0,5.0,3.0,6.0,3.0,17.0,11.0,5.0,1.0,0.0,1.0,
F1,01/05/12,00:00,Montpellier,Evian Thonon Gaillard,2.0,2.0,D,1.0,1.0,D,25.0,7.0,9.0,2.0,11.0,2.0,12.0,17.0,1.0,3.0,2.0,2.0,
F1,02/05/12,00:00,Ajaccio,Sochaux,2.0,1.0,H,0.0,0.0,D,15.0,8.0,6.0,3.0,7.0,4.0,13.0,21.0,2.0,1.0,0.0,2.0,
F1,02/05/12,00:00,Bordeaux,Rennes,2.0,0.0,H,0.0,0.0,D,11.0,9.0,4.0,1.0,10.0,5.0,11.0,13.0,0.0,0.0,0.0,0.0,
F1,02/05/12,00:00,Brest,Toulouse,0.0,0.0,D,0.0,0.0,D,10.0,10.0,3.0,4.0,3.0,9.0,19.0,13.0,0.0,0.0,0.0,0.0,
F1,02/05/12,00:00,Caen,Lorient,1.0,0.0,H,0.0,0.0,D,11.0,12.0,5.0,1.0,6.0,4.0,19.0,7.0,2.0,0.0,0.0,0.0,
F1,02/05/12,00:00,Lyon,Valenciennes,4.0,1.0,H,1.0,1.0,D,9.0,13.0,6.0,3.0,2.0,5.0,21.0,16.0,2.0,2.0,0.0,0.0,
F1,02/05/12,00:00,Marseille,Nancy,1.0,0.0,H,1.0,0.0,H,16.0,13.0,8.0,3.0,5.0,3.0,14.0,16.0,0.0,1.0,0.0,0.0,
F1,02/05/12,00:00,Nice,Lille,0.0,1.0,A,0.0,1.0,A,8.0,9.0,1.0,6.0,6.0,0.0,21.0,9.0,2.0,3.0,0.0,0.0,
F1,02/05/12,00:00,Paris SG,St Etienne,2.0,0.0,H,1.0,0.0,H,10.0,9.0,4.0,2.0,1.0,8.0,13.0,15.0,2.0,3.0,0.0,0.0,
F1,03/05/12,00:00,Dijon,Auxerre,0.0,2.0,A,0.0,1.0,A,10.0,8.0,1.0,3.0,5.0,6.0,13.0,14.0,2.0,3.0,0.0,0.0,
F1,06/05/12,00:00,Evian Thonon Gaillard,Ajaccio,2.0,1.0,H,1.0,1.0,D,17.0,8.0,10.0,2.0,6.0,3.0,8.0,18.0,0.0,1.0,0.0,1.0,
F1,06/05/12,00:00,Lyon,Brest,1.0,1.0,D,1.0,0.0,H,21.0,10.0,6.0,2.0,5.0,4.0,10.0,15.0,1.0,3.0,0.0,0.0,
F1,06/05/12,00:00,Valenciennes,Paris SG,3.0,4.0,A,2.0,3.0,A,13.0,15.0,6.0,8.0,3.0,2.0,17.0,12.0,1.0,2.0,0.0,0.0,
F1,07/05/12,00:00,Auxerre,Bordeaux,2.0,4.0,A,0.0,3.0,A,19.0,10.0,7.0,4.0,7.0,2.0,14.0,12.0,2.0,3.0,0.0,0.0,
F1,07/05/12,00:00,Lille,Caen,3.0,0.0,H,2.0,0.0,H,23.0,3.0,8.0,0.0,7.0,1.0,11.0,19.0,0.0,4.0,0.0,0.0,
F1,07/05/12,00:00,Lorient,Dijon,0.0,0.0,D,0.0,0.0,D,4.0,7.0,0.0,2.0,6.0,4.0,10.0,17.0,1.0,3.0,0.0,0.0,
F1,07/05/12,00:00,Rennes,Montpellier,0.0,2.0,A,0.0,1.0,A,21.0,8.0,7.0,2.0,3.0,9.0,14.0,12.0,2.0,1.0,0.0,0.0,
F1,07/05/12,00:00,Sochaux,Nancy,1.0,0.0,H,0.0,0.0,D,15.0,10.0,4.0,1.0,9.0,4.0,14.0,10.0,2.0,2.0,0.0,0.0,
F1,07/05/12,00:00,St Etienne,Marseille,0.0,0.0,D,0.0,0.0,D,11.0,6.0,2.0,0.0,5.0,4.0,11.0,16.0,0.0,0.0,0.0,0.0,
F1,07/05/12,00:00,Toulouse,Nice,0.0,0.0,D,0.0,0.0,D,11.0,16.0,6.0,4.0,3.0,4.0,16.0,17.0,2.0,1.0,0.0,0.0,
F1,10/05/12,00:00,Evian Thonon Gaillard,Lyon,1.0,3.0,A,1.0,1.0,D,10.0,16.0,3.0,8.0,3.0,5.0,16.0,11.0,2.0,1.0,0.0,0.0,
F1,13/05/12,00:00,Ajaccio,Lyon,1.0,1.0,D,0.0,0.0,D,14.0,14.0,6.0,4.0,4.0,5.0,18.0,23.0,3.0,2.0,1.0,1.0,
F1,13/05/12,00:00,Bordeaux,Lorient,1.0,0.0,H,0.0,0.0,D,9.0,10.0,6.0,3.0,6.0,3.0,14.0,15.0,0.0,3.0,1.0,0.0,
F1,13/05/12,00:00,Brest,Valenciennes,1.0,0.0,H,1.0,0.0,H,12.0,9.0,5.0,3.0,7.0,2.0,17.0,16.0,1.0,1.0,0.0,0.0,
F1,13/05/12,00:00,Caen,Sochaux,1.0,3.0,A,0.0,2.0,A,19.0,11.0,4.0,7.0,7.0,1.0,14.0,19.0,2.0,2.0,0.0,0.0,
F1,13/05/12,00:00,Dijon,Toulouse,1.0,1.0,D,1.0,1.0,D,11.0,17.0,3.0,8.0,9.0,6.0,9.0,18.0,2.0,2.0,0.0,0.0,
F1,13/05/12,00:00,Marseille,Auxerre,3.0,0.0,H,1.0,0.0,H,11.0,10.0,7.0,4.0,6.0,5.0,23.0,19.0,0.0,0.0,0.0,0.0,
F1,13/05/12,00:00,Montpellier,Lille,1.0,0.0,H,0.0,0.0,D,19.0,8.0,5.0,3.0,7.0,2.0,22.0,17.0,3.0,0.0,0.0,0.0,
F1,13/05/12,00:00,Nancy,St Etienne,3.0,2.0,H,3.0,1.0,H,12.0,20.0,7.0,6.0,4.0,6.0,14.0,18.0,3.0,3.0,0.0,0.0,
F1,13/05/12,00:00,Nice,Evian Thonon Gaillard,1.0,1.0,D,1.0,1.0,D,23.0,10.0,5.0,3.0,5.0,7.0,10.0,22.0,2.0,2.0,0.0,0.0,
F1,13/05/12,00:00,Paris SG,Rennes,3.0,0.0,H,0.0,0.0,D,11.0,12.0,4.0,2.0,4.0,2.0,13.0,15.0,3.0,2.0,0.0,0.0,
F1,20/05/12,00:00,Auxerre,Montpellier,1.0,2.0,A,1.0,1.0,D,6.0,17.0,3.0,6.0,3.0,10.0,14.0,10.0,1.0,0.0,0.0,0.0,
F1,20/05/12,00:00,Evian Thonon Gaillard,Brest,0.0,1.0,A,0.0,0.0,D,9.0,8.0,3.0,2.0,6.0,1.0,15.0,16.0,3.0,2.0,0.0,0.0,
F1,20/05/12,00:00,Lille,Nancy,4.0,1.0,H,4.0,1.0,H,13.0,15.0,6.0,3.0,5.0,4.0,6.0,13.0,0.0,0.0,0.0,0.0,
F1,20/05/12,00:00,Lorient,Paris SG,1.0,2.0,A,1.0,0.0,H,12.0,10.0,4.0,3.0,3.0,3.0,10.0,16.0,1.0,2.0,0.0,0.0,
F1,20/05/12,00:00,Lyon,Nice,3.0,4.0,A,2.0,2.0,D,21.0,10.0,7.0,4.0,6.0,3.0,9.0,8.0,1.0,1.0,0.0,0.0,
F1,20/05/12,00:00,Rennes,Dijon,5.0,0.0,H,1.0,0.0,H,22.0,10.0,10.0,0.0,2.0,4.0,22.0,11.0,2.0,1.0,0.0,2.0,
F1,20/05/12,00:00,Sochaux,Marseille,1.0,0.0,H,0.0,0.0,D,12.0,15.0,5.0,4.0,6.0,0.0,11.0,14.0,0.0,0.0,0.0,1.0,
F1,20/05/12,00:00,St Etienne,Bordeaux,2.0,3.0,A,1.0,2.0,A,16.0,9.0,6.0,6.0,5.0,2.0,16.0,10.0,2.0,2.0,0.0,0.0,
F1,20/05/12,00:00,Toulouse,Ajaccio,0.0,2.0,A,0.0,2.0,A,8.0,6.0,4.0,2.0,4.0,4.0,18.0,13.0,2.0,1.0,0.0,0.0,
F1,20/05/12,00:00,Valenciennes,Caen,3.0,1.0,H,1.0,0.0,H,16.0,8.0,8.0,2.0,4.0,5.0,11.0,19.0,1.0,3.0,0.0,0.0,
F1,10/08/12,00:00,Montpellier,Toulouse,1.0,1.0,D,1.0,0.0,H,9.0,12.0,2.0,3.0,2.0,5.0,18.0,25.0,1.0,1.0,1.0,2.0,
F1,11/08/12,00:00,Evian Thonon Gaillard,Bordeaux,2.0,3.0,A,1.0,2.0,A,9.0,12.0,3.0,9.0,5.0,6.0,11.0,11.0,3.0,3.0,0.0,0.0,
F1,11/08/12,00:00,Nancy,Brest,1.0,0.0,H,0.0,0.0,D,11.0,2.0,5.0,1.0,11.0,3.0,23.0,22.0,1.0,2.0,0.0,0.0,
F1,11/08/12,00:00,Nice,Ajaccio,0.0,1.0,A,0.0,1.0,A,8.0,3.0,2.0,2.0,7.0,2.0,15.0,18.0,2.0,4.0,0.0,1.0,
F1,11/08/12,00:00,Paris SG,Lorient,2.0,2.0,D,0.0,2.0,A,20.0,12.0,9.0,6.0,9.0,2.0,11.0,12.0,1.0,1.0,0.0,1.0,
F1,11/08/12,00:00,Rennes,Lyon,0.0,1.0,A,0.0,1.0,A,6.0,9.0,1.0,2.0,4.0,2.0,9.0,16.0,0.0,5.0,1.0,0.0,
F1,11/08/12,00:00,Sochaux,Bastia,2.0,3.0,A,1.0,0.0,H,10.0,10.0,5.0,7.0,4.0,5.0,13.0,24.0,1.0,2.0,0.0,0.0,
F1,11/08/12,00:00,St Etienne,Lille,1.0,2.0,A,0.0,0.0,D,9.0,10.0,4.0,4.0,3.0,1.0,23.0,12.0,2.0,2.0,0.0,0.0,
F1,11/08/12,00:00,Troyes,Valenciennes,0.0,1.0,A,0.0,1.0,A,12.0,5.0,3.0,1.0,5.0,2.0,9.0,8.0,2.0,0.0,0.0,0.0,
F1,12/08/12,00:00,Reims,Marseille,0.0,1.0,A,0.0,0.0,D,14.0,17.0,4.0,8.0,10.0,7.0,13.0,8.0,2.0,1.0,0.0,0.0,
F1,17/08/12,00:00,Lille,Nancy,1.0,1.0,D,1.0,1.0,D,12.0,5.0,4.0,1.0,0.0,2.0,18.0,18.0,2.0,2.0,0.0,1.0,
F1,18/08/12,00:00,Bastia,Reims,2.0,1.0,H,0.0,1.0,A,9.0,3.0,3.0,2.0,7.0,2.0,13.0,14.0,2.0,2.0,0.0,0.0,
F1,18/08/12,00:00,Brest,Evian Thonon Gaillard,1.0,0.0,H,0.0,0.0,D,15.0,8.0,4.0,3.0,10.0,8.0,12.0,15.0,2.0,3.0,0.0,0.0,
F1,18/08/12,00:00,Lorient,Montpellier,2.0,1.0,H,0.0,1.0,A,12.0,6.0,3.0,4.0,4.0,4.0,8.0,17.0,1.0,3.0,0.0,0.0,
F1,18/08/12,00:00,Lyon,Troyes,4.0,1.0,H,0.0,0.0,D,24.0,6.0,10.0,2.0,10.0,3.0,16.0,12.0,2.0,0.0,0.0,1.0,
F1,18/08/12,00:00,Toulouse,St Etienne,2.0,1.0,H,1.0,0.0,H,9.0,11.0,7.0,5.0,4.0,4.0,14.0,12.0,3.0,2.0,0.0,0.0,
F1,18/08/12,00:00,Valenciennes,Nice,0.0,0.0,D,0.0,0.0,D,8.0,11.0,6.0,4.0,8.0,6.0,10.0,16.0,1.0,3.0,0.0,0.0,
F1,19/08/12,00:00,Ajaccio,Paris SG,0.0,0.0,D,0.0,0.0,D,10.0,7.0,2.0,3.0,7.0,4.0,7.0,9.0,3.0,2.0,0.0,1.0,
F1,19/08/12,00:00,Bordeaux,Rennes,1.0,0.0,H,0.0,0.0,D,10.0,11.0,4.0,3.0,8.0,5.0,11.0,13.0,1.0,1.0,0.0,0.0,
F1,19/08/12,00:00,Marseille,Sochaux,2.0,0.0,H,0.0,0.0,D,23.0,5.0,6.0,2.0,9.0,1.0,16.0,15.0,0.0,0.0,0.0,0.0,
F1,24/08/12,00:00,Evian Thonon Gaillard,Lyon,1.0,1.0,D,0.0,0.0,D,18.0,10.0,3.0,2.0,6.0,5.0,14.0,16.0,2.0,2.0,0.0,0.0,
F1,25/08/12,00:00,Nancy,Toulouse,0.0,1.0,A,0.0,1.0,A,9.0,10.0,3.0,5.0,4.0,7.0,18.0,19.0,1.0,3.0,1.0,0.0,
F1,25/08/12,00:00,Nice,Lille,2.0,2.0,D,1.0,1.0,D,11.0,10.0,7.0,5.0,4.0,7.0,19.0,15.0,1.0,0.0,0.0,0.0,
F1,25/08/12,00:00,Reims,Sochaux,1.0,0.0,H,0.0,0.0,D,9.0,9.0,2.0,1.0,0.0,2.0,20.0,15.0,0.0,2.0,0.0,1.0,
F1,25/08/12,00:00,Rennes,Bastia,3.0,2.0,H,2.0,1.0,H,13.0,9.0,7.0,6.0,5.0,2.0,17.0,19.0,1.0,4.0,0.0,1.0,
F1,25/08/12,00:00,Troyes,Lorient,2.0,2.0,D,1.0,1.0,D,5.0,14.0,2.0,4.0,3.0,7.0,13.0,8.0,2.0,1.0,0.0,0.0,
F1,25/08/12,00:00,Valenciennes,Ajaccio,3.0,0.0,H,1.0,0.0,H,12.0,9.0,3.0,2.0,1.0,7.0,22.0,16.0,1.0,4.0,0.0,1.0,
F1,26/08/12,00:00,Montpellier,Marseille,0.0,1.0,A,0.0,0.0,D,8.0,13.0,1.0,5.0,4.0,4.0,17.0,15.0,2.0,3.0,0.0,0.0,
F1,26/08/12,00:00,Paris SG,Bordeaux,0.0,0.0,D,0.0,0.0,D,13.0,10.0,4.0,2.0,7.0,2.0,11.0,8.0,1.0,1.0,0.0,0.0,
F1,26/08/12,00:00,St Etienne,Brest,4.0,0.0,H,2.0,0.0,H,9.0,4.0,6.0,0.0,6.0,4.0,13.0,15.0,0.0,1.0,0.0,0.0,
F1,01/09/12,00:00,Ajaccio,Evian Thonon Gaillard,2.0,0.0,H,2.0,0.0,H,16.0,14.0,6.0,3.0,7.0,7.0,20.0,15.0,2.0,2.0,0.0,0.0,
F1,01/09/12,00:00,Bastia,St Etienne,0.0,3.0,A,0.0,2.0,A,20.0,13.0,3.0,6.0,10.0,4.0,13.0,15.0,4.0,2.0,0.0,0.0,
F1,01/09/12,00:00,Brest,Troyes,2.0,1.0,H,1.0,0.0,H,13.0,8.0,3.0,6.0,7.0,5.0,10.0,15.0,0.0,4.0,0.0,0.0,
F1,01/09/12,00:00,Lorient,Nancy,3.0,0.0,H,2.0,0.0,H,13.0,10.0,5.0,4.0,7.0,8.0,10.0,16.0,0.0,1.0,0.0,0.0,
F1,01/09/12,00:00,Lyon,Valenciennes,3.0,2.0,H,2.0,1.0,H,12.0,10.0,6.0,3.0,4.0,8.0,16.0,17.0,1.0,1.0,0.0,0.0,
F1,01/09/12,00:00,Sochaux,Montpellier,1.0,3.0,A,0.0,1.0,A,11.0,9.0,2.0,3.0,4.0,5.0,18.0,15.0,2.0,3.0,0.0,0.0,
F1,01/09/12,00:00,Toulouse,Reims,1.0,1.0,D,0.0,0.0,D,19.0,10.0,7.0,4.0,7.0,4.0,10.0,16.0,1.0,2.0,0.0,0.0,
F1,02/09/12,00:00,Bordeaux,Nice,1.0,1.0,D,0.0,0.0,D,17.0,9.0,5.0,5.0,4.0,6.0,20.0,21.0,0.0,3.0,1.0,0.0,
F1,02/09/12,00:00,Lille,Paris SG,1.0,2.0,A,1.0,2.0,A,9.0,7.0,4.0,3.0,3.0,3.0,17.0,21.0,1.0,2.0,0.0,0.0,
F1,02/09/12,00:00,Marseille,Rennes,3.0,1.0,H,1.0,0.0,H,19.0,6.0,7.0,1.0,7.0,2.0,14.0,15.0,2.0,1.0,0.0,0.0,
F1,14/09/12,00:00,Paris SG,Toulouse,2.0,0.0,H,1.0,0.0,H,11.0,11.0,6.0,2.0,4.0,8.0,13.0,11.0,3.0,1.0,0.0,0.0,
F1,14/09/12,00:00,Reims,Montpellier,3.0,1.0,H,1.0,0.0,H,11.0,19.0,5.0,9.0,3.0,6.0,16.0,11.0,1.0,1.0,0.0,0.0,
F1,15/09/12,00:00,Evian Thonon Gaillard,Bastia,3.0,0.0,H,1.0,0.0,H,13.0,12.0,3.0,2.0,3.0,5.0,12.0,13.0,3.0,3.0,0.0,0.0,
F1,15/09/12,00:00,Nice,Brest,4.0,2.0,H,0.0,0.0,D,13.0,12.0,6.0,4.0,8.0,2.0,13.0,20.0,1.0,2.0,0.0,0.0,
F1,15/09/12,00:00,St Etienne,Sochaux,0.0,1.0,A,0.0,0.0,D,13.0,8.0,8.0,1.0,6.0,6.0,8.0,10.0,2.0,3.0,1.0,0.0,
F1,15/09/12,00:00,Troyes,Lille,1.0,1.0,D,0.0,1.0,A,11.0,15.0,2.0,5.0,2.0,7.0,12.0,16.0,1.0,1.0,0.0,0.0,
F1,15/09/12,00:00,Valenciennes,Bordeaux,0.0,0.0,D,0.0,0.0,D,12.0,12.0,3.0,2.0,8.0,4.0,15.0,15.0,0.0,2.0,0.0,0.0,
F1,16/09/12,00:00,Lyon,Ajaccio,2.0,0.0,H,1.0,0.0,H,15.0,7.0,9.0,1.0,4.0,6.0,7.0,11.0,1.0,2.0,0.0,0.0,
F1,16/09/12,00:00,Nancy,Marseille,0.0,1.0,A,0.0,0.0,D,12.0,15.0,1.0,6.0,3.0,6.0,11.0,12.0,2.0,0.0,0.0,0.0,
F1,16/09/12,00:00,Rennes,Lorient,1.0,2.0,A,0.0,2.0,A,16.0,10.0,5.0,6.0,7.0,5.0,13.0,16.0,1.0,1.0,1.0,2.0,
F1,21/09/12,00:00,Montpellier,St Etienne,1.0,1.0,D,0.0,1.0,A,13.0,14.0,3.0,3.0,5.0,11.0,15.0,14.0,0.0,2.0,0.0,0.0,
F1,22/09/12,00:00,Bastia,Paris SG,0.0,4.0,A,0.0,2.0,A,10.0,9.0,4.0,4.0,8.0,1.0,17.0,17.0,3.0,4.0,0.0,0.0,
F1,22/09/12,00:00,Brest,Valenciennes,2.0,1.0,H,0.0,1.0,A,15.0,17.0,6.0,3.0,3.0,3.0,15.0,17.0,2.0,2.0,0.0,1.0,
F1,22/09/12,00:00,Lorient,Nice,1.0,1.0,D,0.0,1.0,A,15.0,7.0,4.0,4.0,12.0,2.0,12.0,14.0,3.0,2.0,1.0,0.0,
F1,22/09/12,00:00,Reims,Nancy,2.0,0.0,H,1.0,0.0,H,6.0,19.0,3.0,8.0,7.0,8.0,17.0,13.0,2.0,1.0,0.0,0.0,
F1,22/09/12,00:00,Sochaux,Troyes,3.0,1.0,H,1.0,1.0,D,17.0,7.0,9.0,5.0,2.0,3.0,7.0,17.0,1.0,1.0,0.0,1.0,
F1,22/09/12,00:00,Toulouse,Rennes,2.0,2.0,D,1.0,1.0,D,9.0,9.0,2.0,6.0,10.0,6.0,11.0,17.0,1.0,1.0,0.0,0.0,
F1,23/09/12,00:00,Bordeaux,Ajaccio,2.0,2.0,D,0.0,0.0,D,13.0,10.0,7.0,3.0,2.0,7.0,10.0,11.0,3.0,1.0,0.0,0.0,
F1,23/09/12,00:00,Lille,Lyon,1.0,1.0,D,1.0,0.0,H,9.0,7.0,3.0,3.0,7.0,3.0,18.0,15.0,2.0,0.0,0.0,0.0,
F1,23/09/12,00:00,Marseille,Evian Thonon Gaillard,1.0,0.0,H,1.0,0.0,H,8.0,7.0,3.0,2.0,5.0,6.0,9.0,22.0,1.0,1.0,0.0,0.0,
F1,28/09/12,00:00,Rennes,Lille,2.0,0.0,H,0.0,0.0,D,9.0,9.0,4.0,2.0,3.0,5.0,17.0,14.0,1.0,2.0,0.0,0.0,
F1,29/09/12,00:00,Ajaccio,Brest,1.0,0.0,H,0.0,0.0,D,12.0,11.0,5.0,1.0,7.0,2.0,14.0,16.0,1.0,2.0,0.0,0.0,
F1,29/09/12,00:00,Evian Thonon Gaillard,Lorient,1.0,1.0,D,1.0,0.0,H,13.0,11.0,7.0,3.0,5.0,9.0,22.0,10.0,5.0,1.0,0.0,0.0,
F1,29/09/12,00:00,Nancy,Montpellier,0.0,2.0,A,0.0,0.0,D,10.0,12.0,3.0,4.0,6.0,3.0,15.0,12.0,1.0,2.0,0.0,0.0,
F1,29/09/12,00:00,Nice,Bastia,2.0,2.0,D,1.0,1.0,D,12.0,8.0,2.0,2.0,2.0,4.0,19.0,14.0,5.0,3.0,0.0,0.0,
F1,29/09/12,00:00,Paris SG,Sochaux,2.0,0.0,H,2.0,0.0,H,9.0,11.0,4.0,3.0,0.0,6.0,7.0,9.0,1.0,2.0,0.0,0.0,
F1,29/09/12,00:00,Troyes,Toulouse,0.0,2.0,A,0.0,0.0,D,8.0,16.0,1.0,7.0,7.0,6.0,17.0,12.0,1.0,0.0,0.0,0.0,
F1,30/09/12,00:00,Lyon,Bordeaux,0.0,2.0,A,0.0,0.0,D,23.0,5.0,6.0,4.0,11.0,2.0,15.0,16.0,1.0,2.0,0.0,0.0,
F1,30/09/12,00:00,St Etienne,Reims,0.0,0.0,D,0.0,0.0,D,19.0,3.0,5.0,1.0,8.0,2.0,13.0,15.0,0.0,3.0,0.0,0.0,
F1,30/09/12,00:00,Valenciennes,Marseille,4.0,1.0,H,3.0,0.0,H,15.0,11.0,6.0,3.0,3.0,6.0,12.0,13.0,1.0,3.0,0.0,0.0,
F1,05/10/12,00:00,St Etienne,Nancy,4.0,0.0,H,4.0,0.0,H,23.0,11.0,10.0,4.0,7.0,7.0,12.0,12.0,1.0,0.0,0.0,1.0,
F1,06/10/12,00:00,Bastia,Troyes,3.0,2.0,H,2.0,1.0,H,23.0,11.0,6.0,4.0,6.0,2.0,12.0,15.0,2.0,0.0,0.0,2.0,
F1,06/10/12,00:00,Lille,Ajaccio,2.0,0.0,H,1.0,0.0,H,15.0,10.0,4.0,2.0,3.0,2.0,18.0,14.0,2.0,1.0,0.0,0.0,
F1,06/10/12,00:00,Montpellier,Evian Thonon Gaillard,2.0,3.0,A,2.0,1.0,H,13.0,4.0,8.0,3.0,6.0,0.0,16.0,23.0,4.0,2.0,0.0,0.0,
F1,06/10/12,00:00,Reims,Nice,3.0,1.0,H,1.0,0.0,H,5.0,12.0,4.0,3.0,2.0,5.0,12.0,12.0,1.0,3.0,0.0,0.0,
F1,06/10/12,00:00,Sochaux,Rennes,0.0,1.0,A,0.0,1.0,A,11.0,9.0,3.0,2.0,8.0,4.0,16.0,14.0,2.0,3.0,0.0,0.0,
F1,06/10/12,00:00,Toulouse,Valenciennes,2.0,2.0,D,0.0,2.0,A,19.0,8.0,7.0,3.0,16.0,1.0,18.0,14.0,2.0,3.0,0.0,0.0,
F1,07/10/12,00:00,Brest,Bordeaux,1.0,1.0,D,1.0,0.0,H,12.0,17.0,2.0,6.0,1.0,3.0,15.0,12.0,2.0,3.0,0.0,0.0,
F1,07/10/12,00:00,Lorient,Lyon,1.0,1.0,D,0.0,1.0,A,14.0,12.0,6.0,3.0,8.0,11.0,15.0,17.0,1.0,1.0,0.0,0.0,
F1,07/10/12,00:00,Marseille,Paris SG,2.0,2.0,D,2.0,2.0,D,12.0,8.0,4.0,3.0,1.0,4.0,11.0,16.0,1.0,2.0,0.0,0.0,
F1,19/10/12,00:00,Bordeaux,Lille,1.0,1.0,D,1.0,0.0,H,13.0,12.0,5.0,6.0,3.0,4.0,15.0,18.0,2.0,2.0,0.0,0.0,
F1,20/10/12,00:00,Evian Thonon Gaillard,Toulouse,0.0,4.0,A,0.0,2.0,A,16.0,8.0,7.0,5.0,8.0,0.0,18.0,21.0,1.0,3.0,0.0,0.0,
F1,20/10/12,00:00,Nancy,Sochaux,1.0,1.0,D,1.0,0.0,H,8.0,14.0,4.0,3.0,3.0,8.0,16.0,13.0,2.0,3.0,1.0,0.0,
F1,20/10/12,00:00,Nice,St Etienne,1.0,1.0,D,1.0,0.0,H,10.0,16.0,3.0,8.0,4.0,8.0,14.0,10.0,0.0,0.0,0.0,0.0,
F1,20/10/12,00:00,Paris SG,Reims,1.0,0.0,H,0.0,0.0,D,23.0,16.0,6.0,4.0,5.0,7.0,12.0,7.0,2.0,2.0,0.0,0.0,
F1,20/10/12,00:00,Rennes,Montpellier,2.0,1.0,H,1.0,0.0,H,9.0,12.0,4.0,5.0,6.0,5.0,16.0,15.0,0.0,3.0,0.0,0.0,
F1,20/10/12,00:00,Valenciennes,Lorient,6.0,1.0,H,2.0,1.0,H,12.0,12.0,8.0,3.0,7.0,4.0,13.0,11.0,2.0,1.0,0.0,2.0,
F1,21/10/12,00:00,Ajaccio,Bastia,0.0,0.0,D,0.0,0.0,D,12.0,9.0,5.0,0.0,4.0,3.0,17.0,22.0,2.0,2.0,1.0,1.0,
F1,21/10/12,00:00,Lyon,Brest,1.0,0.0,H,0.0,0.0,D,8.0,3.0,5.0,1.0,5.0,1.0,6.0,14.0,0.0,1.0,0.0,0.0,
F1,21/10/12,00:00,Troyes,Marseille,1.0,0.0,H,0.0,0.0,D,5.0,16.0,2.0,4.0,4.0,10.0,15.0,8.0,1.0,1.0,0.0,0.0,
F1,26/10/12,00:00,St Etienne,Rennes,2.0,0.0,H,1.0,0.0,H,10.0,15.0,6.0,7.0,6.0,3.0,17.0,14.0,1.0,2.0,0.0,1.0,
F1,27/10/12,00:00,Lille,Valenciennes,2.0,1.0,H,2.0,0.0,H,19.0,9.0,5.0,4.0,6.0,3.0,21.0,15.0,2.0,1.0,0.0,1.0,
F1,27/10/12,00:00,Montpellier,Nice,3.0,1.0,H,0.0,0.0,D,13.0,10.0,6.0,3.0,4.0,4.0,19.0,18.0,4.0,1.0,1.0,0.0,
F1,27/10/12,00:00,Nancy,Paris SG,0.0,1.0,A,0.0,0.0,D,13.0,13.0,3.0,4.0,5.0,8.0,13.0,12.0,2.0,3.0,0.0,0.0,
F1,27/10/12,00:00,Reims,Troyes,1.0,1.0,D,1.0,0.0,H,13.0,18.0,3.0,3.0,5.0,3.0,7.0,8.0,0.0,1.0,0.0,0.0,
F1,27/10/12,00:00,Toulouse,Brest,3.0,1.0,H,2.0,0.0,H,11.0,15.0,6.0,4.0,10.0,4.0,12.0,13.0,1.0,2.0,0.0,0.0,
F1,28/10/12,00:00,Bastia,Bordeaux,3.0,1.0,H,2.0,1.0,H,11.0,15.0,4.0,7.0,5.0,6.0,20.0,14.0,2.0,2.0,0.0,0.0,
F1,28/10/12,00:00,Lorient,Ajaccio,4.0,4.0,D,1.0,4.0,A,27.0,10.0,10.0,6.0,8.0,2.0,11.0,20.0,2.0,3.0,0.0,0.0,
F1,02/11/12,00:00,Brest,Lorient,2.0,0.0,H,1.0,0.0,H,7.0,15.0,4.0,4.0,2.0,4.0,17.0,14.0,2.0,1.0,0.0,0.0,
F1,03/11/12,00:00,Evian Thonon Gaillard,Lille,0.0,2.0,A,0.0,1.0,A,15.0,12.0,3.0,6.0,7.0,6.0,13.0,15.0,2.0,1.0,0.0,0.0,
F1,03/11/12,00:00,Nice,Nancy,2.0,1.0,H,1.0,1.0,D,13.0,10.0,5.0,4.0,13.0,4.0,14.0,13.0,2.0,1.0,0.0,0.0,
F1,03/11/12,00:00,Paris SG,St Etienne,1.0,2.0,A,0.0,0.0,D,11.0,13.0,3.0,3.0,5.0,3.0,9.0,9.0,4.0,1.0,1.0,0.0,
F1,03/11/12,00:00,Rennes,Reims,1.0,0.0,H,1.0,0.0,H,22.0,5.0,6.0,2.0,3.0,4.0,15.0,9.0,1.0,1.0,0.0,1.0,
F1,03/11/12,00:00,Troyes,Montpellier,1.0,1.0,D,1.0,1.0,D,7.0,17.0,5.0,5.0,4.0,7.0,16.0,19.0,1.0,2.0,0.0,0.0,
F1,03/11/12,00:00,Valenciennes,Sochaux,3.0,1.0,H,2.0,0.0,H,22.0,8.0,12.0,2.0,8.0,4.0,11.0,14.0,0.0,2.0,0.0,0.0,
F1,04/11/12,00:00,Ajaccio,Marseille,0.0,2.0,A,0.0,0.0,D,8.0,11.0,5.0,6.0,4.0,4.0,14.0,20.0,2.0,2.0,0.0,0.0,
F1,04/11/12,00:00,Bordeaux,Toulouse,1.0,0.0,H,0.0,0.0,D,21.0,4.0,10.0,0.0,5.0,1.0,16.0,20.0,2.0,4.0,0.0,0.0,
F1,04/11/12,00:00,Lyon,Bastia,5.0,2.0,H,2.0,2.0,D,18.0,13.0,9.0,5.0,9.0,4.0,16.0,16.0,1.0,3.0,1.0,1.0,
F1,07/11/12,00:00,Sochaux,Evian Thonon Gaillard,2.0,1.0,H,2.0,0.0,H,4.0,11.0,2.0,3.0,4.0,5.0,17.0,24.0,1.0,3.0,0.0,0.0,
F1,09/11/12,00:00,Nancy,Rennes,1.0,3.0,A,0.0,1.0,A,14.0,10.0,6.0,3.0,8.0,4.0,17.0,6.0,1.0,1.0,0.0,0.0,
F1,10/11/12,00:00,Bastia,Valenciennes,2.0,3.0,A,1.0,1.0,D,12.0,11.0,4.0,6.0,6.0,6.0,17.0,22.0,2.0,3.0,0.0,0.0,
F1,10/11/12,00:00,Lille,Brest,1.0,0.0,H,1.0,0.0,H,16.0,7.0,4.0,3.0,8.0,6.0,9.0,20.0,2.0,3.0,0.0,0.0,
F1,10/11/12,00:00,Reims,Evian Thonon Gaillard,1.0,2.0,A,0.0,1.0,A,12.0,16.0,3.0,6.0,4.0,4.0,11.0,13.0,1.0,2.0,0.0,0.0,
F1,10/11/12,00:00,St Etienne,Troyes,2.0,0.0,H,0.0,0.0,D,16.0,12.0,5.0,2.0,7.0,4.0,13.0,8.0,1.0,2.0,0.0,0.0,
F1,10/11/12,00:00,Toulouse,Ajaccio,2.0,4.0,A,1.0,2.0,A,21.0,14.0,7.0,8.0,10.0,1.0,14.0,12.0,3.0,2.0,0.0,0.0,
F1,11/11/12,00:00,Lorient,Bordeaux,0.0,4.0,A,0.0,2.0,A,8.0,10.0,2.0,6.0,5.0,6.0,12.0,10.0,1.0,0.0,0.0,0.0,
F1,11/11/12,00:00,Marseille,Nice,2.0,2.0,D,1.0,0.0,H,19.0,8.0,8.0,4.0,2.0,4.0,12.0,11.0,0.0,1.0,0.0,0.0,
F1,11/11/12,00:00,Montpellier,Paris SG,1.0,1.0,D,0.0,1.0,A,20.0,7.0,3.0,4.0,4.0,5.0,24.0,12.0,2.0,3.0,1.0,1.0,
F1,11/11/12,00:00,Sochaux,Lyon,1.0,1.0,D,0.0,1.0,A,12.0,9.0,5.0,5.0,3.0,3.0,13.0,15.0,0.0,2.0,0.0,0.0,
F1,16/11/12,00:00,Lorient,Lille,2.0,0.0,H,1.0,0.0,H,14.0,14.0,5.0,5.0,4.0,10.0,14.0,8.0,2.0,3.0,0.0,0.0,
F1,17/11/12,00:00,Ajaccio,Sochaux,0.0,1.0,A,0.0,1.0,A,18.0,8.0,4.0,5.0,3.0,3.0,9.0,15.0,2.0,0.0,0.0,0.0,
F1,17/11/12,00:00,Brest,Bastia,3.0,0.0,H,1.0,0.0,H,15.0,5.0,7.0,1.0,8.0,2.0,16.0,8.0,3.0,2.0,0.0,1.0,
F1,17/11/12,00:00,Evian Thonon Gaillard,St Etienne,2.0,2.0,D,0.0,2.0,A,13.0,7.0,5.0,4.0,2.0,5.0,15.0,10.0,1.0,1.0,0.0,0.0,
F1,17/11/12,00:00,Paris SG,Rennes,1.0,2.0,A,1.0,2.0,A,23.0,8.0,10.0,4.0,18.0,3.0,20.0,8.0,3.0,1.0,0.0,2.0,
F1,17/11/12,00:00,Troyes,Nancy,3.0,3.0,D,1.0,3.0,A,18.0,19.0,10.0,9.0,7.0,6.0,13.0,18.0,2.0,1.0,0.0,0.0,
F1,17/11/12,00:00,Valenciennes,Montpellier,1.0,1.0,D,1.0,1.0,D,17.0,13.0,5.0,5.0,12.0,5.0,16.0,14.0,2.0,3.0,0.0,1.0,
F1,18/11/12,00:00,Bordeaux,Marseille,1.0,0.0,H,0.0,0.0,D,10.0,5.0,6.0,3.0,4.0,4.0,14.0,16.0,0.0,2.0,0.0,1.0,
F1,18/11/12,00:00,Lyon,Reims,3.0,0.0,H,1.0,0.0,H,18.0,2.0,8.0,1.0,4.0,1.0,14.0,12.0,0.0,2.0,0.0,0.0,
F1,18/11/12,00:00,Nice,Toulouse,1.0,0.0,H,0.0,0.0,D,11.0,10.0,4.0,2.0,7.0,2.0,22.0,18.0,4.0,1.0,0.0,0.0,
F1,23/11/12,00:00,St Etienne,Valenciennes,1.0,0.0,H,0.0,0.0,D,20.0,12.0,4.0,1.0,6.0,3.0,19.0,9.0,2.0,1.0,0.0,0.0,
F1,24/11/12,00:00,Bastia,Lorient,2.0,1.0,H,2.0,1.0,H,12.0,10.0,6.0,4.0,3.0,6.0,11.0,17.0,4.0,3.0,1.0,0.0,
F1,24/11/12,00:00,Nancy,Ajaccio,1.0,1.0,D,1.0,0.0,H,11.0,18.0,4.0,5.0,3.0,4.0,15.0,12.0,4.0,1.0,0.0,0.0,
F1,24/11/12,00:00,Paris SG,Troyes,4.0,0.0,H,1.0,0.0,H,8.0,17.0,6.0,4.0,5.0,5.0,10.0,11.0,2.0,0.0,0.0,0.0,
F1,24/11/12,00:00,Reims,Brest,0.0,0.0,D,0.0,0.0,D,11.0,14.0,3.0,7.0,4.0,4.0,8.0,19.0,0.0,2.0,0.0,0.0,
F1,24/11/12,00:00,Rennes,Evian Thonon Gaillard,0.0,1.0,A,0.0,0.0,D,15.0,6.0,6.0,1.0,11.0,1.0,7.0,13.0,0.0,1.0,0.0,0.0,
F1,24/11/12,00:00,Sochaux,Nice,0.0,1.0,A,0.0,1.0,A,6.0,17.0,1.0,4.0,4.0,4.0,16.0,17.0,1.0,2.0,0.0,0.0,
F1,25/11/12,00:00,Marseille,Lille,1.0,0.0,H,0.0,0.0,D,12.0,9.0,6.0,3.0,1.0,4.0,11.0,13.0,4.0,3.0,0.0,1.0,
F1,25/11/12,00:00,Montpellier,Bordeaux,1.0,0.0,H,0.0,0.0,D,12.0,8.0,3.0,2.0,6.0,3.0,16.0,18.0,1.0,3.0,0.0,0.0,
F1,25/11/12,00:00,Toulouse,Lyon,3.0,0.0,H,0.0,0.0,D,17.0,8.0,6.0,2.0,8.0,0.0,20.0,21.0,1.0,3.0,0.0,0.0,
F1,28/11/12,00:00,Marseille,Lyon,1.0,4.0,A,0.0,2.0,A,7.0,6.0,3.0,6.0,8.0,2.0,14.0,16.0,1.0,2.0,1.0,0.0,
F1,30/11/12,00:00,Ajaccio,St Etienne,0.0,0.0,D,0.0,0.0,D,12.0,7.0,2.0,2.0,3.0,1.0,7.0,9.0,0.0,0.0,0.0,0.0,
F1,01/12/12,00:00,Bordeaux,Sochaux,2.0,2.0,D,1.0,1.0,D,10.0,6.0,2.0,2.0,8.0,2.0,17.0,5.0,2.0,1.0,0.0,0.0,
F1,01/12/12,00:00,Evian Thonon Gaillard,Nancy,1.0,1.0,D,1.0,0.0,H,10.0,16.0,4.0,5.0,5.0,5.0,11.0,17.0,2.0,3.0,0.0,0.0,
F1,01/12/12,00:00,Lille,Bastia,0.0,0.0,D,0.0,0.0,D,15.0,1.0,1.0,0.0,6.0,2.0,16.0,13.0,2.0,3.0,0.0,0.0,
F1,01/12/12,00:00,Lyon,Montpellier,1.0,0.0,H,1.0,0.0,H,9.0,8.0,4.0,2.0,6.0,0.0,23.0,27.0,1.0,3.0,0.0,0.0,
F1,01/12/12,00:00,Nice,Paris SG,2.0,1.0,H,0.0,0.0,D,15.0,16.0,5.0,5.0,5.0,10.0,12.0,18.0,1.0,2.0,0.0,1.0,
F1,01/12/12,00:00,Valenciennes,Reims,1.0,0.0,H,1.0,0.0,H,14.0,17.0,2.0,3.0,4.0,4.0,10.0,13.0,0.0,2.0,0.0,0.0,
F1,02/12/12,00:00,Brest,Marseille,1.0,2.0,A,1.0,1.0,D,4.0,19.0,4.0,7.0,6.0,9.0,18.0,11.0,3.0,3.0,0.0,0.0,
F1,02/12/12,00:00,Lorient,Toulouse,1.0,0.0,H,1.0,0.0,H,16.0,9.0,6.0,0.0,12.0,5.0,17.0,16.0,2.0,2.0,0.0,0.0,
F1,02/12/12,00:00,Troyes,Rennes,2.0,3.0,A,2.0,0.0,H,7.0,9.0,4.0,5.0,7.0,4.0,10.0,10.0,1.0,3.0,1.0,0.0,
F1,07/12/12,00:00,Toulouse,Bastia,0.0,0.0,D,0.0,0.0,D,11.0,9.0,0.0,5.0,5.0,2.0,13.0,13.0,3.0,2.0,0.0,0.0,
F1,08/12/12,00:00,Montpellier,Ajaccio,3.0,0.0,H,2.0,0.0,H,15.0,8.0,6.0,3.0,2.0,3.0,16.0,14.0,1.0,2.0,0.0,0.0,
F1,08/12/12,00:00,Nancy,Valenciennes,1.0,1.0,D,1.0,0.0,H,17.0,8.0,2.0,1.0,6.0,6.0,11.0,12.0,1.0,4.0,0.0,0.0,
F1,08/12/12,00:00,Paris SG,Evian Thonon Gaillard,4.0,0.0,H,2.0,0.0,H,15.0,8.0,7.0,2.0,3.0,7.0,12.0,11.0,1.0,3.0,0.0,0.0,
F1,08/12/12,00:00,Rennes,Brest,2.0,2.0,D,0.0,0.0,D,20.0,11.0,11.0,5.0,8.0,4.0,6.0,9.0,1.0,1.0,0.0,1.0,
F1,08/12/12,00:00,Sochaux,Lille,1.0,1.0,D,0.0,0.0,D,6.0,22.0,2.0,5.0,3.0,5.0,10.0,12.0,1.0,3.0,1.0,0.0,
F1,08/12/12,00:00,Troyes,Nice,1.0,1.0,D,1.0,0.0,H,5.0,9.0,2.0,3.0,3.0,5.0,13.0,11.0,1.0,1.0,0.0,0.0,
F1,09/12/12,00:00,Marseille,Lorient,0.0,3.0,A,0.0,1.0,A,10.0,10.0,4.0,5.0,10.0,1.0,11.0,14.0,0.0,1.0,1.0,0.0,
F1,09/12/12,00:00,Reims,Bordeaux,0.0,0.0,D,0.0,0.0,D,10.0,10.0,1.0,2.0,2.0,3.0,12.0,10.0,4.0,3.0,0.0,0.0,
F1,09/12/12,00:00,St Etienne,Lyon,0.0,1.0,A,0.0,0.0,D,8.0,7.0,1.0,2.0,4.0,5.0,15.0,20.0,2.0,1.0,1.0,1.0,
F1,11/12/12,00:00,Lille,Toulouse,2.0,0.0,H,0.0,0.0,D,9.0,7.0,6.0,2.0,4.0,2.0,15.0,20.0,2.0,2.0,0.0,0.0,
F1,11/12/12,00:00,Nice,Rennes,1.0,0.0,H,0.0,0.0,D,11.0,5.0,3.0,3.0,5.0,5.0,13.0,18.0,0.0,1.0,0.0,2.0,
F1,11/12/12,00:00,Valenciennes,Paris SG,0.0,4.0,A,0.0,1.0,A,10.0,20.0,1.0,9.0,7.0,2.0,12.0,6.0,1.0,1.0,0.0,0.0,
F1,12/12/12,00:00,Ajaccio,Reims,2.0,0.0,H,1.0,0.0,H,11.0,17.0,3.0,4.0,6.0,10.0,18.0,8.0,3.0,0.0,0.0,0.0,
F1,12/12/12,00:00,Bastia,Marseille,1.0,2.0,A,0.0,1.0,A,11.0,16.0,3.0,6.0,0.0,9.0,13.0,25.0,3.0,2.0,0.0,0.0,
F1,12/12/12,00:00,Brest,Montpellier,1.0,2.0,A,1.0,1.0,D,7.0,19.0,3.0,7.0,2.0,9.0,16.0,16.0,1.0,1.0,0.0,0.0,
F1,12/12/12,00:00,Evian Thonon Gaillard,Troyes,2.0,0.0,H,1.0,0.0,H,22.0,5.0,8.0,1.0,7.0,5.0,10.0,15.0,0.0,1.0,0.0,0.0,
F1,12/12/12,00:00,Lorient,Sochaux,2.0,0.0,H,1.0,0.0,H,17.0,12.0,9.0,3.0,6.0,8.0,12.0,11.0,1.0,0.0,0.0,0.0,
F1,12/12/12,00:00,Lyon,Nancy,1.0,1.0,D,0.0,0.0,D,16.0,13.0,3.0,8.0,5.0,4.0,16.0,15.0,2.0,4.0,0.0,0.0,
F1,13/12/12,00:00,Bordeaux,St Etienne,0.0,0.0,D,0.0,0.0,D,9.0,9.0,2.0,3.0,2.0,5.0,16.0,9.0,2.0,2.0,0.0,0.0,
F1,14/12/12,00:00,Rennes,Valenciennes,2.0,0.0,H,1.0,0.0,H,17.0,11.0,6.0,4.0,3.0,7.0,18.0,17.0,1.0,1.0,0.0,0.0,
F1,15/12/12,00:00,Montpellier,Bastia,4.0,0.0,H,1.0,0.0,H,21.0,3.0,12.0,1.0,7.0,4.0,16.0,11.0,1.0,3.0,0.0,0.0,
F1,15/12/12,00:00,Nice,Evian Thonon Gaillard,3.0,2.0,H,1.0,2.0,A,11.0,10.0,3.0,6.0,5.0,1.0,8.0,10.0,1.0,1.0,0.0,0.0,
F1,15/12/12,00:00,Reims,Lille,1.0,1.0,D,1.0,0.0,H,8.0,16.0,2.0,4.0,2.0,5.0,13.0,8.0,2.0,1.0,0.0,0.0,
F1,15/12/12,00:00,Sochaux,Brest,1.0,2.0,A,0.0,0.0,D,19.0,9.0,4.0,3.0,3.0,6.0,8.0,13.0,0.0,1.0,0.0,0.0,
F1,15/12/12,00:00,Toulouse,Marseille,0.0,1.0,A,0.0,0.0,D,8.0,13.0,2.0,8.0,3.0,4.0,15.0,16.0,1.0,2.0,2.0,0.0,
F1,15/12/12,00:00,Troyes,Ajaccio,3.0,2.0,H,3.0,0.0,H,20.0,10.0,7.0,6.0,4.0,9.0,18.0,19.0,1.0,2.0,0.0,0.0,
F1,16/12/12,00:00,Nancy,Bordeaux,1.0,1.0,D,1.0,0.0,H,12.0,10.0,3.0,4.0,8.0,6.0,12.0,13.0,2.0,1.0,0.0,1.0,
F1,16/12/12,00:00,Paris SG,Lyon,1.0,0.0,H,1.0,0.0,H,10.0,12.0,6.0,2.0,4.0,4.0,11.0,15.0,3.0,2.0,0.0,0.0,
F1,16/12/12,00:00,St Etienne,Lorient,0.0,2.0,A,0.0,2.0,A,9.0,14.0,5.0,6.0,9.0,5.0,16.0,10.0,2.0,0.0,0.0,0.0,
F1,21/12/12,00:00,Brest,Paris SG,0.0,3.0,A,0.0,0.0,D,11.0,30.0,3.0,13.0,2.0,11.0,7.0,6.0,1.0,2.0,1.0,0.0,
F1,22/12/12,00:00,Ajaccio,Rennes,2.0,4.0,A,2.0,2.0,D,12.0,13.0,5.0,7.0,6.0,3.0,13.0,11.0,2.0,1.0,0.0,0.0,
F1,22/12/12,00:00,Bastia,Nancy,4.0,2.0,H,3.0,0.0,H,15.0,11.0,7.0,3.0,5.0,5.0,3.0,17.0,1.0,3.0,0.0,0.0,
F1,22/12/12,00:00,Bordeaux,Troyes,0.0,0.0,D,0.0,0.0,D,20.0,8.0,9.0,5.0,11.0,2.0,18.0,18.0,1.0,3.0,0.0,0.0,
F1,22/12/12,00:00,Lille,Montpellier,4.0,1.0,H,2.0,0.0,H,18.0,8.0,6.0,3.0,3.0,1.0,16.0,15.0,1.0,2.0,0.0,1.0,
F1,22/12/12,00:00,Lorient,Reims,2.0,2.0,D,0.0,1.0,A,11.0,9.0,5.0,3.0,9.0,4.0,11.0,18.0,0.0,2.0,0.0,0.0,
F1,22/12/12,00:00,Lyon,Nice,3.0,0.0,H,1.0,0.0,H,14.0,18.0,4.0,4.0,5.0,6.0,12.0,15.0,1.0,1.0,1.0,1.0,
F1,23/12/12,00:00,Marseille,St Etienne,1.0,0.0,H,1.0,0.0,H,6.0,6.0,3.0,1.0,2.0,8.0,15.0,13.0,1.0,1.0,0.0,0.0,
F1,23/12/12,00:00,Toulouse,Sochaux,2.0,0.0,H,1.0,0.0,H,10.0,5.0,4.0,1.0,6.0,2.0,27.0,19.0,1.0,3.0,0.0,0.0,
F1,23/12/12,00:00,Valenciennes,Evian Thonon Gaillard,2.0,1.0,H,1.0,1.0,D,19.0,16.0,8.0,6.0,4.0,4.0,17.0,21.0,3.0,3.0,0.0,1.0,
F1,11/01/13,00:00,Paris SG,Ajaccio,0.0,0.0,D,0.0,0.0,D,26.0,3.0,3.0,1.0,11.0,1.0,11.0,10.0,1.0,2.0,1.0,0.0,
F1,11/01/13,00:00,St Etienne,Toulouse,2.0,2.0,D,1.0,2.0,A,12.0,8.0,4.0,4.0,11.0,4.0,16.0,13.0,1.0,1.0,0.0,0.0,
F1,12/01/13,00:00,Evian Thonon Gaillard,Brest,0.0,2.0,A,0.0,1.0,A,16.0,9.0,5.0,4.0,7.0,4.0,11.0,14.0,1.0,3.0,1.0,0.0,
F1,12/01/13,00:00,Montpellier,Lorient,2.0,0.0,H,0.0,0.0,D,13.0,5.0,5.0,3.0,4.0,5.0,14.0,14.0,0.0,0.0,0.0,0.0,
F1,12/01/13,00:00,Nancy,Lille,2.0,2.0,D,1.0,2.0,A,15.0,13.0,7.0,6.0,8.0,7.0,11.0,9.0,2.0,2.0,0.0,0.0,
F1,12/01/13,00:00,Rennes,Bordeaux,0.0,2.0,A,0.0,0.0,D,10.0,8.0,3.0,7.0,10.0,4.0,12.0,9.0,0.0,2.0,0.0,0.0,
F1,12/01/13,00:00,Troyes,Lyon,1.0,2.0,A,1.0,1.0,D,13.0,14.0,6.0,4.0,5.0,8.0,9.0,18.0,1.0,1.0,0.0,0.0,
F1,13/01/13,00:00,Nice,Valenciennes,5.0,0.0,H,1.0,0.0,H,14.0,6.0,6.0,3.0,3.0,2.0,18.0,14.0,1.0,4.0,0.0,0.0,
F1,13/01/13,00:00,Reims,Bastia,1.0,2.0,A,0.0,1.0,A,13.0,9.0,1.0,4.0,6.0,4.0,20.0,9.0,2.0,4.0,0.0,0.0,
F1,13/01/13,00:00,Sochaux,Marseille,3.0,1.0,H,2.0,0.0,H,8.0,22.0,4.0,6.0,3.0,8.0,15.0,16.0,1.0,1.0,1.0,0.0,
F1,18/01/13,00:00,Lyon,Evian Thonon Gaillard,0.0,0.0,D,0.0,0.0,D,13.0,9.0,5.0,1.0,9.0,3.0,11.0,11.0,1.0,2.0,0.0,0.0,
F1,19/01/13,00:00,Ajaccio,Valenciennes,1.0,1.0,D,1.0,0.0,H,12.0,7.0,6.0,5.0,5.0,5.0,21.0,19.0,2.0,3.0,0.0,1.0,
F1,19/01/13,00:00,Brest,St Etienne,0.0,1.0,A,0.0,0.0,D,9.0,13.0,3.0,5.0,1.0,10.0,9.0,15.0,3.0,3.0,0.0,0.0,
F1,19/01/13,00:00,Lorient,Troyes,3.0,2.0,H,2.0,0.0,H,13.0,14.0,6.0,5.0,4.0,8.0,14.0,12.0,1.0,0.0,0.0,0.0,
F1,19/01/13,00:00,Marseille,Montpellier,3.0,2.0,H,1.0,1.0,D,10.0,8.0,4.0,3.0,8.0,3.0,10.0,10.0,1.0,1.0,0.0,0.0,
F1,19/01/13,00:00,Sochaux,Reims,1.0,0.0,H,1.0,0.0,H,9.0,11.0,4.0,2.0,5.0,6.0,10.0,10.0,1.0,3.0,0.0,0.0,
F1,19/01/13,00:00,Toulouse,Nancy,2.0,1.0,H,0.0,0.0,D,17.0,5.0,8.0,2.0,10.0,1.0,18.0,19.0,0.0,2.0,0.0,0.0,
F1,20/01/13,00:00,Bastia,Rennes,0.0,2.0,A,0.0,1.0,A,3.0,15.0,1.0,8.0,4.0,8.0,8.0,16.0,2.0,2.0,0.0,0.0,
F1,20/01/13,00:00,Bordeaux,Paris SG,0.0,1.0,A,0.0,1.0,A,14.0,6.0,4.0,4.0,6.0,3.0,11.0,11.0,2.0,2.0,0.0,0.0,
F1,20/01/13,00:00,Lille,Nice,0.0,2.0,A,0.0,0.0,D,7.0,11.0,2.0,5.0,2.0,2.0,12.0,15.0,1.0,1.0,0.0,0.0,
F1,25/01/13,00:00,Valenciennes,Lyon,0.0,2.0,A,0.0,2.0,A,9.0,11.0,3.0,5.0,8.0,3.0,19.0,16.0,1.0,2.0,0.0,0.0,
F1,26/01/13,00:00,Evian Thonon Gaillard,Ajaccio,1.0,1.0,D,0.0,1.0,A,15.0,10.0,5.0,3.0,9.0,3.0,16.0,11.0,1.0,2.0,0.0,0.0,
F1,26/01/13,00:00,Montpellier,Sochaux,2.0,0.0,H,2.0,0.0,H,10.0,7.0,5.0,2.0,6.0,3.0,17.0,17.0,1.0,2.0,0.0,0.0,
F1,26/01/13,00:00,Nancy,Lorient,2.0,1.0,H,1.0,0.0,H,16.0,9.0,5.0,4.0,5.0,8.0,11.0,11.0,2.0,2.0,0.0,0.0,
F1,26/01/13,00:00,Reims,Toulouse,1.0,1.0,D,0.0,0.0,D,11.0,17.0,6.0,5.0,9.0,2.0,18.0,13.0,1.0,2.0,0.0,0.0,
F1,26/01/13,00:00,Rennes,Marseille,2.0,2.0,D,0.0,1.0,A,16.0,16.0,4.0,4.0,4.0,4.0,7.0,19.0,1.0,0.0,0.0,0.0,
F1,26/01/13,00:00,Troyes,Brest,2.0,1.0,H,1.0,0.0,H,13.0,10.0,4.0,4.0,3.0,4.0,13.0,17.0,1.0,3.0,0.0,0.0,
F1,27/01/13,00:00,Nice,Bordeaux,0.0,1.0,A,0.0,0.0,D,8.0,15.0,3.0,4.0,2.0,4.0,14.0,9.0,1.0,3.0,0.0,0.0,
F1,27/01/13,00:00,Paris SG,Lille,1.0,0.0,H,0.0,0.0,D,7.0,13.0,2.0,2.0,4.0,4.0,11.0,17.0,3.0,3.0,0.0,0.0,
F1,27/01/13,00:00,St Etienne,Bastia,3.0,0.0,H,1.0,0.0,H,24.0,9.0,9.0,3.0,10.0,5.0,10.0,8.0,1.0,0.0,0.0,0.0,
F1,01/02/13,00:00,Toulouse,Paris SG,0.0,4.0,A,0.0,2.0,A,10.0,15.0,3.0,10.0,4.0,5.0,14.0,10.0,0.0,0.0,1.0,0.0,
F1,02/02/13,00:00,Bastia,Evian Thonon Gaillard,0.0,0.0,D,0.0,0.0,D,12.0,9.0,4.0,1.0,5.0,2.0,11.0,17.0,3.0,2.0,0.0,0.0,
F1,02/02/13,00:00,Bordeaux,Valenciennes,2.0,0.0,H,1.0,0.0,H,19.0,9.0,7.0,5.0,4.0,3.0,9.0,20.0,1.0,1.0,0.0,0.0,
F1,02/02/13,00:00,Brest,Nice,0.0,2.0,A,0.0,1.0,A,12.0,12.0,2.0,5.0,1.0,2.0,20.0,15.0,4.0,1.0,0.0,0.0,
F1,02/02/13,00:00,Lille,Troyes,1.0,1.0,D,0.0,1.0,A,18.0,9.0,7.0,1.0,10.0,5.0,11.0,10.0,2.0,1.0,0.0,0.0,
F1,02/02/13,00:00,Lorient,Rennes,2.0,2.0,D,1.0,0.0,H,17.0,11.0,6.0,5.0,11.0,4.0,8.0,16.0,1.0,0.0,0.0,0.0,
F1,02/02/13,00:00,Sochaux,St Etienne,1.0,2.0,A,0.0,1.0,A,8.0,9.0,2.0,7.0,8.0,1.0,13.0,9.0,1.0,0.0,0.0,0.0,
F1,03/02/13,00:00,Ajaccio,Lyon,3.0,1.0,H,0.0,0.0,D,5.0,17.0,4.0,4.0,3.0,8.0,25.0,17.0,3.0,2.0,0.0,1.0,
F1,03/02/13,00:00,Marseille,Nancy,0.0,1.0,A,0.0,0.0,D,10.0,10.0,2.0,5.0,5.0,3.0,7.0,19.0,0.0,1.0,1.0,0.0,
F1,03/02/13,00:00,Montpellier,Reims,3.0,1.0,H,0.0,1.0,A,22.0,11.0,9.0,4.0,12.0,5.0,7.0,21.0,0.0,3.0,0.0,0.0,
F1,08/02/13,00:00,Paris SG,Bastia,3.0,1.0,H,0.0,0.0,D,22.0,6.0,6.0,1.0,6.0,1.0,12.0,12.0,0.0,3.0,0.0,0.0,
F1,09/02/13,00:00,Ajaccio,Bordeaux,1.0,0.0,H,1.0,0.0,H,7.0,17.0,2.0,6.0,3.0,9.0,17.0,9.0,2.0,0.0,0.0,0.0,
F1,09/02/13,00:00,Nancy,Reims,1.0,2.0,A,1.0,0.0,H,14.0,11.0,6.0,6.0,3.0,6.0,10.0,12.0,0.0,0.0,0.0,0.0,
F1,09/02/13,00:00,Nice,Lorient,1.0,1.0,D,0.0,0.0,D,12.0,9.0,6.0,4.0,4.0,2.0,18.0,10.0,1.0,1.0,0.0,0.0,
F1,09/02/13,00:00,St Etienne,Montpellier,4.0,1.0,H,2.0,0.0,H,9.0,7.0,7.0,4.0,3.0,10.0,18.0,12.0,2.0,2.0,0.0,0.0,
F1,09/02/13,00:00,Troyes,Sochaux,0.0,0.0,D,0.0,0.0,D,12.0,14.0,3.0,5.0,4.0,7.0,13.0,13.0,0.0,0.0,0.0,0.0,
F1,09/02/13,00:00,Valenciennes,Brest,2.0,1.0,H,2.0,0.0,H,16.0,12.0,7.0,6.0,7.0,3.0,13.0,22.0,0.0,2.0,0.0,0.0,
F1,10/02/13,00:00,Evian Thonon Gaillard,Marseille,1.0,1.0,D,0.0,0.0,D,17.0,14.0,5.0,3.0,7.0,7.0,13.0,14.0,2.0,2.0,0.0,2.0,
F1,10/02/13,00:00,Lyon,Lille,1.0,3.0,A,0.0,2.0,A,12.0,13.0,5.0,4.0,6.0,5.0,15.0,10.0,4.0,0.0,0.0,0.0,
F1,10/02/13,00:00,Rennes,Toulouse,2.0,0.0,H,0.0,0.0,D,12.0,5.0,7.0,1.0,1.0,6.0,10.0,20.0,0.0,1.0,0.0,0.0,
F1,15/02/13,00:00,Lille,Rennes,2.0,0.0,H,1.0,0.0,H,14.0,10.0,4.0,2.0,7.0,2.0,17.0,10.0,1.0,1.0,0.0,0.0,
F1,16/02/13,00:00,Bastia,Nice,0.0,1.0,A,0.0,0.0,D,7.0,10.0,2.0,4.0,5.0,2.0,16.0,18.0,1.0,2.0,0.0,0.0,
F1,16/02/13,00:00,Brest,Ajaccio,1.0,1.0,D,1.0,0.0,H,9.0,7.0,5.0,4.0,2.0,3.0,18.0,14.0,1.0,2.0,0.0,0.0,
F1,16/02/13,00:00,Lorient,Evian Thonon Gaillard,2.0,1.0,H,1.0,0.0,H,12.0,7.0,7.0,3.0,9.0,3.0,7.0,18.0,1.0,3.0,0.0,0.0,
F1,16/02/13,00:00,Marseille,Valenciennes,1.0,0.0,H,0.0,0.0,D,12.0,3.0,2.0,1.0,10.0,3.0,15.0,20.0,2.0,1.0,0.0,0.0,
F1,16/02/13,00:00,Montpellier,Nancy,1.0,0.0,H,1.0,0.0,H,10.0,13.0,6.0,6.0,4.0,3.0,11.0,20.0,1.0,4.0,0.0,0.0,
F1,16/02/13,00:00,Toulouse,Troyes,2.0,2.0,D,0.0,0.0,D,8.0,8.0,2.0,4.0,9.0,2.0,17.0,18.0,2.0,1.0,0.0,0.0,
F1,17/02/13,00:00,Bordeaux,Lyon,0.0,4.0,A,0.0,1.0,A,7.0,8.0,2.0,5.0,7.0,1.0,10.0,19.0,1.0,1.0,0.0,0.0,
F1,17/02/13,00:00,Reims,St Etienne,1.0,1.0,D,0.0,1.0,A,10.0,8.0,5.0,5.0,19.0,6.0,8.0,11.0,3.0,2.0,0.0,0.0,
F1,17/02/13,00:00,Sochaux,Paris SG,3.0,2.0,H,1.0,1.0,D,8.0,6.0,4.0,3.0,1.0,4.0,11.0,14.0,1.0,2.0,0.0,0.0,
F1,22/02/13,00:00,Nice,Reims,2.0,0.0,H,1.0,0.0,H,12.0,5.0,8.0,0.0,3.0,2.0,11.0,19.0,2.0,0.0,0.0,1.0,
F1,23/02/13,00:00,Ajaccio,Lille,1.0,3.0,A,0.0,1.0,A,15.0,7.0,5.0,5.0,9.0,3.0,15.0,11.0,0.0,1.0,0.0,1.0,
F1,23/02/13,00:00,Evian Thonon Gaillard,Montpellier,0.0,1.0,A,0.0,0.0,D,13.0,15.0,3.0,5.0,2.0,6.0,15.0,19.0,2.0,4.0,0.0,0.0,
F1,23/02/13,00:00,Nancy,St Etienne,0.0,3.0,A,0.0,2.0,A,11.0,12.0,2.0,5.0,0.0,6.0,12.0,16.0,1.0,2.0,1.0,1.0,
F1,23/02/13,00:00,Rennes,Sochaux,2.0,2.0,D,1.0,1.0,D,13.0,13.0,7.0,7.0,3.0,4.0,11.0,18.0,1.0,2.0,0.0,0.0,
F1,23/02/13,00:00,Troyes,Bastia,0.0,0.0,D,0.0,0.0,D,10.0,17.0,5.0,2.0,4.0,13.0,9.0,15.0,0.0,2.0,0.0,0.0,
F1,23/02/13,00:00,Valenciennes,Toulouse,0.0,0.0,D,0.0,0.0,D,9.0,10.0,0.0,5.0,3.0,1.0,17.0,22.0,3.0,1.0,0.0,0.0,
F1,24/02/13,00:00,Bordeaux,Brest,0.0,2.0,A,0.0,1.0,A,16.0,8.0,4.0,3.0,8.0,5.0,13.0,17.0,2.0,0.0,0.0,0.0,
F1,24/02/13,00:00,Lyon,Lorient,3.0,1.0,H,1.0,1.0,D,14.0,9.0,7.0,3.0,4.0,3.0,10.0,17.0,3.0,3.0,0.0,0.0,
F1,24/02/13,00:00,Paris SG,Marseille,2.0,0.0,H,1.0,0.0,H,11.0,17.0,2.0,7.0,2.0,6.0,17.0,16.0,0.0,2.0,0.0,0.0,
F1,01/03/13,00:00,Montpellier,Rennes,2.0,0.0,H,0.0,0.0,D,13.0,7.0,2.0,1.0,4.0,6.0,19.0,15.0,1.0,2.0,0.0,0.0,
F1,02/03/13,00:00,Bastia,Ajaccio,1.0,0.0,H,0.0,0.0,D,12.0,10.0,7.0,5.0,8.0,7.0,20.0,20.0,2.0,2.0,2.0,3.0,
F1,02/03/13,00:00,Lorient,Valenciennes,1.0,1.0,D,1.0,0.0,H,18.0,10.0,5.0,3.0,4.0,6.0,13.0,17.0,2.0,1.0,0.0,0.0,
F1,02/03/13,00:00,Reims,Paris SG,1.0,0.0,H,0.0,0.0,D,15.0,12.0,5.0,4.0,6.0,4.0,17.0,12.0,1.0,3.0,1.0,0.0,
F1,02/03/13,00:00,Sochaux,Nancy,1.0,2.0,A,0.0,2.0,A,13.0,12.0,5.0,4.0,7.0,2.0,15.0,24.0,3.0,1.0,0.0,0.0,
F1,02/03/13,00:00,St Etienne,Nice,4.0,0.0,H,1.0,0.0,H,13.0,1.0,7.0,0.0,4.0,1.0,10.0,9.0,0.0,2.0,0.0,1.0,
F1,02/03/13,00:00,Toulouse,Evian Thonon Gaillard,0.0,0.0,D,0.0,0.0,D,14.0,9.0,4.0,0.0,12.0,3.0,15.0,20.0,0.0,1.0,0.0,0.0,
F1,03/03/13,00:00,Brest,Lyon,1.0,1.0,D,1.0,0.0,H,8.0,16.0,1.0,5.0,2.0,7.0,21.0,10.0,1.0,2.0,0.0,0.0,
F1,03/03/13,00:00,Lille,Bordeaux,2.0,1.0,H,0.0,1.0,A,18.0,8.0,6.0,4.0,7.0,5.0,17.0,15.0,1.0,1.0,0.0,0.0,
F1,03/03/13,00:00,Marseille,Troyes,2.0,1.0,H,0.0,0.0,D,18.0,10.0,6.0,2.0,10.0,3.0,17.0,16.0,1.0,1.0,0.0,0.0,
F1,08/03/13,00:00,Rennes,St Etienne,2.0,2.0,D,1.0,1.0,D,16.0,9.0,7.0,4.0,5.0,6.0,11.0,16.0,1.0,3.0,0.0,0.0,
F1,09/03/13,00:00,Ajaccio,Lorient,1.0,0.0,H,0.0,0.0,D,10.0,11.0,7.0,5.0,8.0,12.0,19.0,11.0,1.0,2.0,0.0,0.0,
F1,09/03/13,00:00,Brest,Toulouse,0.0,1.0,A,0.0,1.0,A,9.0,8.0,1.0,3.0,2.0,6.0,20.0,19.0,1.0,3.0,0.0,0.0,
F1,09/03/13,00:00,Evian Thonon Gaillard,Sochaux,5.0,1.0,H,1.0,0.0,H,14.0,7.0,10.0,2.0,6.0,3.0,11.0,15.0,2.0,1.0,0.0,0.0,
F1,09/03/13,00:00,Paris SG,Nancy,2.0,1.0,H,0.0,1.0,A,10.0,15.0,5.0,5.0,7.0,7.0,15.0,13.0,1.0,1.0,0.0,0.0,
F1,09/03/13,00:00,Troyes,Reims,4.0,2.0,H,1.0,0.0,H,15.0,13.0,8.0,5.0,6.0,4.0,14.0,16.0,3.0,4.0,0.0,0.0,
F1,09/03/13,00:00,Valenciennes,Lille,1.0,3.0,A,1.0,0.0,H,5.0,12.0,2.0,7.0,2.0,3.0,7.0,14.0,1.0,1.0,0.0,0.0,
F1,10/03/13,00:00,Bordeaux,Bastia,1.0,0.0,H,0.0,0.0,D,15.0,4.0,8.0,1.0,5.0,3.0,14.0,22.0,0.0,2.0,0.0,0.0,
F1,10/03/13,00:00,Lyon,Marseille,0.0,0.0,D,0.0,0.0,D,7.0,9.0,2.0,1.0,8.0,5.0,13.0,21.0,0.0,2.0,0.0,0.0,
F1,10/03/13,00:00,Nice,Montpellier,2.0,0.0,H,2.0,0.0,H,9.0,10.0,3.0,0.0,1.0,6.0,20.0,17.0,1.0,3.0,0.0,0.0,
F1,15/03/13,00:00,Marseille,Ajaccio,0.0,0.0,D,0.0,0.0,D,21.0,6.0,3.0,1.0,8.0,1.0,14.0,19.0,0.0,1.0,0.0,0.0,
F1,16/03/13,00:00,Bastia,Lyon,4.0,1.0,H,1.0,0.0,H,14.0,6.0,6.0,1.0,3.0,3.0,12.0,11.0,0.0,1.0,0.0,0.0,
F1,16/03/13,00:00,Lille,Evian Thonon Gaillard,1.0,2.0,A,1.0,1.0,D,18.0,3.0,6.0,2.0,6.0,3.0,16.0,16.0,2.0,2.0,0.0,0.0,
F1,16/03/13,00:00,Lorient,Brest,4.0,0.0,H,3.0,0.0,H,15.0,11.0,8.0,1.0,4.0,4.0,6.0,10.0,0.0,1.0,0.0,0.0,
F1,16/03/13,00:00,Montpellier,Troyes,1.0,1.0,D,1.0,0.0,H,15.0,4.0,3.0,1.0,8.0,2.0,17.0,17.0,1.0,0.0,0.0,0.0,
F1,16/03/13,00:00,Reims,Rennes,1.0,0.0,H,1.0,0.0,H,3.0,15.0,1.0,3.0,2.0,1.0,19.0,18.0,1.0,2.0,0.0,0.0,
F1,16/03/13,00:00,Sochaux,Valenciennes,1.0,1.0,D,1.0,0.0,H,21.0,15.0,7.0,3.0,9.0,6.0,15.0,18.0,1.0,2.0,0.0,0.0,
F1,17/03/13,00:00,Nancy,Nice,1.0,0.0,H,1.0,0.0,H,19.0,8.0,9.0,2.0,4.0,5.0,11.0,16.0,2.0,4.0,0.0,0.0,
F1,17/03/13,00:00,St Etienne,Paris SG,2.0,2.0,D,1.0,2.0,A,15.0,7.0,4.0,2.0,9.0,3.0,12.0,13.0,4.0,2.0,0.0,0.0,
F1,17/03/13,00:00,Toulouse,Bordeaux,0.0,0.0,D,0.0,0.0,D,10.0,7.0,3.0,2.0,6.0,3.0,19.0,14.0,0.0,1.0,0.0,0.0,
F1,29/03/13,00:00,Paris SG,Montpellier,1.0,0.0,H,0.0,0.0,D,20.0,12.0,5.0,3.0,2.0,4.0,13.0,22.0,1.0,1.0,0.0,0.0,
F1,30/03/13,00:00,Ajaccio,Toulouse,2.0,3.0,A,2.0,2.0,D,14.0,15.0,4.0,7.0,6.0,5.0,19.0,17.0,1.0,2.0,0.0,0.0,
F1,30/03/13,00:00,Bordeaux,Lorient,1.0,1.0,D,0.0,1.0,A,19.0,10.0,7.0,3.0,8.0,1.0,10.0,11.0,3.0,2.0,0.0,0.0,
F1,30/03/13,00:00,Evian Thonon Gaillard,Reims,2.0,2.0,D,0.0,1.0,A,29.0,6.0,9.0,3.0,14.0,4.0,12.0,11.0,1.0,3.0,0.0,1.0,
F1,30/03/13,00:00,Rennes,Nancy,0.0,2.0,A,0.0,0.0,D,23.0,9.0,5.0,5.0,8.0,4.0,13.0,19.0,2.0,2.0,0.0,0.0,
F1,30/03/13,00:00,Troyes,St Etienne,2.0,2.0,D,2.0,2.0,D,9.0,20.0,5.0,4.0,4.0,6.0,15.0,15.0,4.0,1.0,0.0,0.0,
F1,30/03/13,00:00,Valenciennes,Bastia,3.0,4.0,A,2.0,1.0,H,16.0,16.0,10.0,8.0,5.0,5.0,20.0,15.0,3.0,1.0,0.0,0.0,
F1,31/03/13,00:00,Brest,Lille,1.0,2.0,A,1.0,1.0,D,8.0,14.0,2.0,5.0,2.0,8.0,18.0,12.0,2.0,1.0,0.0,0.0,
F1,31/03/13,00:00,Lyon,Sochaux,1.0,2.0,A,0.0,0.0,D,20.0,8.0,4.0,6.0,8.0,1.0,15.0,21.0,3.0,3.0,0.0,0.0,
F1,31/03/13,00:00,Nice,Marseille,0.0,1.0,A,0.0,1.0,A,15.0,11.0,5.0,4.0,7.0,1.0,17.0,16.0,1.0,1.0,0.0,0.0,
F1,05/04/13,00:00,Marseille,Bordeaux,1.0,0.0,H,1.0,0.0,H,12.0,10.0,3.0,1.0,5.0,5.0,15.0,14.0,1.0,1.0,0.0,0.0,
F1,06/04/13,00:00,Bastia,Brest,4.0,0.0,H,1.0,0.0,H,15.0,13.0,8.0,3.0,6.0,2.0,8.0,18.0,0.0,2.0,0.0,1.0,
F1,06/04/13,00:00,Montpellier,Valenciennes,3.0,1.0,H,1.0,1.0,D,18.0,12.0,8.0,4.0,10.0,3.0,13.0,18.0,2.0,3.0,0.0,0.0,
F1,06/04/13,00:00,Nancy,Troyes,1.0,0.0,H,0.0,0.0,D,17.0,9.0,8.0,3.0,5.0,2.0,15.0,22.0,3.0,3.0,0.0,0.0,
F1,06/04/13,00:00,Rennes,Paris SG,0.0,2.0,A,0.0,0.0,D,17.0,10.0,2.0,5.0,4.0,6.0,12.0,16.0,1.0,3.0,0.0,0.0,
F1,06/04/13,00:00,Sochaux,Ajaccio,0.0,0.0,D,0.0,0.0,D,12.0,12.0,6.0,2.0,4.0,2.0,17.0,15.0,1.0,2.0,0.0,0.0,
F1,06/04/13,00:00,Toulouse,Nice,3.0,4.0,A,2.0,2.0,D,13.0,9.0,5.0,7.0,8.0,4.0,16.0,18.0,5.0,2.0,1.0,1.0,
F1,07/04/13,00:00,Lille,Lorient,5.0,0.0,H,4.0,0.0,H,16.0,5.0,8.0,3.0,2.0,0.0,9.0,7.0,0.0,3.0,0.0,0.0,
F1,07/04/13,00:00,Reims,Lyon,1.0,0.0,H,0.0,0.0,D,13.0,6.0,7.0,3.0,9.0,2.0,13.0,16.0,1.0,2.0,0.0,1.0,
F1,07/04/13,00:00,St Etienne,Evian Thonon Gaillard,1.0,0.0,H,0.0,0.0,D,13.0,8.0,6.0,2.0,9.0,0.0,12.0,12.0,0.0,3.0,0.0,0.0,
F1,12/04/13,00:00,Valenciennes,St Etienne,0.0,0.0,D,0.0,0.0,D,11.0,10.0,1.0,1.0,4.0,5.0,16.0,13.0,0.0,3.0,0.0,0.0,
F1,13/04/13,00:00,Ajaccio,Nancy,1.0,1.0,D,1.0,1.0,D,16.0,10.0,5.0,4.0,7.0,3.0,22.0,10.0,2.0,0.0,0.0,0.0,
F1,13/04/13,00:00,Bordeaux,Montpellier,4.0,2.0,H,3.0,1.0,H,15.0,10.0,6.0,4.0,3.0,3.0,14.0,17.0,2.0,4.0,0.0,0.0,
F1,13/04/13,00:00,Brest,Reims,0.0,2.0,A,0.0,1.0,A,14.0,8.0,3.0,4.0,6.0,3.0,20.0,11.0,3.0,2.0,0.0,0.0,
F1,13/04/13,00:00,Evian Thonon Gaillard,Rennes,4.0,2.0,H,2.0,1.0,H,16.0,10.0,7.0,4.0,4.0,3.0,14.0,15.0,1.0,2.0,0.0,0.0,
F1,13/04/13,00:00,Lorient,Bastia,4.0,1.0,H,1.0,0.0,H,20.0,10.0,10.0,2.0,6.0,4.0,7.0,11.0,1.0,2.0,0.0,0.0,
F1,13/04/13,00:00,Troyes,Paris SG,0.0,1.0,A,0.0,0.0,D,11.0,12.0,6.0,5.0,3.0,2.0,10.0,9.0,1.0,1.0,0.0,0.0,
F1,14/04/13,00:00,Lille,Marseille,0.0,0.0,D,0.0,0.0,D,16.0,6.0,7.0,3.0,7.0,2.0,14.0,15.0,1.0,1.0,0.0,0.0,
F1,14/04/13,00:00,Lyon,Toulouse,3.0,1.0,H,1.0,1.0,D,10.0,9.0,3.0,1.0,8.0,2.0,16.0,15.0,1.0,1.0,0.0,0.0,
F1,14/04/13,00:00,Nice,Sochaux,3.0,0.0,H,0.0,0.0,D,18.0,5.0,6.0,0.0,7.0,1.0,11.0,10.0,1.0,2.0,0.0,0.0,
F1,19/04/13,00:00,Montpellier,Lyon,1.0,2.0,A,1.0,1.0,D,13.0,13.0,4.0,4.0,4.0,5.0,16.0,20.0,0.0,3.0,0.0,0.0,
F1,20/04/13,00:00,Marseille,Brest,1.0,0.0,H,1.0,0.0,H,9.0,10.0,2.0,2.0,6.0,4.0,7.0,11.0,1.0,2.0,0.0,0.0,
F1,21/04/13,00:00,Bastia,Lille,1.0,2.0,A,0.0,0.0,D,6.0,19.0,2.0,6.0,1.0,10.0,14.0,16.0,3.0,2.0,0.0,0.0,
F1,21/04/13,00:00,Nancy,Evian Thonon Gaillard,3.0,1.0,H,1.0,1.0,D,11.0,10.0,7.0,4.0,5.0,2.0,9.0,7.0,2.0,1.0,0.0,0.0,
F1,21/04/13,00:00,Paris SG,Nice,3.0,0.0,H,1.0,0.0,H,16.0,6.0,8.0,1.0,6.0,3.0,17.0,15.0,2.0,2.0,0.0,1.0,
F1,21/04/13,00:00,Reims,Valenciennes,0.0,1.0,A,0.0,0.0,D,10.0,15.0,1.0,5.0,7.0,6.0,12.0,12.0,2.0,2.0,0.0,0.0,
F1,21/04/13,00:00,Sochaux,Bordeaux,2.0,2.0,D,1.0,0.0,H,18.0,23.0,6.0,5.0,6.0,11.0,11.0,13.0,3.0,2.0,0.0,0.0,
F1,21/04/13,00:00,Toulouse,Lorient,0.0,1.0,A,0.0,0.0,D,14.0,9.0,4.0,2.0,8.0,4.0,13.0,12.0,1.0,0.0,0.0,0.0,
F1,24/04/13,00:00,Rennes,Troyes,1.0,2.0,A,1.0,2.0,A,10.0,10.0,2.0,6.0,4.0,4.0,14.0,10.0,1.0,0.0,0.0,0.0,
F1,24/04/13,00:00,St Etienne,Ajaccio,4.0,2.0,H,1.0,1.0,D,19.0,11.0,9.0,5.0,10.0,6.0,12.0,12.0,2.0,2.0,0.0,0.0,
F1,26/04/13,00:00,Lille,Sochaux,3.0,3.0,D,2.0,0.0,H,23.0,6.0,9.0,4.0,7.0,0.0,9.0,26.0,0.0,2.0,0.0,0.0,
F1,27/04/13,00:00,Ajaccio,Montpellier,2.0,1.0,H,0.0,0.0,D,14.0,7.0,4.0,2.0,5.0,4.0,15.0,19.0,2.0,1.0,1.0,1.0,
F1,27/04/13,00:00,Bastia,Toulouse,0.0,0.0,D,0.0,0.0,D,15.0,11.0,2.0,2.0,5.0,4.0,12.0,14.0,0.0,2.0,0.0,0.0,
F1,27/04/13,00:00,Bordeaux,Reims,0.0,0.0,D,0.0,0.0,D,11.0,6.0,3.0,0.0,10.0,4.0,11.0,13.0,2.0,2.0,0.0,0.0,
F1,27/04/13,00:00,Brest,Rennes,0.0,2.0,A,0.0,2.0,A,17.0,7.0,5.0,4.0,10.0,3.0,20.0,13.0,0.0,1.0,0.0,0.0,
F1,27/04/13,00:00,Lorient,Marseille,0.0,1.0,A,0.0,1.0,A,12.0,6.0,3.0,4.0,4.0,7.0,10.0,13.0,3.0,4.0,1.0,1.0,
F1,27/04/13,00:00,Valenciennes,Nancy,0.0,0.0,D,0.0,0.0,D,18.0,9.0,4.0,4.0,4.0,2.0,11.0,12.0,1.0,2.0,0.0,0.0,
F1,28/04/13,00:00,Evian Thonon Gaillard,Paris SG,0.0,1.0,A,0.0,0.0,D,14.0,10.0,3.0,5.0,6.0,4.0,19.0,20.0,2.0,1.0,0.0,2.0,
F1,28/04/13,00:00,Lyon,St Etienne,1.0,1.0,D,0.0,1.0,A,13.0,13.0,3.0,4.0,4.0,6.0,10.0,10.0,2.0,2.0,0.0,0.0,
F1,28/04/13,00:00,Nice,Troyes,3.0,1.0,H,2.0,1.0,H,17.0,11.0,4.0,3.0,7.0,4.0,12.0,12.0,1.0,2.0,0.0,0.0,
F1,03/05/13,00:00,St Etienne,Bordeaux,0.0,0.0,D,0.0,0.0,D,15.0,4.0,5.0,0.0,10.0,0.0,10.0,10.0,1.0,2.0,0.0,0.0,
F1,04/05/13,00:00,Marseille,Bastia,2.0,1.0,H,1.0,0.0,H,16.0,6.0,8.0,3.0,13.0,4.0,11.0,12.0,0.0,1.0,0.0,0.0,
F1,04/05/13,00:00,Montpellier,Brest,2.0,1.0,H,1.0,1.0,D,8.0,11.0,4.0,2.0,8.0,4.0,12.0,18.0,1.0,3.0,0.0,0.0,
F1,04/05/13,00:00,Reims,Ajaccio,1.0,1.0,D,1.0,1.0,D,15.0,9.0,8.0,4.0,8.0,8.0,11.0,17.0,2.0,3.0,0.0,0.0,
F1,04/05/13,00:00,Sochaux,Lorient,1.0,0.0,H,1.0,0.0,H,8.0,13.0,3.0,7.0,5.0,5.0,15.0,10.0,1.0,1.0,0.0,0.0,
F1,04/05/13,00:00,Toulouse,Lille,4.0,2.0,H,2.0,1.0,H,14.0,11.0,9.0,8.0,3.0,6.0,24.0,16.0,2.0,0.0,0.0,0.0,
F1,04/05/13,00:00,Troyes,Evian Thonon Gaillard,1.0,0.0,H,0.0,0.0,D,9.0,10.0,3.0,3.0,3.0,3.0,13.0,12.0,2.0,3.0,0.0,0.0,
F1,05/05/13,00:00,Nancy,Lyon,0.0,3.0,A,0.0,0.0,D,15.0,17.0,3.0,5.0,8.0,6.0,11.0,15.0,0.0,2.0,0.0,0.0,
F1,05/05/13,00:00,Paris SG,Valenciennes,1.0,1.0,D,0.0,1.0,A,19.0,17.0,4.0,6.0,14.0,5.0,8.0,15.0,5.0,2.0,1.0,0.0,
F1,05/05/13,00:00,Rennes,Nice,0.0,3.0,A,0.0,0.0,D,12.0,9.0,2.0,5.0,1.0,4.0,9.0,18.0,2.0,1.0,1.0,1.0,
F1,10/05/13,00:00,Lille,Reims,3.0,0.0,H,1.0,0.0,H,19.0,14.0,4.0,1.0,5.0,7.0,15.0,15.0,2.0,3.0,0.0,0.0,
F1,11/05/13,00:00,Ajaccio,Troyes,0.0,1.0,A,0.0,1.0,A,16.0,9.0,3.0,2.0,4.0,5.0,13.0,12.0,0.0,0.0,0.0,0.0,
F1,11/05/13,00:00,Bastia,Montpellier,3.0,1.0,H,2.0,1.0,H,12.0,11.0,4.0,5.0,7.0,5.0,19.0,10.0,2.0,1.0,0.0,0.0,
F1,11/05/13,00:00,Bordeaux,Nancy,3.0,2.0,H,2.0,0.0,H,24.0,9.0,12.0,3.0,7.0,4.0,16.0,11.0,3.0,2.0,0.0,0.0,
F1,11/05/13,00:00,Brest,Sochaux,0.0,2.0,A,0.0,0.0,D,12.0,13.0,4.0,7.0,6.0,10.0,18.0,12.0,3.0,3.0,1.0,0.0,
F1,11/05/13,00:00,Marseille,Toulouse,2.0,1.0,H,1.0,0.0,H,14.0,7.0,4.0,4.0,4.0,2.0,10.0,19.0,2.0,2.0,0.0,0.0,
F1,11/05/13,00:00,Valenciennes,Rennes,4.0,1.0,H,1.0,1.0,D,13.0,10.0,6.0,4.0,3.0,3.0,8.0,16.0,0.0,2.0,0.0,2.0,
F1,12/05/13,00:00,Evian Thonon Gaillard,Nice,4.0,0.0,H,1.0,0.0,H,16.0,9.0,8.0,3.0,2.0,11.0,17.0,15.0,3.0,2.0,0.0,0.0,
F1,12/05/13,00:00,Lorient,St Etienne,3.0,1.0,H,0.0,0.0,D,11.0,11.0,6.0,4.0,7.0,8.0,11.0,11.0,1.0,3.0,0.0,0.0,
F1,12/05/13,00:00,Lyon,Paris SG,0.0,1.0,A,0.0,0.0,D,14.0,11.0,2.0,6.0,3.0,4.0,18.0,10.0,2.0,2.0,0.0,0.0,
F1,18/05/13,00:00,Evian Thonon Gaillard,Valenciennes,2.0,0.0,H,2.0,0.0,H,12.0,10.0,5.0,2.0,6.0,7.0,11.0,15.0,2.0,1.0,0.0,0.0,
F1,18/05/13,00:00,Montpellier,Lille,0.0,0.0,D,0.0,0.0,D,14.0,12.0,1.0,3.0,5.0,5.0,14.0,18.0,1.0,3.0,0.0,1.0,
F1,18/05/13,00:00,Nancy,Bastia,1.0,2.0,A,0.0,0.0,D,16.0,12.0,6.0,6.0,9.0,0.0,18.0,21.0,3.0,1.0,0.0,0.0,
F1,18/05/13,00:00,Paris SG,Brest,3.0,1.0,H,3.0,0.0,H,11.0,22.0,5.0,8.0,3.0,4.0,7.0,10.0,0.0,0.0,0.0,0.0,
F1,18/05/13,00:00,Reims,Lorient,1.0,0.0,H,1.0,0.0,H,14.0,9.0,6.0,1.0,8.0,3.0,15.0,11.0,0.0,3.0,0.0,0.0,
F1,18/05/13,00:00,Rennes,Ajaccio,1.0,1.0,D,1.0,1.0,D,7.0,8.0,1.0,4.0,3.0,1.0,12.0,22.0,1.0,4.0,0.0,0.0,
F1,18/05/13,00:00,Sochaux,Toulouse,1.0,2.0,A,1.0,2.0,A,13.0,11.0,4.0,5.0,9.0,3.0,13.0,20.0,2.0,2.0,0.0,1.0,
F1,18/05/13,00:00,St Etienne,Marseille,2.0,0.0,H,2.0,0.0,H,12.0,10.0,6.0,3.0,3.0,7.0,14.0,9.0,0.0,1.0,0.0,0.0,
F1,18/05/13,00:00,Troyes,Bordeaux,1.0,0.0,H,0.0,0.0,D,13.0,10.0,4.0,1.0,3.0,5.0,17.0,8.0,2.0,3.0,0.0,1.0,
F1,19/05/13,00:00,Nice,Lyon,1.0,1.0,D,0.0,0.0,D,12.0,14.0,1.0,6.0,2.0,2.0,18.0,21.0,3.0,3.0,0.0,1.0,
F1,26/05/13,00:00,Ajaccio,Nice,0.0,2.0,A,0.0,0.0,D,5.0,5.0,3.0,3.0,4.0,0.0,14.0,19.0,1.0,1.0,0.0,0.0,
F1,26/05/13,00:00,Bastia,Sochaux,0.0,0.0,D,0.0,0.0,D,10.0,6.0,2.0,1.0,5.0,2.0,17.0,13.0,2.0,2.0,0.0,0.0,
F1,26/05/13,00:00,Bordeaux,Evian Thonon Gaillard,2.0,1.0,H,2.0,1.0,H,16.0,9.0,3.0,3.0,3.0,2.0,13.0,11.0,2.0,2.0,0.0,0.0,
F1,26/05/13,00:00,Brest,Nancy,1.0,2.0,A,0.0,2.0,A,14.0,10.0,3.0,4.0,7.0,5.0,6.0,17.0,1.0,1.0,0.0,0.0,
F1,26/05/13,00:00,Lille,St Etienne,1.0,1.0,D,1.0,0.0,H,19.0,6.0,4.0,2.0,5.0,3.0,10.0,17.0,2.0,2.0,0.0,1.0,
F1,26/05/13,00:00,Lorient,Paris SG,1.0,3.0,A,0.0,0.0,D,14.0,10.0,5.0,4.0,12.0,1.0,5.0,8.0,0.0,0.0,0.0,1.0,
F1,26/05/13,00:00,Lyon,Rennes,2.0,0.0,H,1.0,0.0,H,9.0,14.0,5.0,8.0,1.0,3.0,12.0,13.0,0.0,0.0,0.0,0.0,
F1,26/05/13,00:00,Marseille,Reims,0.0,0.0,D,0.0,0.0,D,21.0,4.0,7.0,0.0,10.0,5.0,7.0,14.0,0.0,0.0,0.0,0.0,
F1,26/05/13,00:00,Toulouse,Montpellier,2.0,0.0,H,2.0,0.0,H,16.0,19.0,9.0,4.0,3.0,9.0,21.0,16.0,1.0,2.0,0.0,0.0,
F1,26/05/13,00:00,Valenciennes,Troyes,2.0,1.0,H,0.0,1.0,A,14.0,7.0,4.0,5.0,6.0,3.0,20.0,13.0,2.0,3.0,0.0,0.0,
F1,09/08/13,00:00,Montpellier,Paris SG,1.0,1.0,D,1.0,0.0,H,6.0,12.0,1.0,4.0,1.0,8.0,22.0,18.0,2.0,2.0,1.0,0.0,
F1,10/08/13,00:00,Bordeaux,Monaco,0.0,2.0,A,0.0,0.0,D,11.0,13.0,2.0,6.0,3.0,7.0,16.0,11.0,1.0,0.0,0.0,0.0,
F1,10/08/13,00:00,Evian Thonon Gaillard,Sochaux,1.0,1.0,D,1.0,0.0,H,15.0,9.0,8.0,6.0,5.0,5.0,13.0,18.0,1.0,2.0,0.0,0.0,
F1,10/08/13,00:00,Lille,Lorient,1.0,0.0,H,1.0,0.0,H,6.0,6.0,3.0,3.0,4.0,3.0,18.0,18.0,1.0,1.0,0.0,1.0,
F1,10/08/13,00:00,Lyon,Nice,4.0,0.0,H,1.0,0.0,H,12.0,11.0,6.0,5.0,2.0,5.0,20.0,9.0,1.0,0.0,0.0,0.0,
F1,10/08/13,00:00,Nantes,Bastia,2.0,0.0,H,1.0,0.0,H,7.0,9.0,3.0,0.0,2.0,2.0,14.0,14.0,1.0,3.0,1.0,1.0,
F1,10/08/13,00:00,Rennes,Reims,2.0,1.0,H,1.0,1.0,D,13.0,15.0,6.0,5.0,4.0,8.0,7.0,15.0,1.0,2.0,0.0,0.0,
F1,10/08/13,00:00,Valenciennes,Toulouse,3.0,0.0,H,1.0,0.0,H,19.0,2.0,7.0,1.0,6.0,0.0,22.0,12.0,2.0,0.0,0.0,1.0,
F1,11/08/13,00:00,Ajaccio,St Etienne,0.0,1.0,A,0.0,1.0,A,7.0,8.0,1.0,2.0,1.0,3.0,16.0,20.0,0.0,1.0,1.0,0.0,
F1,11/08/13,00:00,Guingamp,Marseille,1.0,3.0,A,0.0,3.0,A,13.0,16.0,5.0,7.0,9.0,3.0,16.0,19.0,2.0,4.0,0.0,0.0,
F1,16/08/13,00:00,Sochaux,Lyon,1.0,3.0,A,1.0,2.0,A,11.0,15.0,8.0,8.0,8.0,5.0,14.0,19.0,3.0,0.0,0.0,0.0,
F1,17/08/13,00:00,Bastia,Valenciennes,2.0,0.0,H,0.0,0.0,D,9.0,7.0,2.0,3.0,6.0,4.0,13.0,15.0,2.0,2.0,0.0,0.0,
F1,17/08/13,00:00,Marseille,Evian Thonon Gaillard,2.0,0.0,H,1.0,0.0,H,8.0,16.0,3.0,4.0,3.0,8.0,11.0,12.0,3.0,1.0,0.0,0.0,
F1,17/08/13,00:00,Nice,Rennes,2.0,1.0,H,1.0,1.0,D,15.0,4.0,5.0,3.0,5.0,0.0,12.0,19.0,0.0,1.0,0.0,1.0,
F1,17/08/13,00:00,Reims,Lille,2.0,1.0,H,1.0,0.0,H,10.0,15.0,3.0,3.0,3.0,7.0,12.0,14.0,1.0,0.0,0.0,0.0,
F1,17/08/13,00:00,St Etienne,Guingamp,1.0,0.0,H,0.0,0.0,D,9.0,5.0,1.0,2.0,6.0,4.0,13.0,11.0,4.0,3.0,0.0,0.0,
F1,17/08/13,00:00,Toulouse,Bordeaux,1.0,1.0,D,1.0,1.0,D,12.0,8.0,6.0,4.0,6.0,2.0,16.0,17.0,3.0,1.0,0.0,1.0,
F1,18/08/13,00:00,Lorient,Nantes,2.0,1.0,H,1.0,1.0,D,14.0,8.0,8.0,3.0,10.0,3.0,8.0,19.0,1.0,1.0,0.0,0.0,
F1,18/08/13,00:00,Monaco,Montpellier,4.0,1.0,H,2.0,1.0,H,13.0,5.0,7.0,3.0,9.0,1.0,21.0,15.0,2.0,3.0,0.0,1.0,
F1,18/08/13,00:00,Paris SG,Ajaccio,1.0,1.0,D,0.0,1.0,A,37.0,1.0,15.0,1.0,12.0,1.0,17.0,11.0,2.0,3.0,0.0,0.0,
F1,23/08/13,00:00,Monaco,Toulouse,0.0,0.0,D,0.0,0.0,D,21.0,3.0,5.0,0.0,4.0,1.0,17.0,24.0,1.0,3.0,0.0,0.0,
F1,24/08/13,00:00,Bordeaux,Bastia,1.0,0.0,H,1.0,0.0,H,12.0,4.0,5.0,2.0,2.0,4.0,13.0,17.0,2.0,2.0,0.0,0.0,
F1,24/08/13,00:00,Evian Thonon Gaillard,Rennes,1.0,2.0,A,0.0,2.0,A,17.0,11.0,5.0,4.0,3.0,5.0,10.0,14.0,2.0,3.0,0.0,0.0,
F1,24/08/13,00:00,Guingamp,Lorient,2.0,0.0,H,1.0,0.0,H,10.0,11.0,3.0,5.0,6.0,5.0,17.0,17.0,2.0,2.0,0.0,0.0,
F1,24/08/13,00:00,Lyon,Reims,0.0,1.0,A,0.0,0.0,D,19.0,6.0,5.0,2.0,7.0,1.0,17.0,13.0,1.0,2.0,0.0,0.0,
F1,24/08/13,00:00,Montpellier,Sochaux,2.0,1.0,H,1.0,1.0,D,12.0,9.0,4.0,1.0,1.0,3.0,24.0,17.0,2.0,3.0,0.0,1.0,
F1,24/08/13,00:00,Valenciennes,Marseille,0.0,1.0,A,0.0,0.0,D,7.0,18.0,2.0,6.0,6.0,11.0,22.0,15.0,1.0,3.0,0.0,0.0,
F1,25/08/13,00:00,Ajaccio,Nice,0.0,0.0,D,0.0,0.0,D,5.0,10.0,2.0,2.0,5.0,3.0,20.0,13.0,0.0,0.0,0.0,0.0,
F1,25/08/13,00:00,Lille,St Etienne,1.0,0.0,H,1.0,0.0,H,12.0,6.0,5.0,2.0,4.0,2.0,11.0,20.0,2.0,1.0,0.0,0.0,
F1,25/08/13,00:00,Nantes,Paris SG,1.0,2.0,A,0.0,1.0,A,13.0,13.0,3.0,6.0,8.0,6.0,10.0,14.0,1.0,1.0,0.0,0.0,
F1,31/08/13,00:00,Bastia,Toulouse,2.0,1.0,H,1.0,0.0,H,7.0,9.0,4.0,3.0,4.0,3.0,15.0,18.0,2.0,4.0,1.0,0.0,
F1,31/08/13,00:00,Evian Thonon Gaillard,Lyon,2.0,1.0,H,2.0,0.0,H,15.0,6.0,5.0,2.0,3.0,10.0,10.0,13.0,1.0,1.0,0.0,0.0,
F1,31/08/13,00:00,Lorient,Valenciennes,1.0,0.0,H,1.0,0.0,H,15.0,8.0,3.0,1.0,6.0,5.0,9.0,19.0,1.0,1.0,0.0,1.0,
F1,31/08/13,00:00,Paris SG,Guingamp,2.0,0.0,H,0.0,0.0,D,25.0,7.0,7.0,1.0,13.0,1.0,13.0,15.0,1.0,2.0,0.0,0.0,
F1,31/08/13,00:00,Reims,Nantes,0.0,0.0,D,0.0,0.0,D,7.0,9.0,2.0,2.0,4.0,0.0,11.0,3.0,1.0,0.0,0.0,0.0,
F1,31/08/13,00:00,Rennes,Lille,0.0,0.0,D,0.0,0.0,D,11.0,10.0,2.0,1.0,2.0,2.0,10.0,15.0,1.0,2.0,0.0,0.0,
F1,31/08/13,00:00,Sochaux,Ajaccio,0.0,0.0,D,0.0,0.0,D,17.0,9.0,5.0,2.0,5.0,2.0,8.0,11.0,1.0,1.0,0.0,0.0,
F1,01/09/13,00:00,Marseille,Monaco,1.0,2.0,A,1.0,0.0,H,10.0,12.0,2.0,4.0,6.0,10.0,16.0,13.0,2.0,3.0,0.0,0.0,
F1,01/09/13,00:00,Nice,Montpellier,2.0,2.0,D,2.0,1.0,H,12.0,5.0,4.0,3.0,4.0,2.0,18.0,19.0,3.0,4.0,0.0,1.0,
F1,01/09/13,00:00,St Etienne,Bordeaux,2.0,1.0,H,1.0,0.0,H,12.0,13.0,5.0,5.0,4.0,4.0,17.0,10.0,2.0,1.0,0.0,0.0,
F1,13/09/13,00:00,Bordeaux,Paris SG,0.0,2.0,A,0.0,1.0,A,6.0,14.0,1.0,7.0,1.0,5.0,14.0,13.0,2.0,2.0,0.0,0.0,
F1,14/09/13,00:00,Ajaccio,Evian Thonon Gaillard,2.0,3.0,A,0.0,2.0,A,18.0,12.0,8.0,5.0,7.0,5.0,10.0,20.0,2.0,3.0,0.0,0.0,
F1,14/09/13,00:00,Guingamp,Bastia,1.0,1.0,D,0.0,0.0,D,7.0,11.0,5.0,1.0,1.0,1.0,19.0,18.0,2.0,3.0,0.0,0.0,
F1,14/09/13,00:00,Montpellier,Reims,0.0,0.0,D,0.0,0.0,D,16.0,9.0,3.0,3.0,4.0,3.0,8.0,8.0,2.0,2.0,0.0,0.0,
F1,14/09/13,00:00,Nantes,Sochaux,1.0,0.0,H,0.0,0.0,D,11.0,1.0,5.0,0.0,3.0,2.0,12.0,8.0,0.0,1.0,0.0,0.0,
F1,14/09/13,00:00,Toulouse,Marseille,1.0,1.0,D,0.0,0.0,D,20.0,15.0,4.0,8.0,6.0,5.0,17.0,13.0,2.0,2.0,0.0,0.0,
F1,14/09/13,00:00,Valenciennes,St Etienne,1.0,3.0,A,0.0,1.0,A,10.0,10.0,3.0,4.0,5.0,0.0,11.0,9.0,2.0,1.0,0.0,0.0,
F1,15/09/13,00:00,Lille,Nice,0.0,2.0,A,0.0,2.0,A,22.0,5.0,9.0,4.0,10.0,2.0,16.0,16.0,3.0,3.0,0.0,0.0,
F1,15/09/13,00:00,Lyon,Rennes,0.0,0.0,D,0.0,0.0,D,18.0,5.0,6.0,3.0,8.0,2.0,16.0,14.0,0.0,1.0,0.0,0.0,
F1,15/09/13,00:00,Monaco,Lorient,1.0,0.0,H,1.0,0.0,H,11.0,6.0,3.0,0.0,2.0,1.0,13.0,16.0,3.0,3.0,0.0,0.0,
F1,20/09/13,00:00,St Etienne,Toulouse,1.0,2.0,A,1.0,0.0,H,18.0,11.0,3.0,6.0,4.0,5.0,19.0,17.0,2.0,2.0,0.0,0.0,
F1,21/09/13,00:00,Bastia,Marseille,0.0,0.0,D,0.0,0.0,D,12.0,11.0,5.0,1.0,4.0,4.0,19.0,10.0,2.0,0.0,0.0,0.0,
F1,21/09/13,00:00,Evian Thonon Gaillard,Montpellier,2.0,2.0,D,0.0,1.0,A,12.0,8.0,5.0,3.0,3.0,1.0,12.0,11.0,2.0,3.0,0.0,1.0,
F1,21/09/13,00:00,Reims,Guingamp,1.0,1.0,D,0.0,1.0,A,15.0,15.0,3.0,4.0,7.0,6.0,15.0,12.0,3.0,1.0,0.0,0.0,
F1,21/09/13,00:00,Rennes,Ajaccio,2.0,0.0,H,2.0,0.0,H,14.0,17.0,7.0,2.0,6.0,6.0,20.0,13.0,2.0,2.0,0.0,0.0,
F1,21/09/13,00:00,Sochaux,Lille,0.0,2.0,A,0.0,2.0,A,14.0,15.0,6.0,8.0,4.0,4.0,18.0,14.0,2.0,1.0,0.0,0.0,
F1,22/09/13,00:00,Lorient,Bordeaux,3.0,3.0,D,2.0,3.0,A,16.0,11.0,10.0,3.0,3.0,4.0,13.0,14.0,1.0,2.0,0.0,0.0,
F1,22/09/13,00:00,Lyon,Nantes,3.0,1.0,H,1.0,1.0,D,11.0,9.0,5.0,2.0,6.0,4.0,18.0,12.0,0.0,0.0,0.0,0.0,
F1,22/09/13,00:00,Nice,Valenciennes,4.0,0.0,H,2.0,0.0,H,10.0,8.0,5.0,1.0,4.0,3.0,13.0,14.0,1.0,2.0,0.0,0.0,
F1,22/09/13,00:00,Paris SG,Monaco,1.0,1.0,D,1.0,1.0,D,18.0,15.0,2.0,4.0,6.0,2.0,5.0,18.0,1.0,3.0,0.0,0.0,
F1,24/09/13,00:00,Lille,Evian Thonon Gaillard,3.0,0.0,H,2.0,0.0,H,12.0,6.0,5.0,1.0,4.0,2.0,16.0,12.0,1.0,2.0,0.0,0.0,
F1,24/09/13,00:00,Marseille,St Etienne,2.0,1.0,H,2.0,1.0,H,12.0,11.0,5.0,2.0,8.0,11.0,10.0,17.0,1.0,1.0,0.0,0.0,
F1,25/09/13,00:00,Ajaccio,Lyon,2.0,1.0,H,1.0,0.0,H,7.0,15.0,3.0,8.0,1.0,6.0,18.0,18.0,5.0,2.0,0.0,1.0,
F1,25/09/13,00:00,Bordeaux,Reims,0.0,0.0,D,0.0,0.0,D,20.0,9.0,7.0,3.0,15.0,4.0,15.0,23.0,1.0,2.0,0.0,0.0,
F1,25/09/13,00:00,Guingamp,Sochaux,5.0,1.0,H,3.0,0.0,H,14.0,15.0,7.0,6.0,3.0,2.0,14.0,18.0,2.0,4.0,0.0,0.0,
F1,25/09/13,00:00,Monaco,Bastia,3.0,0.0,H,2.0,0.0,H,19.0,12.0,9.0,5.0,10.0,5.0,9.0,14.0,1.0,1.0,0.0,0.0,
F1,25/09/13,00:00,Nantes,Nice,2.0,0.0,H,1.0,0.0,H,16.0,4.0,6.0,0.0,8.0,0.0,10.0,12.0,1.0,1.0,0.0,0.0,
F1,25/09/13,00:00,Toulouse,Lorient,1.0,0.0,H,0.0,0.0,D,14.0,11.0,4.0,4.0,6.0,3.0,13.0,17.0,1.0,2.0,0.0,0.0,
F1,25/09/13,00:00,Valenciennes,Paris SG,0.0,1.0,A,0.0,1.0,A,14.0,6.0,3.0,2.0,8.0,4.0,13.0,10.0,1.0,4.0,0.0,0.0,
F1,26/09/13,00:00,Montpellier,Rennes,0.0,0.0,D,0.0,0.0,D,20.0,8.0,4.0,3.0,7.0,2.0,18.0,14.0,3.0,1.0,0.0,0.0,
F1,28/09/13,00:00,Evian Thonon Gaillard,Bordeaux,1.0,1.0,D,1.0,0.0,H,11.0,17.0,2.0,7.0,6.0,8.0,23.0,17.0,3.0,3.0,0.0,1.0,
F1,28/09/13,00:00,Lorient,Marseille,0.0,2.0,A,0.0,0.0,D,15.0,12.0,6.0,4.0,6.0,2.0,6.0,11.0,1.0,1.0,0.0,0.0,
F1,28/09/13,00:00,Lyon,Lille,0.0,0.0,D,0.0,0.0,D,6.0,14.0,1.0,5.0,1.0,7.0,15.0,12.0,3.0,2.0,0.0,0.0,
F1,28/09/13,00:00,Nice,Guingamp,1.0,0.0,H,0.0,0.0,D,16.0,10.0,7.0,4.0,10.0,3.0,17.0,16.0,1.0,2.0,0.0,0.0,
F1,28/09/13,00:00,Paris SG,Toulouse,2.0,0.0,H,1.0,0.0,H,14.0,7.0,4.0,3.0,6.0,2.0,12.0,15.0,0.0,3.0,0.0,0.0,
F1,28/09/13,00:00,Sochaux,Valenciennes,2.0,0.0,H,2.0,0.0,H,8.0,15.0,5.0,2.0,4.0,12.0,14.0,16.0,4.0,3.0,0.0,0.0,
F1,28/09/13,00:00,St Etienne,Bastia,2.0,2.0,D,1.0,0.0,H,20.0,4.0,7.0,2.0,5.0,1.0,5.0,15.0,2.0,4.0,0.0,0.0,
F1,29/09/13,00:00,Ajaccio,Montpellier,1.0,1.0,D,1.0,1.0,D,10.0,12.0,2.0,7.0,6.0,6.0,16.0,15.0,3.0,1.0,1.0,1.0,
F1,29/09/13,00:00,Reims,Monaco,1.0,1.0,D,1.0,1.0,D,13.0,16.0,3.0,7.0,6.0,7.0,15.0,12.0,1.0,1.0,1.0,0.0,
F1,29/09/13,00:00,Rennes,Nantes,1.0,3.0,A,0.0,2.0,A,6.0,14.0,4.0,5.0,2.0,4.0,9.0,16.0,1.0,2.0,0.0,0.0,
F1,04/10/13,00:00,Bastia,Lorient,4.0,1.0,H,2.0,1.0,H,15.0,9.0,10.0,2.0,4.0,6.0,15.0,20.0,2.0,4.0,0.0,1.0,
F1,05/10/13,00:00,Guingamp,Rennes,2.0,0.0,H,0.0,0.0,D,22.0,6.0,8.0,2.0,9.0,3.0,17.0,15.0,0.0,1.0,0.0,1.0,
F1,05/10/13,00:00,Lille,Ajaccio,3.0,0.0,H,1.0,0.0,H,18.0,6.0,6.0,1.0,8.0,4.0,14.0,11.0,1.0,1.0,0.0,0.0,
F1,05/10/13,00:00,Monaco,St Etienne,2.0,1.0,H,1.0,0.0,H,11.0,8.0,6.0,5.0,7.0,0.0,14.0,17.0,1.0,6.0,0.0,0.0,
F1,05/10/13,00:00,Nantes,Evian Thonon Gaillard,3.0,0.0,H,2.0,0.0,H,7.0,11.0,4.0,2.0,6.0,4.0,11.0,13.0,1.0,2.0,0.0,0.0,
F1,05/10/13,00:00,Toulouse,Nice,1.0,0.0,H,1.0,0.0,H,8.0,10.0,2.0,3.0,1.0,4.0,18.0,13.0,1.0,1.0,0.0,0.0,
F1,05/10/13,00:00,Valenciennes,Reims,1.0,1.0,D,0.0,1.0,A,18.0,9.0,11.0,4.0,22.0,4.0,15.0,16.0,0.0,2.0,0.0,0.0,
F1,06/10/13,00:00,Bordeaux,Sochaux,4.0,1.0,H,2.0,1.0,H,18.0,10.0,7.0,1.0,4.0,4.0,11.0,17.0,3.0,2.0,0.0,0.0,
F1,06/10/13,00:00,Marseille,Paris SG,1.0,2.0,A,1.0,1.0,D,11.0,4.0,6.0,4.0,6.0,1.0,23.0,12.0,3.0,4.0,0.0,1.0,
F1,06/10/13,00:00,Montpellier,Lyon,5.0,1.0,H,2.0,0.0,H,15.0,18.0,10.0,4.0,3.0,5.0,16.0,19.0,2.0,2.0,0.0,1.0,
F1,18/10/13,00:00,Nice,Marseille,1.0,0.0,H,1.0,0.0,H,7.0,19.0,3.0,6.0,2.0,14.0,16.0,14.0,2.0,2.0,0.0,0.0,
F1,18/10/13,00:00,Reims,Toulouse,1.0,2.0,A,0.0,1.0,A,11.0,13.0,5.0,7.0,4.0,4.0,18.0,12.0,2.0,2.0,1.0,0.0,
F1,19/10/13,00:00,Ajaccio,Nantes,0.0,1.0,A,0.0,0.0,D,7.0,16.0,3.0,5.0,7.0,6.0,18.0,16.0,2.0,3.0,0.0,0.0,
F1,19/10/13,00:00,Evian Thonon Gaillard,Guingamp,1.0,2.0,A,1.0,0.0,H,10.0,9.0,2.0,5.0,4.0,6.0,17.0,12.0,2.0,0.0,0.0,0.0,
F1,19/10/13,00:00,Montpellier,Lille,0.0,1.0,A,0.0,1.0,A,11.0,9.0,4.0,2.0,5.0,4.0,7.0,17.0,0.0,3.0,0.0,0.0,
F1,19/10/13,00:00,Paris SG,Bastia,4.0,0.0,H,2.0,0.0,H,20.0,11.0,8.0,2.0,6.0,3.0,9.0,15.0,0.0,2.0,0.0,0.0,
F1,19/10/13,00:00,Rennes,Valenciennes,2.0,2.0,D,1.0,0.0,H,13.0,13.0,5.0,6.0,1.0,8.0,7.0,12.0,1.0,0.0,0.0,0.0,
F1,20/10/13,00:00,Lyon,Bordeaux,1.0,1.0,D,0.0,0.0,D,18.0,9.0,6.0,1.0,5.0,5.0,16.0,15.0,1.0,2.0,1.0,0.0,
F1,20/10/13,00:00,Sochaux,Monaco,2.0,2.0,D,0.0,2.0,A,16.0,12.0,7.0,5.0,9.0,3.0,16.0,18.0,2.0,2.0,0.0,0.0,
F1,20/10/13,00:00,St Etienne,Lorient,3.0,2.0,H,2.0,1.0,H,19.0,11.0,7.0,5.0,4.0,4.0,19.0,11.0,3.0,2.0,0.0,0.0,
F1,25/10/13,00:00,Nantes,Lille,0.0,1.0,A,0.0,1.0,A,7.0,12.0,2.0,4.0,5.0,1.0,11.0,19.0,0.0,4.0,1.0,0.0,
F1,26/10/13,00:00,Bastia,Nice,1.0,0.0,H,1.0,0.0,H,9.0,13.0,3.0,4.0,4.0,3.0,13.0,17.0,2.0,3.0,1.0,1.0,
F1,26/10/13,00:00,Guingamp,Ajaccio,2.0,1.0,H,0.0,1.0,A,17.0,13.0,6.0,4.0,8.0,2.0,19.0,19.0,2.0,4.0,0.0,0.0,
F1,26/10/13,00:00,Lorient,Sochaux,2.0,1.0,H,1.0,0.0,H,10.0,7.0,6.0,2.0,4.0,3.0,18.0,9.0,1.0,1.0,0.0,0.0,
F1,26/10/13,00:00,Marseille,Reims,2.0,3.0,A,0.0,2.0,A,16.0,8.0,5.0,4.0,8.0,5.0,13.0,16.0,2.0,0.0,0.0,0.0,
F1,26/10/13,00:00,Toulouse,Rennes,0.0,5.0,A,0.0,3.0,A,16.0,14.0,2.0,10.0,4.0,2.0,11.0,15.0,1.0,1.0,0.0,0.0,
F1,26/10/13,00:00,Valenciennes,Evian Thonon Gaillard,0.0,1.0,A,0.0,0.0,D,10.0,5.0,2.0,3.0,7.0,4.0,10.0,11.0,1.0,3.0,0.0,0.0,
F1,27/10/13,00:00,Bordeaux,Montpellier,2.0,0.0,H,0.0,0.0,D,16.0,5.0,7.0,1.0,6.0,3.0,21.0,9.0,3.0,0.0,0.0,1.0,
F1,27/10/13,00:00,Monaco,Lyon,2.0,1.0,H,2.0,0.0,H,10.0,7.0,4.0,2.0,2.0,6.0,12.0,17.0,1.0,3.0,0.0,0.0,
F1,27/10/13,00:00,St Etienne,Paris SG,2.0,2.0,D,1.0,0.0,H,9.0,21.0,3.0,4.0,5.0,7.0,11.0,12.0,2.0,3.0,1.0,0.0,
F1,01/11/13,00:00,Paris SG,Lorient,4.0,0.0,H,3.0,0.0,H,17.0,9.0,10.0,2.0,6.0,6.0,8.0,11.0,0.0,0.0,0.0,0.0,
F1,02/11/13,00:00,Ajaccio,Valenciennes,1.0,3.0,A,1.0,1.0,D,13.0,14.0,5.0,5.0,2.0,6.0,26.0,20.0,2.0,2.0,0.0,0.0,
F1,02/11/13,00:00,Evian Thonon Gaillard,Toulouse,2.0,1.0,H,0.0,0.0,D,14.0,9.0,3.0,4.0,4.0,4.0,18.0,12.0,2.0,3.0,0.0,0.0,
F1,02/11/13,00:00,Lyon,Guingamp,2.0,0.0,H,2.0,0.0,H,14.0,8.0,7.0,1.0,13.0,5.0,13.0,9.0,1.0,2.0,0.0,1.0,
F1,02/11/13,00:00,Reims,Bastia,4.0,2.0,H,2.0,0.0,H,15.0,12.0,9.0,8.0,5.0,4.0,14.0,11.0,1.0,1.0,0.0,0.0,
F1,02/11/13,00:00,Rennes,Marseille,1.0,1.0,D,1.0,1.0,D,11.0,11.0,4.0,3.0,6.0,5.0,8.0,17.0,2.0,1.0,0.0,0.0,
F1,02/11/13,00:00,Sochaux,St Etienne,0.0,0.0,D,0.0,0.0,D,19.0,7.0,5.0,2.0,9.0,2.0,17.0,10.0,2.0,1.0,1.0,1.0,
F1,03/11/13,00:00,Lille,Monaco,2.0,0.0,H,1.0,0.0,H,7.0,15.0,3.0,7.0,5.0,8.0,19.0,20.0,2.0,2.0,0.0,0.0,
F1,03/11/13,00:00,Montpellier,Nantes,1.0,1.0,D,0.0,1.0,A,18.0,5.0,5.0,2.0,6.0,4.0,4.0,20.0,0.0,1.0,0.0,0.0,
F1,03/11/13,00:00,Nice,Bordeaux,1.0,2.0,A,0.0,1.0,A,8.0,11.0,1.0,4.0,7.0,2.0,15.0,14.0,3.0,2.0,0.0,0.0,
F1,08/11/13,00:00,Monaco,Evian Thonon Gaillard,1.0,1.0,D,1.0,1.0,D,15.0,9.0,2.0,5.0,12.0,2.0,8.0,21.0,1.0,2.0,0.0,0.0,
F1,09/11/13,00:00,Bastia,Rennes,1.0,0.0,H,1.0,0.0,H,15.0,10.0,5.0,3.0,9.0,4.0,16.0,10.0,1.0,2.0,0.0,0.0,
F1,09/11/13,00:00,Guingamp,Lille,0.0,0.0,D,0.0,0.0,D,9.0,13.0,1.0,3.0,4.0,5.0,20.0,18.0,1.0,3.0,1.0,0.0,
F1,09/11/13,00:00,Lorient,Reims,0.0,0.0,D,0.0,0.0,D,18.0,9.0,3.0,1.0,10.0,4.0,12.0,9.0,0.0,1.0,1.0,0.0,
F1,09/11/13,00:00,Paris SG,Nice,3.0,1.0,H,1.0,0.0,H,16.0,14.0,6.0,2.0,6.0,10.0,11.0,14.0,0.0,1.0,0.0,0.0,
F1,09/11/13,00:00,Toulouse,Ajaccio,1.0,1.0,D,1.0,1.0,D,25.0,4.0,7.0,2.0,11.0,0.0,11.0,19.0,2.0,2.0,0.0,0.0,
F1,09/11/13,00:00,Valenciennes,Montpellier,1.0,1.0,D,1.0,0.0,H,11.0,11.0,3.0,2.0,8.0,7.0,20.0,17.0,3.0,4.0,0.0,1.0,
F1,10/11/13,00:00,Bordeaux,Nantes,0.0,3.0,A,0.0,1.0,A,16.0,11.0,7.0,4.0,8.0,4.0,7.0,13.0,1.0,2.0,0.0,0.0,
F1,10/11/13,00:00,Marseille,Sochaux,2.0,1.0,H,1.0,0.0,H,13.0,8.0,4.0,2.0,5.0,4.0,12.0,15.0,0.0,1.0,0.0,0.0,
F1,10/11/13,00:00,St Etienne,Lyon,1.0,2.0,A,0.0,0.0,D,13.0,9.0,3.0,5.0,6.0,3.0,10.0,18.0,2.0,3.0,0.0,0.0,
F1,22/11/13,00:00,Ajaccio,Marseille,1.0,3.0,A,1.0,2.0,A,9.0,18.0,3.0,7.0,5.0,2.0,17.0,19.0,4.0,1.0,0.0,0.0,
F1,23/11/13,00:00,Evian Thonon Gaillard,Lorient,0.0,4.0,A,0.0,2.0,A,6.0,11.0,1.0,5.0,5.0,2.0,12.0,10.0,3.0,2.0,1.0,0.0,
F1,23/11/13,00:00,Lyon,Valenciennes,1.0,1.0,D,1.0,0.0,H,17.0,13.0,5.0,5.0,4.0,2.0,6.0,12.0,1.0,2.0,0.0,0.0,
F1,23/11/13,00:00,Montpellier,Guingamp,1.0,1.0,D,0.0,0.0,D,11.0,8.0,3.0,2.0,10.0,4.0,15.0,22.0,2.0,2.0,0.0,0.0,
F1,23/11/13,00:00,Reims,Paris SG,0.0,3.0,A,0.0,1.0,A,15.0,15.0,5.0,9.0,7.0,1.0,12.0,15.0,3.0,2.0,0.0,0.0,
F1,23/11/13,00:00,Rennes,Bordeaux,1.0,1.0,D,0.0,0.0,D,16.0,11.0,5.0,6.0,7.0,3.0,8.0,12.0,0.0,1.0,0.0,0.0,
F1,23/11/13,00:00,Sochaux,Bastia,1.0,1.0,D,0.0,1.0,A,16.0,10.0,4.0,3.0,5.0,5.0,11.0,7.0,0.0,2.0,0.0,0.0,
F1,24/11/13,00:00,Lille,Toulouse,1.0,0.0,H,0.0,0.0,D,16.0,5.0,1.0,3.0,9.0,5.0,14.0,17.0,1.0,3.0,0.0,1.0,
F1,24/11/13,00:00,Nantes,Monaco,0.0,1.0,A,0.0,0.0,D,10.0,12.0,3.0,5.0,4.0,5.0,16.0,9.0,3.0,1.0,0.0,0.0,
F1,24/11/13,00:00,Nice,St Etienne,0.0,1.0,A,0.0,1.0,A,11.0,9.0,2.0,4.0,5.0,3.0,6.0,17.0,1.0,1.0,0.0,0.0,
F1,29/11/13,00:00,Marseille,Montpellier,2.0,0.0,H,1.0,0.0,H,14.0,7.0,7.0,2.0,9.0,3.0,18.0,11.0,2.0,0.0,0.0,0.0,
F1,30/11/13,00:00,Guingamp,Nantes,1.0,0.0,H,0.0,0.0,D,11.0,12.0,3.0,3.0,8.0,7.0,9.0,24.0,1.0,4.0,0.0,0.0,
F1,30/11/13,00:00,Lorient,Nice,3.0,0.0,H,1.0,0.0,H,9.0,16.0,5.0,3.0,2.0,6.0,12.0,13.0,0.0,0.0,0.0,0.0,
F1,30/11/13,00:00,Monaco,Rennes,2.0,0.0,H,2.0,0.0,H,21.0,9.0,7.0,0.0,8.0,4.0,15.0,11.0,1.0,0.0,0.0,0.0,
F1,30/11/13,00:00,St Etienne,Reims,4.0,0.0,H,0.0,0.0,D,19.0,9.0,7.0,2.0,8.0,4.0,8.0,17.0,1.0,2.0,0.0,0.0,
F1,30/11/13,00:00,Toulouse,Sochaux,5.0,1.0,H,2.0,1.0,H,11.0,12.0,6.0,3.0,6.0,4.0,15.0,19.0,2.0,2.0,0.0,0.0,
F1,30/11/13,00:00,Valenciennes,Lille,0.0,1.0,A,0.0,0.0,D,9.0,9.0,2.0,1.0,10.0,1.0,13.0,10.0,2.0,0.0,0.0,1.0,
F1,01/12/13,00:00,Bastia,Evian Thonon Gaillard,2.0,0.0,H,0.0,0.0,D,14.0,6.0,6.0,3.0,4.0,5.0,10.0,12.0,1.0,2.0,0.0,0.0,
F1,01/12/13,00:00,Bordeaux,Ajaccio,4.0,0.0,H,1.0,0.0,H,10.0,6.0,5.0,1.0,3.0,5.0,16.0,17.0,2.0,4.0,0.0,0.0,
F1,01/12/13,00:00,Paris SG,Lyon,4.0,0.0,H,2.0,0.0,H,13.0,6.0,6.0,1.0,5.0,3.0,10.0,18.0,2.0,4.0,0.0,0.0,
F1,03/12/13,00:00,Lille,Marseille,1.0,0.0,H,0.0,0.0,D,12.0,11.0,4.0,4.0,9.0,4.0,18.0,16.0,0.0,0.0,0.0,0.0,
F1,03/12/13,00:00,Nantes,Valenciennes,2.0,1.0,H,0.0,0.0,D,12.0,11.0,6.0,3.0,6.0,4.0,9.0,11.0,1.0,0.0,0.0,0.0,
F1,03/12/13,00:00,Nice,Monaco,0.0,3.0,A,0.0,2.0,A,6.0,13.0,4.0,5.0,5.0,3.0,19.0,15.0,1.0,0.0,0.0,0.0,
F1,04/12/13,00:00,Ajaccio,Bastia,1.0,1.0,D,0.0,1.0,A,4.0,15.0,2.0,5.0,1.0,2.0,16.0,16.0,2.0,1.0,1.0,0.0,
F1,04/12/13,00:00,Evian Thonon Gaillard,Paris SG,2.0,0.0,H,0.0,0.0,D,13.0,17.0,3.0,3.0,6.0,10.0,13.0,8.0,1.0,0.0,0.0,0.0,
F1,04/12/13,00:00,Guingamp,Bordeaux,0.0,1.0,A,0.0,1.0,A,7.0,9.0,2.0,6.0,7.0,0.0,13.0,13.0,1.0,1.0,1.0,1.0,
F1,04/12/13,00:00,Montpellier,Lorient,0.0,2.0,A,0.0,0.0,D,13.0,13.0,3.0,4.0,9.0,6.0,13.0,11.0,2.0,1.0,2.0,0.0,
F1,04/12/13,00:00,Rennes,St Etienne,3.0,1.0,H,1.0,0.0,H,11.0,27.0,5.0,11.0,4.0,10.0,8.0,12.0,1.0,2.0,0.0,0.0,
F1,04/12/13,00:00,Sochaux,Reims,0.0,2.0,A,0.0,1.0,A,9.0,11.0,2.0,5.0,9.0,3.0,9.0,14.0,0.0,1.0,0.0,0.0,
F1,05/12/13,00:00,Lyon,Toulouse,1.0,1.0,D,1.0,0.0,H,15.0,7.0,5.0,3.0,7.0,2.0,15.0,14.0,2.0,2.0,0.0,0.0,
F1,06/12/13,00:00,Marseille,Nantes,0.0,1.0,A,0.0,1.0,A,19.0,10.0,6.0,3.0,10.0,5.0,6.0,14.0,2.0,1.0,0.0,0.0,
F1,07/12/13,00:00,Lorient,Rennes,2.0,0.0,H,1.0,0.0,H,17.0,5.0,7.0,2.0,6.0,4.0,15.0,11.0,2.0,0.0,0.0,1.0,
F1,07/12/13,00:00,Paris SG,Sochaux,5.0,0.0,H,1.0,0.0,H,18.0,5.0,8.0,2.0,5.0,5.0,17.0,13.0,3.0,3.0,0.0,0.0,
F1,07/12/13,00:00,Reims,Nice,1.0,0.0,H,0.0,0.0,D,15.0,13.0,3.0,2.0,4.0,4.0,12.0,15.0,1.0,2.0,0.0,0.0,
F1,07/12/13,00:00,Valenciennes,Guingamp,1.0,1.0,D,1.0,0.0,H,11.0,12.0,3.0,2.0,8.0,1.0,22.0,16.0,1.0,2.0,0.0,0.0,
F1,08/12/13,00:00,Bastia,Lyon,1.0,3.0,A,1.0,0.0,H,5.0,8.0,2.0,3.0,0.0,1.0,13.0,13.0,3.0,1.0,1.0,0.0,
F1,08/12/13,00:00,Bordeaux,Lille,1.0,0.0,H,1.0,0.0,H,10.0,5.0,4.0,1.0,3.0,2.0,14.0,14.0,0.0,1.0,1.0,0.0,
F1,08/12/13,00:00,Monaco,Ajaccio,1.0,0.0,H,0.0,0.0,D,22.0,5.0,5.0,3.0,10.0,2.0,11.0,15.0,1.0,0.0,0.0,1.0,
F1,08/12/13,00:00,Toulouse,Montpellier,1.0,1.0,D,0.0,1.0,A,15.0,12.0,4.0,3.0,10.0,3.0,14.0,20.0,3.0,1.0,1.0,1.0,
F1,13/12/13,00:00,Montpellier,St Etienne,0.0,1.0,A,0.0,0.0,D,5.0,14.0,0.0,3.0,7.0,1.0,11.0,15.0,2.0,3.0,0.0,0.0,
F1,14/12/13,00:00,Ajaccio,Lorient,1.0,2.0,A,1.0,1.0,D,12.0,10.0,6.0,2.0,5.0,6.0,13.0,10.0,1.0,2.0,0.0,0.0,
F1,14/12/13,00:00,Evian Thonon Gaillard,Reims,1.0,1.0,D,0.0,0.0,D,16.0,11.0,5.0,5.0,2.0,3.0,12.0,18.0,0.0,1.0,0.0,0.0,
F1,14/12/13,00:00,Guingamp,Monaco,0.0,2.0,A,0.0,2.0,A,10.0,17.0,3.0,3.0,4.0,7.0,11.0,13.0,1.0,2.0,1.0,0.0,
F1,14/12/13,00:00,Nantes,Toulouse,1.0,2.0,A,0.0,0.0,D,13.0,11.0,2.0,4.0,8.0,5.0,18.0,5.0,2.0,2.0,0.0,0.0,
F1,14/12/13,00:00,Nice,Sochaux,1.0,0.0,H,1.0,0.0,H,11.0,8.0,6.0,0.0,8.0,5.0,13.0,22.0,1.0,3.0,0.0,0.0,
F1,14/12/13,00:00,Rennes,Paris SG,1.0,3.0,A,0.0,1.0,A,6.0,7.0,2.0,5.0,9.0,4.0,11.0,19.0,1.0,1.0,0.0,0.0,
F1,15/12/13,00:00,Bordeaux,Valenciennes,2.0,1.0,H,0.0,0.0,D,11.0,5.0,4.0,3.0,5.0,2.0,12.0,12.0,1.0,2.0,0.0,0.0,
F1,15/12/13,00:00,Lille,Bastia,2.0,1.0,H,2.0,1.0,H,17.0,9.0,7.0,4.0,10.0,5.0,12.0,11.0,3.0,1.0,0.0,0.0,
F1,15/12/13,00:00,Lyon,Marseille,2.0,2.0,D,2.0,1.0,H,15.0,11.0,8.0,5.0,5.0,1.0,10.0,16.0,2.0,3.0,0.0,0.0,
F1,20/12/13,00:00,Monaco,Valenciennes,1.0,2.0,A,0.0,1.0,A,20.0,5.0,10.0,4.0,13.0,2.0,10.0,23.0,1.0,5.0,0.0,0.0,
F1,21/12/13,00:00,Bastia,Montpellier,0.0,0.0,D,0.0,0.0,D,13.0,7.0,5.0,2.0,3.0,2.0,13.0,14.0,2.0,1.0,0.0,0.0,
F1,21/12/13,00:00,Nice,Evian Thonon Gaillard,3.0,1.0,H,0.0,1.0,A,20.0,10.0,7.0,5.0,9.0,3.0,11.0,15.0,3.0,2.0,0.0,0.0,
F1,21/12/13,00:00,Reims,Ajaccio,4.0,1.0,H,0.0,0.0,D,18.0,15.0,8.0,4.0,7.0,7.0,16.0,14.0,1.0,2.0,0.0,0.0,
F1,21/12/13,00:00,Sochaux,Rennes,2.0,1.0,H,1.0,1.0,D,7.0,14.0,4.0,5.0,1.0,3.0,17.0,11.0,1.0,2.0,0.0,0.0,
F1,21/12/13,00:00,St Etienne,Nantes,2.0,0.0,H,1.0,0.0,H,16.0,12.0,6.0,2.0,5.0,7.0,15.0,11.0,1.0,2.0,0.0,0.0,
F1,21/12/13,00:00,Toulouse,Guingamp,0.0,0.0,D,0.0,0.0,D,13.0,6.0,3.0,1.0,3.0,6.0,11.0,15.0,1.0,2.0,0.0,0.0,
F1,22/12/13,00:00,Lorient,Lyon,2.0,2.0,D,0.0,1.0,A,7.0,7.0,4.0,3.0,5.0,5.0,11.0,10.0,0.0,0.0,0.0,0.0,
F1,22/12/13,00:00,Marseille,Bordeaux,2.0,2.0,D,0.0,1.0,A,17.0,10.0,12.0,2.0,5.0,6.0,14.0,7.0,2.0,1.0,0.0,0.0,
F1,22/12/13,00:00,Paris SG,Lille,2.0,2.0,D,1.0,1.0,D,17.0,6.0,6.0,5.0,11.0,3.0,17.0,11.0,4.0,4.0,0.0,0.0,
F1,08/01/14,00:00,St Etienne,Evian Thonon Gaillard,1.0,0.0,H,1.0,0.0,H,16.0,11.0,7.0,1.0,5.0,6.0,5.0,15.0,0.0,3.0,0.0,0.0,
F1,10/01/14,00:00,Montpellier,Monaco,1.0,1.0,D,0.0,0.0,D,8.0,9.0,5.0,4.0,4.0,3.0,14.0,18.0,1.0,4.0,0.0,0.0,
F1,11/01/14,00:00,Ajaccio,Paris SG,1.0,2.0,A,1.0,1.0,D,6.0,19.0,2.0,8.0,1.0,6.0,17.0,12.0,2.0,2.0,0.0,0.0,
F1,11/01/14,00:00,Bordeaux,Toulouse,0.0,1.0,A,0.0,0.0,D,11.0,11.0,3.0,2.0,5.0,1.0,19.0,8.0,2.0,1.0,1.0,1.0,
F1,11/01/14,00:00,Guingamp,St Etienne,0.0,0.0,D,0.0,0.0,D,12.0,9.0,3.0,4.0,5.0,4.0,14.0,21.0,0.0,1.0,0.0,0.0,
F1,11/01/14,00:00,Lyon,Sochaux,2.0,0.0,H,0.0,0.0,D,18.0,10.0,5.0,2.0,1.0,7.0,19.0,19.0,1.0,1.0,0.0,0.0,
F1,11/01/14,00:00,Rennes,Nice,0.0,0.0,D,0.0,0.0,D,19.0,6.0,4.0,0.0,5.0,1.0,12.0,7.0,2.0,1.0,0.0,0.0,
F1,11/01/14,00:00,Valenciennes,Bastia,3.0,2.0,H,2.0,0.0,H,8.0,16.0,3.0,3.0,4.0,4.0,8.0,10.0,0.0,0.0,0.0,0.0,
F1,12/01/14,00:00,Evian Thonon Gaillard,Marseille,1.0,2.0,A,1.0,2.0,A,14.0,9.0,6.0,4.0,10.0,2.0,11.0,12.0,0.0,0.0,0.0,0.0,
F1,12/01/14,00:00,Lille,Reims,1.0,2.0,A,0.0,0.0,D,18.0,8.0,5.0,4.0,5.0,2.0,10.0,16.0,1.0,1.0,0.0,0.0,
F1,12/01/14,00:00,Nantes,Lorient,1.0,0.0,H,0.0,0.0,D,10.0,11.0,4.0,3.0,8.0,8.0,10.0,12.0,0.0,0.0,0.0,0.0,
F1,17/01/14,00:00,St Etienne,Lille,2.0,0.0,H,0.0,0.0,D,11.0,12.0,5.0,3.0,2.0,7.0,16.0,15.0,1.0,1.0,0.0,1.0,
F1,18/01/14,00:00,Bastia,Bordeaux,1.0,0.0,H,1.0,0.0,H,11.0,14.0,5.0,4.0,4.0,5.0,14.0,11.0,2.0,1.0,0.0,0.0,
F1,18/01/14,00:00,Lorient,Guingamp,2.0,0.0,H,2.0,0.0,H,10.0,15.0,3.0,3.0,2.0,5.0,15.0,13.0,3.0,0.0,0.0,0.0,
F1,18/01/14,00:00,Nice,Ajaccio,2.0,0.0,H,1.0,0.0,H,12.0,14.0,7.0,3.0,5.0,2.0,20.0,16.0,3.0,3.0,0.0,0.0,
F1,18/01/14,00:00,Rennes,Evian Thonon Gaillard,0.0,0.0,D,0.0,0.0,D,13.0,11.0,5.0,1.0,9.0,4.0,7.0,14.0,1.0,2.0,0.0,0.0,
F1,18/01/14,00:00,Sochaux,Montpellier,0.0,2.0,A,0.0,1.0,A,6.0,12.0,0.0,4.0,1.0,4.0,13.0,7.0,1.0,0.0,1.0,0.0,
F1,19/01/14,00:00,Paris SG,Nantes,5.0,0.0,H,2.0,0.0,H,16.0,5.0,10.0,0.0,4.0,3.0,4.0,8.0,1.0,0.0,0.0,0.0,
F1,19/01/14,00:00,Reims,Lyon,0.0,2.0,A,0.0,1.0,A,11.0,14.0,3.0,7.0,3.0,5.0,11.0,15.0,2.0,1.0,0.0,0.0,
F1,19/01/14,00:00,Toulouse,Monaco,0.0,2.0,A,0.0,1.0,A,12.0,14.0,4.0,6.0,6.0,6.0,12.0,25.0,1.0,2.0,0.0,0.0,
F1,24/01/14,00:00,Lille,Rennes,1.0,1.0,D,1.0,1.0,D,21.0,9.0,10.0,3.0,11.0,0.0,7.0,18.0,1.0,0.0,0.0,0.0,
F1,25/01/14,00:00,Ajaccio,Sochaux,1.0,1.0,D,1.0,0.0,H,6.0,10.0,4.0,3.0,2.0,5.0,21.0,19.0,0.0,1.0,0.0,0.0,
F1,25/01/14,00:00,Guingamp,Paris SG,1.0,1.0,D,0.0,0.0,D,10.0,14.0,3.0,5.0,6.0,7.0,13.0,13.0,1.0,1.0,0.0,0.0,
F1,25/01/14,00:00,Montpellier,Nice,3.0,1.0,H,1.0,0.0,H,23.0,4.0,10.0,1.0,6.0,2.0,11.0,10.0,1.0,1.0,0.0,0.0,
F1,25/01/14,00:00,Nantes,Reims,0.0,0.0,D,0.0,0.0,D,14.0,11.0,4.0,1.0,4.0,2.0,14.0,11.0,2.0,2.0,0.0,0.0,
F1,25/01/14,00:00,Valenciennes,Lorient,1.0,1.0,D,0.0,1.0,A,13.0,15.0,4.0,4.0,4.0,11.0,8.0,13.0,1.0,1.0,0.0,0.0,
F1,26/01/14,00:00,Bordeaux,St Etienne,2.0,0.0,H,1.0,0.0,H,6.0,5.0,3.0,2.0,7.0,6.0,13.0,18.0,0.0,4.0,0.0,0.0,
F1,26/01/14,00:00,Lyon,Evian Thonon Gaillard,3.0,0.0,H,2.0,0.0,H,12.0,9.0,5.0,2.0,3.0,2.0,14.0,8.0,0.0,0.0,0.0,1.0,
F1,26/01/14,00:00,Monaco,Marseille,2.0,0.0,H,1.0,0.0,H,16.0,12.0,7.0,8.0,3.0,5.0,15.0,12.0,1.0,2.0,0.0,0.0,
F1,29/01/14,00:00,Marseille,Valenciennes,2.0,1.0,H,1.0,1.0,D,12.0,8.0,3.0,3.0,3.0,9.0,13.0,15.0,0.0,2.0,0.0,0.0,
F1,31/01/14,00:00,Paris SG,Bordeaux,2.0,0.0,H,0.0,0.0,D,21.0,4.0,4.0,3.0,8.0,2.0,11.0,11.0,0.0,0.0,0.0,0.0,
F1,01/02/14,00:00,Bastia,Guingamp,3.0,2.0,H,0.0,0.0,D,14.0,9.0,7.0,5.0,7.0,6.0,12.0,19.0,2.0,2.0,0.0,0.0,
F1,01/02/14,00:00,Evian Thonon Gaillard,Ajaccio,1.0,1.0,D,0.0,0.0,D,15.0,7.0,3.0,2.0,6.0,2.0,23.0,20.0,1.0,1.0,0.0,0.0,
F1,01/02/14,00:00,Lorient,Monaco,2.0,2.0,D,1.0,1.0,D,15.0,14.0,5.0,6.0,2.0,4.0,13.0,12.0,2.0,1.0,0.0,0.0,
F1,01/02/14,00:00,Reims,Montpellier,2.0,4.0,A,0.0,1.0,A,11.0,18.0,3.0,8.0,6.0,5.0,11.0,12.0,3.0,2.0,0.0,0.0,
F1,01/02/14,00:00,Sochaux,Nantes,1.0,0.0,H,1.0,0.0,H,7.0,14.0,3.0,4.0,2.0,10.0,8.0,16.0,0.0,1.0,0.0,0.0,
F1,01/02/14,00:00,St Etienne,Valenciennes,3.0,0.0,H,1.0,0.0,H,17.0,7.0,6.0,2.0,5.0,4.0,18.0,15.0,1.0,3.0,0.0,0.0,
F1,02/02/14,00:00,Marseille,Toulouse,2.0,2.0,D,2.0,1.0,H,15.0,7.0,3.0,3.0,2.0,7.0,12.0,16.0,1.0,3.0,0.0,0.0,
F1,02/02/14,00:00,Nice,Lille,1.0,0.0,H,1.0,0.0,H,6.0,13.0,4.0,3.0,4.0,3.0,13.0,14.0,1.0,1.0,0.0,0.0,
F1,02/02/14,00:00,Rennes,Lyon,2.0,0.0,H,1.0,0.0,H,8.0,22.0,3.0,2.0,6.0,6.0,6.0,15.0,0.0,1.0,0.0,1.0,
F1,07/02/14,00:00,Toulouse,St Etienne,0.0,0.0,D,0.0,0.0,D,6.0,9.0,2.0,3.0,4.0,3.0,14.0,19.0,4.0,2.0,0.0,0.0,
F1,08/02/14,00:00,Ajaccio,Rennes,3.0,1.0,H,2.0,1.0,H,12.0,7.0,7.0,5.0,5.0,6.0,16.0,15.0,1.0,1.0,0.0,0.0,
F1,08/02/14,00:00,Guingamp,Reims,1.0,2.0,A,0.0,0.0,D,20.0,10.0,5.0,4.0,3.0,3.0,10.0,16.0,1.0,2.0,0.0,0.0,
F1,08/02/14,00:00,Lille,Sochaux,2.0,0.0,H,1.0,0.0,H,21.0,5.0,12.0,1.0,8.0,3.0,14.0,22.0,0.0,2.0,0.0,0.0,
F1,08/02/14,00:00,Marseille,Bastia,3.0,0.0,H,2.0,0.0,H,14.0,5.0,5.0,1.0,3.0,1.0,16.0,16.0,1.0,2.0,0.0,0.0,
F1,08/02/14,00:00,Montpellier,Evian Thonon Gaillard,1.0,1.0,D,1.0,1.0,D,12.0,11.0,4.0,4.0,6.0,3.0,7.0,15.0,0.0,2.0,1.0,0.0,
F1,08/02/14,00:00,Valenciennes,Nice,2.0,1.0,H,1.0,0.0,H,16.0,7.0,9.0,3.0,10.0,4.0,8.0,14.0,2.0,3.0,0.0,0.0,
F1,09/02/14,00:00,Monaco,Paris SG,1.0,1.0,D,0.0,1.0,A,16.0,12.0,3.0,6.0,9.0,8.0,16.0,14.0,2.0,1.0,0.0,0.0,
F1,09/02/14,00:00,Nantes,Lyon,1.0,2.0,A,0.0,1.0,A,8.0,12.0,3.0,6.0,6.0,4.0,14.0,12.0,3.0,1.0,1.0,0.0,
F1,11/02/14,00:00,Toulouse,Bastia,1.0,3.0,A,1.0,2.0,A,9.0,9.0,2.0,4.0,3.0,3.0,15.0,13.0,2.0,2.0,1.0,0.0,
F1,14/02/14,00:00,Paris SG,Valenciennes,3.0,0.0,H,1.0,0.0,H,19.0,10.0,7.0,2.0,3.0,6.0,16.0,10.0,1.0,0.0,0.0,0.0,
F1,15/02/14,00:00,Bastia,Monaco,0.0,2.0,A,0.0,1.0,A,9.0,12.0,2.0,4.0,6.0,3.0,20.0,21.0,3.0,1.0,0.0,0.0,
F1,15/02/14,00:00,Lorient,Toulouse,1.0,3.0,A,1.0,0.0,H,8.0,14.0,4.0,6.0,9.0,3.0,10.0,14.0,2.0,2.0,1.0,0.0,
F1,15/02/14,00:00,Nice,Nantes,0.0,0.0,D,0.0,0.0,D,10.0,11.0,2.0,0.0,4.0,3.0,15.0,18.0,1.0,4.0,0.0,0.0,
F1,15/02/14,00:00,Reims,Bordeaux,1.0,0.0,H,0.0,0.0,D,9.0,18.0,6.0,6.0,4.0,9.0,14.0,10.0,0.0,1.0,0.0,0.0,
F1,15/02/14,00:00,Rennes,Montpellier,2.0,2.0,D,1.0,0.0,H,12.0,16.0,4.0,5.0,4.0,12.0,13.0,10.0,2.0,1.0,0.0,0.0,
F1,15/02/14,00:00,Sochaux,Guingamp,1.0,0.0,H,0.0,0.0,D,21.0,15.0,5.0,1.0,12.0,3.0,17.0,16.0,3.0,2.0,0.0,0.0,
F1,16/02/14,00:00,Evian Thonon Gaillard,Lille,2.0,2.0,D,1.0,1.0,D,7.0,10.0,4.0,5.0,1.0,3.0,18.0,9.0,3.0,1.0,0.0,0.0,
F1,16/02/14,00:00,Lyon,Ajaccio,3.0,1.0,H,1.0,0.0,H,16.0,10.0,9.0,2.0,7.0,1.0,13.0,15.0,1.0,2.0,0.0,0.0,
F1,16/02/14,00:00,St Etienne,Marseille,1.0,1.0,D,0.0,0.0,D,16.0,9.0,4.0,2.0,6.0,4.0,13.0,14.0,1.0,3.0,0.0,0.0,
F1,21/02/14,00:00,Monaco,Reims,3.0,2.0,H,1.0,0.0,H,18.0,6.0,7.0,3.0,6.0,2.0,9.0,15.0,3.0,1.0,0.0,1.0,
F1,22/02/14,00:00,Bastia,St Etienne,0.0,2.0,A,0.0,1.0,A,8.0,10.0,3.0,5.0,3.0,5.0,10.0,17.0,2.0,1.0,0.0,0.0,
F1,22/02/14,00:00,Bordeaux,Evian Thonon Gaillard,2.0,1.0,H,0.0,0.0,D,14.0,6.0,5.0,5.0,5.0,5.0,9.0,7.0,1.0,2.0,0.0,0.0,
F1,22/02/14,00:00,Guingamp,Nice,1.0,0.0,H,0.0,0.0,D,20.0,1.0,6.0,0.0,7.0,4.0,14.0,17.0,3.0,5.0,0.0,1.0,
F1,22/02/14,00:00,Marseille,Lorient,1.0,0.0,H,0.0,0.0,D,12.0,10.0,5.0,3.0,2.0,6.0,10.0,11.0,2.0,1.0,0.0,0.0,
F1,22/02/14,00:00,Montpellier,Ajaccio,2.0,0.0,H,0.0,0.0,D,17.0,6.0,7.0,1.0,3.0,1.0,13.0,13.0,1.0,1.0,0.0,0.0,
F1,22/02/14,00:00,Valenciennes,Sochaux,2.0,2.0,D,0.0,0.0,D,11.0,9.0,5.0,4.0,6.0,2.0,18.0,17.0,2.0,3.0,0.0,0.0,
F1,23/02/14,00:00,Lille,Lyon,0.0,0.0,D,0.0,0.0,D,16.0,9.0,4.0,5.0,6.0,7.0,13.0,15.0,3.0,1.0,0.0,0.0,
F1,23/02/14,00:00,Nantes,Rennes,0.0,3.0,A,0.0,1.0,A,5.0,15.0,0.0,6.0,5.0,4.0,13.0,13.0,1.0,1.0,0.0,0.0,
F1,23/02/14,00:00,Toulouse,Paris SG,2.0,4.0,A,1.0,1.0,D,9.0,13.0,7.0,8.0,2.0,6.0,15.0,15.0,3.0,1.0,0.0,0.0,
F1,25/02/14,00:00,Bordeaux,Lorient,3.0,2.0,H,2.0,1.0,H,12.0,9.0,7.0,4.0,8.0,4.0,9.0,12.0,0.0,0.0,0.0,0.0,
F1,28/02/14,00:00,Evian Thonon Gaillard,Nantes,2.0,0.0,H,0.0,0.0,D,6.0,7.0,3.0,2.0,5.0,2.0,10.0,12.0,0.0,0.0,0.0,0.0,
F1,01/03/14,00:00,Lorient,Bastia,1.0,1.0,D,1.0,0.0,H,17.0,13.0,3.0,4.0,5.0,4.0,3.0,7.0,0.0,0.0,0.0,0.0,
F1,01/03/14,00:00,Nice,Toulouse,0.0,2.0,A,0.0,0.0,D,6.0,13.0,1.0,6.0,1.0,3.0,12.0,20.0,1.0,2.0,1.0,0.0,
F1,01/03/14,00:00,Reims,Valenciennes,3.0,1.0,H,2.0,0.0,H,12.0,13.0,6.0,4.0,3.0,5.0,13.0,7.0,1.0,1.0,0.0,0.0,
F1,01/03/14,00:00,Rennes,Guingamp,0.0,2.0,A,0.0,1.0,A,11.0,14.0,3.0,7.0,11.0,5.0,11.0,18.0,3.0,1.0,0.0,0.0,
F1,01/03/14,00:00,Sochaux,Bordeaux,2.0,0.0,H,0.0,0.0,D,9.0,17.0,5.0,3.0,3.0,6.0,13.0,8.0,1.0,2.0,0.0,0.0,
F1,01/03/14,00:00,St Etienne,Monaco,2.0,0.0,H,1.0,0.0,H,12.0,10.0,4.0,4.0,3.0,3.0,11.0,17.0,2.0,1.0,0.0,0.0,
F1,02/03/14,00:00,Ajaccio,Lille,2.0,3.0,A,2.0,2.0,D,11.0,11.0,3.0,6.0,3.0,2.0,14.0,17.0,3.0,2.0,0.0,1.0,
F1,02/03/14,00:00,Lyon,Montpellier,0.0,0.0,D,0.0,0.0,D,20.0,6.0,6.0,2.0,8.0,3.0,16.0,16.0,1.0,3.0,0.0,0.0,
F1,02/03/14,00:00,Paris SG,Marseille,2.0,0.0,H,0.0,0.0,D,11.0,12.0,4.0,3.0,4.0,5.0,13.0,14.0,3.0,3.0,0.0,0.0,
F1,07/03/14,00:00,Marseille,Nice,0.0,1.0,A,0.0,0.0,D,16.0,5.0,7.0,1.0,3.0,4.0,19.0,11.0,2.0,1.0,0.0,0.0,
F1,08/03/14,00:00,Bastia,Paris SG,0.0,3.0,A,0.0,2.0,A,12.0,12.0,3.0,8.0,5.0,4.0,23.0,10.0,2.0,3.0,0.0,0.0,
F1,08/03/14,00:00,Guingamp,Evian Thonon Gaillard,0.0,1.0,A,0.0,0.0,D,15.0,3.0,5.0,2.0,8.0,1.0,17.0,13.0,3.0,4.0,0.0,0.0,
F1,08/03/14,00:00,Monaco,Sochaux,2.0,1.0,H,1.0,0.0,H,15.0,11.0,4.0,7.0,3.0,6.0,15.0,14.0,1.0,2.0,0.0,1.0,
F1,08/03/14,00:00,Nantes,Ajaccio,2.0,2.0,D,1.0,1.0,D,20.0,10.0,6.0,3.0,3.0,2.0,20.0,22.0,0.0,2.0,0.0,0.0,
F1,08/03/14,00:00,Toulouse,Reims,3.0,2.0,H,0.0,2.0,A,17.0,14.0,8.0,2.0,5.0,1.0,10.0,14.0,2.0,1.0,0.0,0.0,
F1,08/03/14,00:00,Valenciennes,Rennes,2.0,1.0,H,0.0,0.0,D,13.0,13.0,3.0,5.0,1.0,1.0,13.0,17.0,2.0,3.0,0.0,1.0,
F1,09/03/14,00:00,Bordeaux,Lyon,1.0,2.0,A,1.0,0.0,H,8.0,12.0,3.0,4.0,5.0,5.0,13.0,13.0,1.0,1.0,0.0,0.0,
F1,09/03/14,00:00,Lille,Montpellier,2.0,0.0,H,1.0,0.0,H,19.0,6.0,7.0,2.0,10.0,3.0,14.0,14.0,2.0,1.0,0.0,0.0,
F1,09/03/14,00:00,Lorient,St Etienne,1.0,0.0,H,0.0,0.0,D,15.0,9.0,8.0,1.0,10.0,5.0,5.0,18.0,2.0,3.0,0.0,0.0,
F1,14/03/14,00:00,Reims,Marseille,1.0,1.0,D,0.0,0.0,D,11.0,14.0,4.0,4.0,5.0,5.0,16.0,14.0,1.0,1.0,0.0,0.0,
F1,15/03/14,00:00,Ajaccio,Guingamp,1.0,2.0,A,1.0,1.0,D,16.0,14.0,3.0,3.0,4.0,7.0,10.0,14.0,2.0,2.0,0.0,0.0,
F1,15/03/14,00:00,Evian Thonon Gaillard,Valenciennes,0.0,1.0,A,0.0,0.0,D,8.0,11.0,2.0,3.0,2.0,4.0,16.0,11.0,1.0,0.0,0.0,0.0,
F1,15/03/14,00:00,Lille,Nantes,0.0,0.0,D,0.0,0.0,D,9.0,11.0,2.0,2.0,8.0,4.0,10.0,19.0,0.0,3.0,0.0,0.0,
F1,15/03/14,00:00,Nice,Bastia,2.0,0.0,H,1.0,0.0,H,11.0,7.0,4.0,0.0,6.0,6.0,12.0,10.0,1.0,2.0,0.0,1.0,
F1,15/03/14,00:00,Rennes,Toulouse,2.0,3.0,A,0.0,2.0,A,17.0,12.0,6.0,5.0,8.0,6.0,12.0,12.0,1.0,1.0,0.0,0.0,
F1,15/03/14,00:00,Sochaux,Lorient,2.0,0.0,H,1.0,0.0,H,17.0,15.0,7.0,3.0,4.0,1.0,19.0,11.0,2.0,1.0,0.0,0.0,
F1,16/03/14,00:00,Lyon,Monaco,2.0,3.0,A,1.0,2.0,A,16.0,11.0,3.0,4.0,7.0,4.0,10.0,20.0,1.0,4.0,0.0,0.0,
F1,16/03/14,00:00,Montpellier,Bordeaux,1.0,1.0,D,1.0,1.0,D,12.0,10.0,3.0,4.0,2.0,3.0,11.0,22.0,2.0,3.0,0.0,0.0,
F1,16/03/14,00:00,Paris SG,St Etienne,2.0,0.0,H,2.0,0.0,H,15.0,14.0,4.0,6.0,4.0,6.0,14.0,18.0,1.0,3.0,0.0,0.0,
F1,21/03/14,00:00,Lorient,Paris SG,0.0,1.0,A,0.0,1.0,A,6.0,11.0,1.0,6.0,5.0,4.0,12.0,8.0,0.0,1.0,0.0,0.0,
F1,22/03/14,00:00,Bastia,Reims,2.0,0.0,H,2.0,0.0,H,7.0,13.0,3.0,0.0,3.0,6.0,10.0,12.0,1.0,2.0,1.0,0.0,
F1,22/03/14,00:00,Bordeaux,Nice,1.0,1.0,D,0.0,0.0,D,16.0,8.0,7.0,3.0,5.0,2.0,14.0,11.0,2.0,0.0,1.0,0.0,
F1,22/03/14,00:00,Marseille,Rennes,0.0,1.0,A,0.0,0.0,D,17.0,9.0,4.0,4.0,6.0,5.0,15.0,14.0,1.0,0.0,0.0,0.0,
F1,22/03/14,00:00,Nantes,Montpellier,2.0,1.0,H,2.0,1.0,H,11.0,10.0,7.0,2.0,4.0,9.0,20.0,13.0,3.0,2.0,0.0,2.0,
F1,22/03/14,00:00,Toulouse,Evian Thonon Gaillard,1.0,1.0,D,0.0,0.0,D,13.0,10.0,4.0,2.0,2.0,3.0,7.0,14.0,1.0,0.0,0.0,0.0,
F1,22/03/14,00:00,Valenciennes,Ajaccio,2.0,3.0,A,0.0,0.0,D,13.0,6.0,3.0,3.0,9.0,4.0,13.0,21.0,0.0,3.0,0.0,0.0,
F1,23/03/14,00:00,Guingamp,Lyon,0.0,1.0,A,0.0,0.0,D,12.0,10.0,4.0,4.0,10.0,11.0,9.0,16.0,2.0,2.0,0.0,0.0,
F1,23/03/14,00:00,Monaco,Lille,1.0,1.0,D,1.0,1.0,D,6.0,8.0,2.0,4.0,4.0,4.0,16.0,18.0,1.0,2.0,0.0,0.0,
F1,23/03/14,00:00,St Etienne,Sochaux,3.0,1.0,H,0.0,0.0,D,22.0,11.0,11.0,2.0,8.0,3.0,12.0,15.0,1.0,0.0,0.0,1.0,
F1,28/03/14,00:00,Nice,Paris SG,0.0,1.0,A,0.0,0.0,D,9.0,16.0,4.0,5.0,3.0,4.0,13.0,15.0,1.0,2.0,0.0,0.0,
F1,29/03/14,00:00,Ajaccio,Toulouse,2.0,2.0,D,2.0,1.0,H,14.0,18.0,4.0,11.0,2.0,3.0,10.0,17.0,2.0,3.0,0.0,0.0,
F1,29/03/14,00:00,Evian Thonon Gaillard,Monaco,1.0,0.0,H,0.0,0.0,D,14.0,11.0,5.0,1.0,1.0,6.0,12.0,13.0,1.0,4.0,0.0,0.0,
F1,29/03/14,00:00,Montpellier,Valenciennes,0.0,0.0,D,0.0,0.0,D,18.0,3.0,5.0,0.0,9.0,0.0,8.0,13.0,1.0,3.0,0.0,0.0,
F1,29/03/14,00:00,Nantes,Bordeaux,0.0,0.0,D,0.0,0.0,D,9.0,10.0,3.0,0.0,4.0,8.0,18.0,10.0,1.0,1.0,0.0,0.0,
F1,29/03/14,00:00,Reims,Lorient,1.0,1.0,D,0.0,1.0,A,13.0,9.0,3.0,4.0,0.0,4.0,11.0,6.0,2.0,0.0,0.0,0.0,
F1,29/03/14,00:00,Sochaux,Marseille,1.0,1.0,D,1.0,0.0,H,7.0,15.0,2.0,7.0,5.0,6.0,19.0,15.0,2.0,3.0,0.0,0.0,
F1,30/03/14,00:00,Lille,Guingamp,1.0,0.0,H,0.0,0.0,D,17.0,11.0,6.0,4.0,7.0,2.0,15.0,21.0,1.0,4.0,0.0,0.0,
F1,30/03/14,00:00,Lyon,St Etienne,1.0,2.0,A,1.0,1.0,D,12.0,6.0,2.0,6.0,10.0,2.0,6.0,17.0,1.0,3.0,0.0,0.0,
F1,30/03/14,00:00,Rennes,Bastia,3.0,0.0,H,2.0,0.0,H,16.0,13.0,7.0,2.0,4.0,4.0,7.0,15.0,0.0,1.0,0.0,0.0,
F1,04/04/14,00:00,Marseille,Ajaccio,3.0,1.0,H,1.0,0.0,H,15.0,5.0,6.0,2.0,7.0,5.0,15.0,24.0,1.0,0.0,0.0,0.0,
F1,05/04/14,00:00,Bastia,Sochaux,2.0,2.0,D,0.0,2.0,A,14.0,15.0,3.0,7.0,5.0,6.0,15.0,18.0,1.0,3.0,0.0,0.0,
F1,05/04/14,00:00,Bordeaux,Rennes,2.0,2.0,D,1.0,0.0,H,14.0,5.0,5.0,2.0,9.0,1.0,12.0,12.0,1.0,2.0,0.0,0.0,
F1,05/04/14,00:00,Guingamp,Montpellier,1.0,2.0,A,0.0,2.0,A,24.0,11.0,9.0,5.0,10.0,3.0,11.0,14.0,2.0,1.0,0.0,0.0,
F1,05/04/14,00:00,Lorient,Evian Thonon Gaillard,1.0,1.0,D,1.0,0.0,H,12.0,17.0,4.0,6.0,4.0,8.0,13.0,10.0,1.0,2.0,0.0,0.0,
F1,05/04/14,00:00,Paris SG,Reims,3.0,0.0,H,1.0,0.0,H,13.0,13.0,3.0,1.0,2.0,4.0,6.0,11.0,0.0,2.0,0.0,0.0,
F1,05/04/14,00:00,Toulouse,Lille,1.0,2.0,A,0.0,2.0,A,10.0,13.0,6.0,5.0,7.0,5.0,13.0,18.0,2.0,1.0,0.0,2.0,
F1,06/04/14,00:00,Monaco,Nantes,3.0,1.0,H,1.0,0.0,H,12.0,12.0,5.0,4.0,7.0,8.0,11.0,15.0,2.0,3.0,0.0,0.0,
F1,06/04/14,00:00,St Etienne,Nice,1.0,1.0,D,0.0,0.0,D,16.0,5.0,6.0,3.0,3.0,3.0,16.0,14.0,4.0,3.0,0.0,1.0,
F1,06/04/14,00:00,Valenciennes,Lyon,1.0,2.0,A,0.0,1.0,A,8.0,9.0,3.0,2.0,3.0,3.0,16.0,14.0,4.0,3.0,1.0,1.0,
F1,11/04/14,00:00,Montpellier,Marseille,2.0,3.0,A,0.0,1.0,A,10.0,20.0,5.0,8.0,5.0,6.0,15.0,10.0,1.0,1.0,0.0,0.0,
F1,12/04/14,00:00,Ajaccio,Bordeaux,1.0,1.0,D,0.0,0.0,D,15.0,14.0,6.0,5.0,6.0,5.0,12.0,7.0,1.0,1.0,0.0,0.0,
F1,12/04/14,00:00,Evian Thonon Gaillard,Bastia,2.0,1.0,H,1.0,1.0,D,17.0,11.0,7.0,3.0,3.0,5.0,14.0,10.0,3.0,0.0,0.0,0.0,
F1,12/04/14,00:00,Lille,Valenciennes,1.0,0.0,H,0.0,0.0,D,13.0,9.0,5.0,3.0,6.0,8.0,18.0,18.0,0.0,3.0,0.0,0.0,
F1,12/04/14,00:00,Nice,Lorient,1.0,2.0,A,1.0,1.0,D,9.0,10.0,3.0,5.0,6.0,3.0,13.0,9.0,2.0,3.0,0.0,0.0,
F1,12/04/14,00:00,Rennes,Monaco,0.0,1.0,A,0.0,0.0,D,7.0,12.0,1.0,5.0,5.0,5.0,10.0,11.0,1.0,0.0,0.0,0.0,
F1,12/04/14,00:00,Sochaux,Toulouse,2.0,0.0,H,1.0,0.0,H,18.0,5.0,4.0,3.0,4.0,2.0,18.0,11.0,2.0,2.0,0.0,0.0,
F1,13/04/14,00:00,Lyon,Paris SG,1.0,0.0,H,1.0,0.0,H,8.0,11.0,4.0,6.0,3.0,5.0,14.0,9.0,0.0,2.0,0.0,0.0,
F1,13/04/14,00:00,Nantes,Guingamp,1.0,0.0,H,1.0,0.0,H,14.0,6.0,5.0,3.0,1.0,3.0,14.0,6.0,2.0,0.0,0.0,0.0,
F1,13/04/14,00:00,Reims,St Etienne,2.0,2.0,D,1.0,0.0,H,5.0,24.0,2.0,8.0,0.0,4.0,20.0,12.0,1.0,1.0,0.0,0.0,
F1,18/04/14,00:00,St Etienne,Rennes,0.0,0.0,D,0.0,0.0,D,16.0,4.0,2.0,0.0,11.0,1.0,9.0,12.0,0.0,3.0,0.0,0.0,
F1,20/04/14,00:00,Bastia,Ajaccio,2.0,1.0,H,1.0,1.0,D,13.0,9.0,6.0,2.0,7.0,0.0,21.0,26.0,1.0,2.0,0.0,0.0,
F1,20/04/14,00:00,Bordeaux,Guingamp,5.0,1.0,H,3.0,1.0,H,10.0,8.0,9.0,3.0,5.0,5.0,16.0,20.0,0.0,3.0,0.0,0.0,
F1,20/04/14,00:00,Lorient,Montpellier,4.0,4.0,D,1.0,1.0,D,12.0,12.0,6.0,5.0,6.0,1.0,12.0,11.0,2.0,2.0,0.0,1.0,
F1,20/04/14,00:00,Marseille,Lille,0.0,0.0,D,0.0,0.0,D,9.0,5.0,2.0,2.0,10.0,1.0,20.0,17.0,1.0,0.0,0.0,0.0,
F1,20/04/14,00:00,Monaco,Nice,1.0,0.0,H,1.0,0.0,H,12.0,11.0,4.0,4.0,2.0,10.0,12.0,15.0,1.0,2.0,0.0,0.0,
F1,20/04/14,00:00,Reims,Sochaux,0.0,1.0,A,0.0,1.0,A,18.0,7.0,5.0,3.0,7.0,6.0,13.0,15.0,1.0,1.0,0.0,0.0,
F1,20/04/14,00:00,Valenciennes,Nantes,2.0,6.0,A,0.0,3.0,A,19.0,9.0,10.0,7.0,11.0,3.0,12.0,14.0,1.0,0.0,0.0,0.0,
F1,23/04/14,00:00,Paris SG,Evian Thonon Gaillard,1.0,0.0,H,0.0,0.0,D,19.0,5.0,3.0,3.0,5.0,1.0,13.0,12.0,3.0,1.0,0.0,1.0,
F1,23/04/14,00:00,Toulouse,Lyon,0.0,0.0,D,0.0,0.0,D,12.0,8.0,2.0,3.0,5.0,4.0,11.0,11.0,1.0,0.0,0.0,0.0,
F1,25/04/14,00:00,Nantes,Marseille,1.0,1.0,D,0.0,1.0,A,12.0,16.0,2.0,5.0,3.0,10.0,12.0,11.0,1.0,1.0,0.0,0.0,
F1,26/04/14,00:00,Ajaccio,Monaco,1.0,4.0,A,0.0,0.0,D,11.0,14.0,4.0,6.0,4.0,6.0,18.0,11.0,3.0,1.0,0.0,0.0,
F1,26/04/14,00:00,Evian Thonon Gaillard,St Etienne,1.0,2.0,A,0.0,2.0,A,9.0,17.0,2.0,6.0,3.0,4.0,11.0,5.0,3.0,0.0,2.0,0.0,
F1,26/04/14,00:00,Guingamp,Valenciennes,1.0,0.0,H,0.0,0.0,D,14.0,11.0,5.0,3.0,6.0,3.0,13.0,12.0,1.0,0.0,0.0,0.0,
F1,26/04/14,00:00,Montpellier,Toulouse,2.0,1.0,H,0.0,1.0,A,15.0,13.0,5.0,4.0,8.0,3.0,13.0,16.0,1.0,2.0,0.0,0.0,
F1,26/04/14,00:00,Nice,Reims,1.0,0.0,H,0.0,0.0,D,15.0,11.0,5.0,3.0,4.0,4.0,9.0,17.0,1.0,1.0,0.0,0.0,
F1,26/04/14,00:00,Rennes,Lorient,1.0,1.0,D,0.0,1.0,A,11.0,15.0,3.0,3.0,4.0,5.0,14.0,12.0,2.0,1.0,0.0,0.0,
F1,27/04/14,00:00,Lille,Bordeaux,2.0,1.0,H,1.0,0.0,H,16.0,8.0,9.0,2.0,8.0,4.0,13.0,20.0,2.0,1.0,0.0,0.0,
F1,27/04/14,00:00,Lyon,Bastia,4.0,1.0,H,2.0,0.0,H,17.0,8.0,7.0,2.0,5.0,7.0,12.0,8.0,2.0,1.0,0.0,0.0,
F1,27/04/14,00:00,Sochaux,Paris SG,1.0,1.0,D,0.0,1.0,A,14.0,15.0,2.0,7.0,4.0,5.0,9.0,6.0,1.0,1.0,0.0,0.0,
F1,02/05/14,00:00,Bastia,Lille,1.0,1.0,D,0.0,1.0,A,11.0,11.0,2.0,4.0,6.0,1.0,11.0,11.0,1.0,1.0,0.0,0.0,
F1,04/05/14,00:00,Lorient,Ajaccio,1.0,0.0,H,1.0,0.0,H,10.0,7.0,1.0,2.0,6.0,1.0,11.0,16.0,0.0,2.0,1.0,0.0,
F1,04/05/14,00:00,Marseille,Lyon,4.0,2.0,H,2.0,1.0,H,19.0,11.0,9.0,2.0,4.0,6.0,14.0,15.0,1.0,2.0,0.0,0.0,
F1,04/05/14,00:00,Reims,Evian Thonon Gaillard,1.0,0.0,H,1.0,0.0,H,15.0,11.0,4.0,4.0,4.0,3.0,19.0,18.0,4.0,1.0,0.0,0.0,
F1,04/05/14,00:00,Sochaux,Nice,2.0,0.0,H,1.0,0.0,H,17.0,11.0,7.0,1.0,4.0,2.0,17.0,15.0,3.0,2.0,0.0,1.0,
F1,04/05/14,00:00,St Etienne,Montpellier,2.0,0.0,H,0.0,0.0,D,7.0,7.0,3.0,0.0,7.0,1.0,22.0,9.0,1.0,3.0,0.0,0.0,
F1,04/05/14,00:00,Toulouse,Nantes,1.0,1.0,D,0.0,1.0,A,21.0,5.0,7.0,3.0,10.0,1.0,7.0,17.0,2.0,2.0,0.0,1.0,
F1,04/05/14,00:00,Valenciennes,Bordeaux,0.0,1.0,A,0.0,0.0,D,12.0,13.0,5.0,5.0,3.0,2.0,19.0,16.0,2.0,1.0,0.0,0.0,
F1,07/05/14,00:00,Monaco,Guingamp,1.0,1.0,D,0.0,0.0,D,16.0,4.0,3.0,2.0,9.0,1.0,15.0,18.0,2.0,3.0,0.0,1.0,
F1,07/05/14,00:00,Paris SG,Rennes,1.0,2.0,A,1.0,2.0,A,25.0,6.0,7.0,4.0,13.0,0.0,4.0,7.0,2.0,0.0,0.0,0.0,
F1,10/05/14,00:00,Ajaccio,Reims,2.0,1.0,H,2.0,1.0,H,11.0,13.0,5.0,8.0,4.0,5.0,10.0,9.0,0.0,0.0,0.0,0.0,
F1,10/05/14,00:00,Bordeaux,Marseille,1.0,1.0,D,0.0,1.0,A,12.0,5.0,3.0,2.0,3.0,0.0,19.0,13.0,2.0,1.0,0.0,0.0,
F1,10/05/14,00:00,Evian Thonon Gaillard,Nice,2.0,0.0,H,1.0,0.0,H,9.0,4.0,3.0,1.0,5.0,4.0,12.0,11.0,0.0,0.0,0.0,0.0,
F1,10/05/14,00:00,Guingamp,Toulouse,2.0,0.0,H,2.0,0.0,H,7.0,16.0,3.0,9.0,0.0,9.0,16.0,17.0,0.0,1.0,0.0,0.0,
F1,10/05/14,00:00,Lille,Paris SG,1.0,3.0,A,0.0,1.0,A,20.0,9.0,6.0,5.0,11.0,2.0,11.0,15.0,1.0,4.0,1.0,0.0,
F1,10/05/14,00:00,Lyon,Lorient,0.0,1.0,A,0.0,0.0,D,16.0,11.0,5.0,3.0,8.0,3.0,12.0,10.0,2.0,1.0,2.0,1.0,
F1,10/05/14,00:00,Montpellier,Bastia,0.0,2.0,A,0.0,1.0,A,12.0,15.0,3.0,7.0,2.0,4.0,8.0,14.0,1.0,1.0,0.0,0.0,
F1,10/05/14,00:00,Nantes,St Etienne,1.0,3.0,A,0.0,3.0,A,19.0,5.0,8.0,3.0,11.0,1.0,11.0,13.0,3.0,2.0,0.0,0.0,
F1,10/05/14,00:00,Rennes,Sochaux,1.0,2.0,A,0.0,1.0,A,10.0,14.0,4.0,7.0,4.0,7.0,14.0,8.0,2.0,3.0,0.0,0.0,
F1,10/05/14,00:00,Valenciennes,Monaco,1.0,2.0,A,0.0,1.0,A,9.0,9.0,2.0,6.0,10.0,3.0,14.0,11.0,1.0,2.0,0.0,0.0,
F1,17/05/14,00:00,Bastia,Nantes,0.0,0.0,D,0.0,0.0,D,6.0,9.0,4.0,3.0,11.0,3.0,10.0,12.0,0.0,0.0,0.0,0.0,
F1,17/05/14,00:00,Lorient,Lille,1.0,4.0,A,1.0,1.0,D,11.0,14.0,4.0,6.0,3.0,2.0,13.0,5.0,2.0,1.0,0.0,0.0,
F1,17/05/14,00:00,Marseille,Guingamp,1.0,0.0,H,0.0,0.0,D,21.0,9.0,4.0,0.0,13.0,5.0,8.0,9.0,0.0,1.0,0.0,0.0,
F1,17/05/14,00:00,Monaco,Bordeaux,1.0,1.0,D,0.0,1.0,A,15.0,12.0,3.0,5.0,8.0,10.0,11.0,5.0,1.0,0.0,0.0,0.0,
F1,17/05/14,00:00,Nice,Lyon,0.0,1.0,A,0.0,1.0,A,12.0,12.0,2.0,7.0,5.0,2.0,11.0,22.0,2.0,3.0,0.0,0.0,
F1,17/05/14,00:00,Paris SG,Montpellier,4.0,0.0,H,2.0,0.0,H,18.0,15.0,12.0,1.0,2.0,8.0,12.0,6.0,0.0,1.0,0.0,0.0,
F1,17/05/14,00:00,Reims,Rennes,1.0,3.0,A,0.0,1.0,A,16.0,14.0,4.0,3.0,7.0,6.0,9.0,6.0,0.0,1.0,0.0,0.0,
F1,17/05/14,00:00,Sochaux,Evian Thonon Gaillard,0.0,3.0,A,0.0,2.0,A,20.0,9.0,5.0,6.0,7.0,2.0,7.0,21.0,2.0,1.0,0.0,0.0,
F1,17/05/14,00:00,St Etienne,Ajaccio,3.0,1.0,H,2.0,0.0,H,14.0,8.0,8.0,3.0,2.0,3.0,12.0,19.0,0.0,0.0,0.0,0.0,
F1,17/05/14,00:00,Toulouse,Valenciennes,3.0,1.0,H,2.0,0.0,H,9.0,15.0,4.0,5.0,6.0,4.0,11.0,11.0,1.0,2.0,0.0,0.0,
F1,08/08/14,00:00,Reims,Paris SG,2.0,2.0,D,2.0,1.0,H,9.0,16.0,3.0,6.0,1.0,5.0,15.0,16.0,0.0,2.0,0.0,0.0,
F1,09/08/14,00:00,Bastia,Marseille,3.0,3.0,D,1.0,2.0,A,13.0,9.0,4.0,4.0,1.0,4.0,25.0,21.0,3.0,1.0,0.0,0.0,
F1,09/08/14,00:00,Evian Thonon Gaillard,Caen,0.0,3.0,A,0.0,3.0,A,10.0,12.0,2.0,7.0,5.0,6.0,12.0,9.0,1.0,1.0,0.0,0.0,
F1,09/08/14,00:00,Guingamp,St Etienne,0.0,2.0,A,0.0,1.0,A,6.0,7.0,3.0,2.0,4.0,5.0,9.0,19.0,3.0,4.0,0.0,0.0,
F1,09/08/14,00:00,Lille,Metz,0.0,0.0,D,0.0,0.0,D,14.0,2.0,3.0,1.0,8.0,3.0,9.0,23.0,0.0,1.0,0.0,0.0,
F1,09/08/14,00:00,Montpellier,Bordeaux,0.0,1.0,A,0.0,1.0,A,15.0,7.0,3.0,3.0,5.0,1.0,15.0,21.0,2.0,2.0,0.0,0.0,
F1,09/08/14,00:00,Nantes,Lens,1.0,0.0,H,0.0,0.0,D,14.0,5.0,4.0,2.0,3.0,2.0,8.0,7.0,0.0,1.0,0.0,0.0,
F1,09/08/14,00:00,Nice,Toulouse,3.0,2.0,H,1.0,2.0,A,22.0,11.0,8.0,3.0,12.0,7.0,10.0,9.0,0.0,1.0,0.0,0.0,
F1,10/08/14,00:00,Lyon,Rennes,2.0,0.0,H,0.0,0.0,D,19.0,7.0,6.0,1.0,5.0,1.0,19.0,13.0,2.0,1.0,0.0,0.0,
F1,10/08/14,00:00,Monaco,Lorient,1.0,2.0,A,0.0,1.0,A,12.0,9.0,7.0,3.0,10.0,4.0,11.0,19.0,3.0,2.0,1.0,0.0,
F1,15/08/14,00:00,Caen,Lille,0.0,1.0,A,0.0,0.0,D,11.0,8.0,3.0,1.0,3.0,9.0,10.0,4.0,2.0,2.0,1.0,0.0,
F1,16/08/14,00:00,Lens,Guingamp,0.0,1.0,A,0.0,0.0,D,14.0,10.0,4.0,4.0,7.0,2.0,14.0,5.0,4.0,1.0,0.0,0.0,
F1,16/08/14,00:00,Lorient,Nice,0.0,0.0,D,0.0,0.0,D,13.0,9.0,6.0,2.0,8.0,2.0,14.0,10.0,1.0,1.0,0.0,0.0,
F1,16/08/14,00:00,Metz,Nantes,1.0,1.0,D,1.0,1.0,D,12.0,6.0,5.0,2.0,4.0,7.0,12.0,17.0,2.0,1.0,0.0,0.0,
F1,16/08/14,00:00,Paris SG,Bastia,2.0,0.0,H,1.0,0.0,H,15.0,5.0,5.0,1.0,4.0,4.0,9.0,15.0,1.0,3.0,0.0,0.0,
F1,16/08/14,00:00,Rennes,Evian Thonon Gaillard,6.0,2.0,H,3.0,1.0,H,9.0,9.0,7.0,3.0,6.0,1.0,4.0,12.0,0.0,1.0,0.0,0.0,
F1,16/08/14,00:00,Toulouse,Lyon,2.0,1.0,H,2.0,0.0,H,10.0,18.0,6.0,3.0,6.0,4.0,11.0,12.0,3.0,1.0,0.0,0.0,
F1,17/08/14,00:00,Bordeaux,Monaco,4.0,1.0,H,0.0,1.0,A,9.0,9.0,5.0,3.0,3.0,4.0,12.0,21.0,1.0,3.0,0.0,0.0,
F1,17/08/14,00:00,Marseille,Montpellier,0.0,2.0,A,0.0,1.0,A,22.0,10.0,5.0,3.0,6.0,1.0,18.0,17.0,1.0,0.0,0.0,0.0,
F1,17/08/14,00:00,St Etienne,Reims,3.0,1.0,H,0.0,1.0,A,19.0,7.0,9.0,2.0,6.0,3.0,8.0,11.0,2.0,2.0,0.0,0.0,
F1,22/08/14,00:00,Evian Thonon Gaillard,Paris SG,0.0,0.0,D,0.0,0.0,D,9.0,7.0,2.0,3.0,5.0,0.0,18.0,7.0,3.0,2.0,0.0,1.0,
F1,23/08/14,00:00,Bastia,Toulouse,1.0,0.0,H,1.0,0.0,H,8.0,14.0,3.0,3.0,3.0,0.0,13.0,19.0,3.0,1.0,0.0,0.0,
F1,23/08/14,00:00,Guingamp,Marseille,0.0,1.0,A,0.0,0.0,D,4.0,16.0,2.0,3.0,4.0,6.0,16.0,14.0,1.0,3.0,0.0,0.0,
F1,23/08/14,00:00,Lille,Lorient,2.0,0.0,H,0.0,0.0,D,13.0,7.0,6.0,1.0,2.0,3.0,12.0,8.0,0.0,1.0,0.0,0.0,
F1,23/08/14,00:00,Montpellier,Metz,2.0,0.0,H,1.0,0.0,H,12.0,12.0,5.0,3.0,5.0,5.0,13.0,19.0,0.0,2.0,0.0,0.0,
F1,23/08/14,00:00,Nice,Bordeaux,1.0,3.0,A,1.0,1.0,D,11.0,12.0,2.0,7.0,7.0,1.0,12.0,21.0,2.0,4.0,0.0,1.0,
F1,23/08/14,00:00,Reims,Caen,0.0,2.0,A,0.0,0.0,D,12.0,16.0,4.0,6.0,5.0,3.0,4.0,12.0,1.0,0.0,0.0,0.0,
F1,24/08/14,00:00,Lyon,Lens,0.0,1.0,A,0.0,1.0,A,16.0,7.0,4.0,2.0,5.0,1.0,19.0,17.0,1.0,3.0,0.0,0.0,
F1,24/08/14,00:00,Nantes,Monaco,0.0,1.0,A,0.0,1.0,A,15.0,6.0,5.0,2.0,5.0,9.0,12.0,10.0,0.0,2.0,0.0,0.0,
F1,24/08/14,00:00,St Etienne,Rennes,0.0,0.0,D,0.0,0.0,D,11.0,5.0,2.0,0.0,8.0,3.0,14.0,21.0,2.0,3.0,0.0,0.0,
F1,29/08/14,00:00,Marseille,Nice,4.0,0.0,H,2.0,0.0,H,20.0,8.0,8.0,3.0,11.0,4.0,12.0,16.0,1.0,2.0,0.0,0.0,
F1,30/08/14,00:00,Caen,Rennes,0.0,1.0,A,0.0,0.0,D,13.0,10.0,4.0,1.0,6.0,1.0,8.0,19.0,0.0,2.0,1.0,0.0,
F1,30/08/14,00:00,Lens,Reims,4.0,2.0,H,1.0,1.0,D,17.0,10.0,6.0,2.0,4.0,7.0,14.0,14.0,2.0,2.0,0.0,1.0,
F1,30/08/14,00:00,Lorient,Guingamp,4.0,0.0,H,0.0,0.0,D,11.0,8.0,6.0,2.0,7.0,8.0,7.0,9.0,2.0,1.0,0.0,0.0,
F1,30/08/14,00:00,Monaco,Lille,1.0,1.0,D,0.0,1.0,A,13.0,4.0,2.0,2.0,7.0,2.0,11.0,18.0,1.0,3.0,0.0,0.0,
F1,30/08/14,00:00,Nantes,Montpellier,1.0,0.0,H,0.0,0.0,D,14.0,7.0,5.0,0.0,7.0,4.0,19.0,10.0,2.0,0.0,0.0,0.0,
F1,30/08/14,00:00,Toulouse,Evian Thonon Gaillard,1.0,0.0,H,0.0,0.0,D,10.0,7.0,5.0,2.0,2.0,7.0,12.0,19.0,1.0,2.0,0.0,1.0,
F1,31/08/14,00:00,Bordeaux,Bastia,1.0,1.0,D,0.0,1.0,A,23.0,8.0,4.0,4.0,4.0,0.0,17.0,17.0,0.0,3.0,0.0,0.0,
F1,31/08/14,00:00,Metz,Lyon,2.0,1.0,H,0.0,0.0,D,7.0,17.0,3.0,5.0,7.0,4.0,19.0,12.0,1.0,0.0,0.0,0.0,
F1,31/08/14,00:00,Paris SG,St Etienne,5.0,0.0,H,2.0,0.0,H,13.0,8.0,8.0,2.0,4.0,7.0,7.0,14.0,0.0,1.0,0.0,0.0,
F1,12/09/14,00:00,Lyon,Monaco,2.0,1.0,H,1.0,1.0,D,11.0,16.0,3.0,9.0,6.0,7.0,13.0,10.0,1.0,1.0,0.0,0.0,
F1,13/09/14,00:00,Bastia,Lens,1.0,1.0,D,0.0,1.0,A,9.0,6.0,4.0,2.0,8.0,2.0,12.0,9.0,1.0,2.0,0.0,0.0,
F1,13/09/14,00:00,Montpellier,Lorient,1.0,0.0,H,1.0,0.0,H,11.0,11.0,1.0,4.0,3.0,3.0,11.0,16.0,1.0,2.0,0.0,0.0,
F1,13/09/14,00:00,Nice,Metz,1.0,0.0,H,0.0,0.0,D,9.0,12.0,2.0,1.0,8.0,3.0,11.0,20.0,1.0,2.0,0.0,0.0,
F1,13/09/14,00:00,Reims,Toulouse,2.0,0.0,H,1.0,0.0,H,6.0,14.0,3.0,1.0,3.0,5.0,14.0,14.0,0.0,0.0,0.0,0.0,
F1,13/09/14,00:00,Rennes,Paris SG,1.0,1.0,D,0.0,1.0,A,5.0,8.0,2.0,5.0,1.0,2.0,11.0,5.0,1.0,1.0,0.0,0.0,
F1,13/09/14,00:00,St Etienne,Caen,1.0,0.0,H,0.0,0.0,D,12.0,5.0,3.0,1.0,6.0,2.0,8.0,13.0,0.0,2.0,0.0,0.0,
F1,14/09/14,00:00,Evian Thonon Gaillard,Marseille,1.0,3.0,A,0.0,2.0,A,10.0,6.0,1.0,4.0,5.0,3.0,13.0,11.0,1.0,0.0,0.0,0.0,
F1,14/09/14,00:00,Guingamp,Bordeaux,2.0,1.0,H,2.0,0.0,H,11.0,7.0,6.0,2.0,2.0,4.0,14.0,10.0,0.0,2.0,0.0,0.0,
F1,14/09/14,00:00,Lille,Nantes,2.0,0.0,H,0.0,0.0,D,13.0,10.0,5.0,3.0,5.0,5.0,18.0,21.0,2.0,1.0,0.0,0.0,
F1,19/09/14,00:00,Bordeaux,Evian Thonon Gaillard,2.0,1.0,H,1.0,0.0,H,7.0,8.0,2.0,2.0,4.0,7.0,12.0,16.0,0.0,2.0,0.0,0.0,
F1,20/09/14,00:00,Lorient,Reims,0.0,1.0,A,0.0,0.0,D,6.0,7.0,0.0,3.0,3.0,1.0,9.0,15.0,1.0,2.0,0.0,0.0,
F1,20/09/14,00:00,Marseille,Rennes,3.0,0.0,H,0.0,0.0,D,16.0,13.0,7.0,5.0,7.0,5.0,16.0,22.0,1.0,1.0,0.0,0.0,
F1,20/09/14,00:00,Metz,Bastia,3.0,1.0,H,1.0,1.0,D,19.0,10.0,9.0,1.0,4.0,4.0,12.0,12.0,1.0,2.0,0.0,0.0,
F1,20/09/14,00:00,Nantes,Nice,2.0,1.0,H,2.0,0.0,H,19.0,4.0,4.0,2.0,10.0,4.0,14.0,11.0,0.0,1.0,0.0,0.0,
F1,20/09/14,00:00,Toulouse,Caen,3.0,3.0,D,1.0,1.0,D,23.0,12.0,7.0,5.0,4.0,6.0,10.0,15.0,2.0,3.0,0.0,0.0,
F1,21/09/14,00:00,Lens,St Etienne,0.0,1.0,A,0.0,0.0,D,9.0,15.0,4.0,3.0,5.0,7.0,15.0,13.0,2.0,2.0,0.0,0.0,
F1,21/09/14,00:00,Lille,Montpellier,0.0,0.0,D,0.0,0.0,D,13.0,5.0,2.0,0.0,7.0,4.0,15.0,10.0,0.0,0.0,0.0,0.0,
F1,21/09/14,00:00,Monaco,Guingamp,1.0,0.0,H,1.0,0.0,H,19.0,3.0,7.0,2.0,6.0,2.0,15.0,17.0,3.0,2.0,0.0,0.0,
F1,21/09/14,00:00,Paris SG,Lyon,1.0,1.0,D,1.0,0.0,H,12.0,9.0,3.0,5.0,4.0,2.0,13.0,17.0,3.0,1.0,0.0,0.0,
F1,23/09/14,00:00,Reims,Marseille,0.0,5.0,A,0.0,2.0,A,10.0,21.0,3.0,11.0,3.0,6.0,17.0,14.0,1.0,1.0,0.0,0.0,
F1,23/09/14,00:00,Rennes,Toulouse,0.0,3.0,A,0.0,1.0,A,16.0,9.0,4.0,5.0,6.0,7.0,14.0,10.0,3.0,3.0,0.0,0.0,
F1,24/09/14,00:00,Bastia,Nantes,0.0,0.0,D,0.0,0.0,D,4.0,14.0,0.0,2.0,4.0,6.0,11.0,17.0,2.0,2.0,1.0,0.0,
F1,24/09/14,00:00,Caen,Paris SG,0.0,2.0,A,0.0,1.0,A,14.0,16.0,3.0,8.0,2.0,3.0,7.0,8.0,0.0,0.0,0.0,0.0,
F1,24/09/14,00:00,Evian Thonon Gaillard,Lens,2.0,1.0,H,2.0,0.0,H,14.0,9.0,3.0,4.0,4.0,2.0,7.0,16.0,0.0,0.0,0.0,0.0,
F1,24/09/14,00:00,Guingamp,Metz,0.0,1.0,A,0.0,1.0,A,12.0,9.0,1.0,4.0,7.0,8.0,10.0,29.0,1.0,2.0,0.0,1.0,
F1,24/09/14,00:00,Lyon,Lorient,4.0,0.0,H,2.0,0.0,H,14.0,13.0,9.0,2.0,5.0,7.0,7.0,12.0,0.0,1.0,0.0,0.0,
F1,24/09/14,00:00,Montpellier,Monaco,0.0,1.0,A,0.0,0.0,D,9.0,13.0,3.0,7.0,4.0,4.0,9.0,15.0,1.0,1.0,0.0,0.0,
F1,24/09/14,00:00,Nice,Lille,1.0,0.0,H,1.0,0.0,H,9.0,6.0,3.0,3.0,11.0,2.0,15.0,16.0,1.0,1.0,0.0,0.0,
F1,25/09/14,00:00,St Etienne,Bordeaux,1.0,1.0,D,1.0,1.0,D,22.0,3.0,7.0,2.0,11.0,1.0,18.0,19.0,1.0,3.0,0.0,0.0,
F1,27/09/14,00:00,Lille,Bastia,1.0,0.0,H,1.0,0.0,H,19.0,8.0,7.0,2.0,5.0,1.0,10.0,20.0,3.0,3.0,0.0,0.0,
F1,27/09/14,00:00,Lorient,Evian Thonon Gaillard,0.0,2.0,A,0.0,1.0,A,16.0,5.0,4.0,3.0,9.0,3.0,12.0,13.0,1.0,2.0,1.0,0.0,
F1,27/09/14,00:00,Metz,Reims,3.0,0.0,H,0.0,0.0,D,17.0,4.0,9.0,1.0,4.0,3.0,14.0,10.0,0.0,1.0,0.0,2.0,
F1,27/09/14,00:00,Monaco,Nice,0.0,1.0,A,0.0,1.0,A,8.0,8.0,1.0,2.0,5.0,2.0,13.0,23.0,2.0,4.0,0.0,0.0,
F1,27/09/14,00:00,Montpellier,Guingamp,2.0,1.0,H,0.0,0.0,D,9.0,11.0,5.0,6.0,5.0,4.0,14.0,21.0,0.0,3.0,0.0,1.0,
F1,27/09/14,00:00,Toulouse,Paris SG,1.0,1.0,D,1.0,1.0,D,11.0,8.0,5.0,2.0,4.0,5.0,23.0,16.0,0.0,3.0,0.0,0.0,
F1,28/09/14,00:00,Bordeaux,Rennes,2.0,1.0,H,0.0,0.0,D,14.0,12.0,4.0,6.0,3.0,3.0,8.0,8.0,1.0,1.0,0.0,0.0,
F1,28/09/14,00:00,Lens,Caen,0.0,0.0,D,0.0,0.0,D,9.0,13.0,2.0,2.0,1.0,0.0,8.0,8.0,1.0,0.0,0.0,0.0,
F1,28/09/14,00:00,Marseille,St Etienne,2.0,1.0,H,2.0,0.0,H,14.0,11.0,8.0,5.0,6.0,1.0,8.0,12.0,1.0,2.0,0.0,0.0,
F1,28/09/14,00:00,Nantes,Lyon,1.0,1.0,D,0.0,0.0,D,14.0,10.0,4.0,5.0,5.0,3.0,13.0,9.0,2.0,1.0,0.0,0.0,
F1,03/10/14,00:00,Reims,Bordeaux,1.0,0.0,H,1.0,0.0,H,7.0,12.0,0.0,3.0,6.0,4.0,16.0,10.0,2.0,2.0,0.0,0.0,
F1,04/10/14,00:00,Bastia,Lorient,0.0,2.0,A,0.0,0.0,D,6.0,14.0,3.0,6.0,3.0,3.0,17.0,15.0,1.0,2.0,0.0,0.0,
F1,04/10/14,00:00,Caen,Marseille,1.0,2.0,A,0.0,0.0,D,11.0,22.0,4.0,9.0,4.0,9.0,10.0,11.0,0.0,1.0,0.0,0.0,
F1,04/10/14,00:00,Evian Thonon Gaillard,Metz,3.0,0.0,H,0.0,0.0,D,8.0,8.0,2.0,3.0,2.0,3.0,22.0,24.0,1.0,5.0,0.0,0.0,
F1,04/10/14,00:00,Nice,Montpellier,1.0,1.0,D,0.0,0.0,D,10.0,7.0,2.0,2.0,4.0,3.0,13.0,16.0,1.0,3.0,0.0,0.0,
F1,04/10/14,00:00,Rennes,Lens,2.0,0.0,H,0.0,0.0,D,16.0,8.0,7.0,1.0,6.0,7.0,9.0,7.0,1.0,1.0,0.0,0.0,
F1,05/10/14,00:00,Guingamp,Nantes,0.0,1.0,A,0.0,1.0,A,16.0,12.0,4.0,3.0,6.0,5.0,9.0,16.0,1.0,3.0,0.0,0.0,
F1,05/10/14,00:00,Lyon,Lille,3.0,0.0,H,2.0,0.0,H,14.0,12.0,6.0,2.0,3.0,1.0,21.0,20.0,1.0,4.0,0.0,0.0,
F1,05/10/14,00:00,Paris SG,Monaco,1.0,1.0,D,0.0,0.0,D,7.0,15.0,2.0,5.0,2.0,7.0,11.0,17.0,3.0,2.0,0.0,0.0,
F1,05/10/14,00:00,St Etienne,Toulouse,0.0,1.0,A,0.0,1.0,A,21.0,7.0,1.0,1.0,10.0,2.0,14.0,16.0,1.0,1.0,0.0,0.0,
F1,17/10/14,00:00,Lens,Paris SG,1.0,3.0,A,1.0,2.0,A,12.0,15.0,4.0,8.0,3.0,0.0,16.0,8.0,0.0,0.0,2.0,1.0,
F1,18/10/14,00:00,Lille,Guingamp,1.0,2.0,A,0.0,1.0,A,29.0,6.0,10.0,4.0,9.0,1.0,8.0,17.0,3.0,2.0,0.0,1.0,
F1,18/10/14,00:00,Lorient,St Etienne,0.0,1.0,A,0.0,0.0,D,3.0,15.0,1.0,6.0,3.0,7.0,13.0,15.0,2.0,2.0,0.0,0.0,
F1,18/10/14,00:00,Metz,Rennes,0.0,0.0,D,0.0,0.0,D,13.0,14.0,3.0,3.0,6.0,7.0,8.0,11.0,2.0,0.0,0.0,0.0,
F1,18/10/14,00:00,Monaco,Evian Thonon Gaillard,2.0,0.0,H,1.0,0.0,H,9.0,11.0,4.0,3.0,0.0,4.0,15.0,12.0,3.0,3.0,0.0,0.0,
F1,18/10/14,00:00,Nantes,Reims,1.0,1.0,D,1.0,0.0,H,10.0,12.0,4.0,6.0,3.0,2.0,12.0,14.0,2.0,4.0,0.0,0.0,
F1,18/10/14,00:00,Nice,Bastia,0.0,1.0,A,0.0,0.0,D,19.0,3.0,4.0,1.0,7.0,1.0,15.0,13.0,3.0,3.0,0.0,0.0,
F1,19/10/14,00:00,Bordeaux,Caen,1.0,1.0,D,1.0,0.0,H,12.0,11.0,1.0,4.0,5.0,6.0,12.0,20.0,2.0,3.0,0.0,0.0,
F1,19/10/14,00:00,Lyon,Montpellier,5.0,1.0,H,2.0,0.0,H,20.0,10.0,11.0,2.0,7.0,6.0,18.0,11.0,6.0,3.0,0.0,0.0,
F1,19/10/14,00:00,Marseille,Toulouse,2.0,0.0,H,2.0,0.0,H,15.0,7.0,5.0,1.0,9.0,3.0,17.0,22.0,2.0,3.0,0.0,0.0,
F1,24/10/14,00:00,Toulouse,Lens,0.0,2.0,A,0.0,2.0,A,16.0,7.0,4.0,2.0,15.0,2.0,8.0,10.0,1.0,2.0,0.0,0.0,
F1,25/10/14,00:00,Bastia,Monaco,1.0,3.0,A,1.0,1.0,D,9.0,17.0,5.0,8.0,4.0,5.0,12.0,19.0,3.0,2.0,0.0,0.0,
F1,25/10/14,00:00,Caen,Lorient,2.0,1.0,H,1.0,1.0,D,14.0,8.0,5.0,2.0,3.0,4.0,10.0,15.0,1.0,3.0,0.0,0.0,
F1,25/10/14,00:00,Evian Thonon Gaillard,Nantes,0.0,2.0,A,0.0,1.0,A,9.0,14.0,0.0,7.0,2.0,4.0,9.0,16.0,2.0,2.0,0.0,0.0,
F1,25/10/14,00:00,Paris SG,Bordeaux,3.0,0.0,H,1.0,0.0,H,11.0,8.0,5.0,1.0,5.0,4.0,16.0,11.0,2.0,0.0,1.0,1.0,
F1,25/10/14,00:00,Reims,Montpellier,1.0,0.0,H,0.0,0.0,D,12.0,13.0,1.0,5.0,5.0,6.0,15.0,12.0,3.0,0.0,0.0,0.0,
F1,26/10/14,00:00,Guingamp,Nice,2.0,7.0,A,1.0,4.0,A,14.0,13.0,5.0,10.0,5.0,7.0,12.0,15.0,0.0,1.0,0.0,0.0,
F1,26/10/14,00:00,Lyon,Marseille,1.0,0.0,H,0.0,0.0,D,10.0,11.0,5.0,4.0,3.0,3.0,25.0,19.0,1.0,3.0,0.0,0.0,
F1,26/10/14,00:00,Rennes,Lille,2.0,0.0,H,0.0,0.0,D,12.0,7.0,6.0,3.0,5.0,4.0,12.0,6.0,1.0,2.0,0.0,0.0,
F1,26/10/14,00:00,St Etienne,Metz,1.0,0.0,H,0.0,0.0,D,12.0,10.0,5.0,1.0,12.0,1.0,6.0,16.0,1.0,2.0,0.0,0.0,
F1,31/10/14,00:00,Monaco,Reims,1.0,1.0,D,1.0,0.0,H,12.0,7.0,5.0,1.0,6.0,5.0,9.0,15.0,1.0,2.0,0.0,0.0,
F1,01/11/14,00:00,Guingamp,Bastia,1.0,0.0,H,1.0,0.0,H,9.0,7.0,2.0,3.0,4.0,5.0,13.0,9.0,2.0,1.0,0.0,0.0,
F1,01/11/14,00:00,Lille,St Etienne,1.0,1.0,D,1.0,0.0,H,17.0,7.0,8.0,3.0,6.0,7.0,10.0,13.0,2.0,2.0,0.0,0.0,
F1,01/11/14,00:00,Lorient,Paris SG,1.0,2.0,A,1.0,0.0,H,17.0,12.0,5.0,8.0,2.0,4.0,15.0,17.0,2.0,0.0,0.0,0.0,
F1,01/11/14,00:00,Metz,Caen,3.0,2.0,H,1.0,0.0,H,11.0,12.0,4.0,3.0,0.0,5.0,15.0,6.0,2.0,0.0,0.0,1.0,
F1,01/11/14,00:00,Montpellier,Evian Thonon Gaillard,2.0,0.0,H,1.0,0.0,H,14.0,7.0,6.0,1.0,4.0,5.0,13.0,19.0,2.0,1.0,0.0,0.0,
F1,01/11/14,00:00,Nice,Lyon,1.0,3.0,A,0.0,0.0,D,9.0,16.0,3.0,8.0,5.0,5.0,15.0,19.0,3.0,2.0,0.0,0.0,
F1,02/11/14,00:00,Bordeaux,Toulouse,2.0,1.0,H,0.0,0.0,D,13.0,10.0,3.0,2.0,4.0,9.0,11.0,24.0,0.0,4.0,0.0,0.0,
F1,02/11/14,00:00,Marseille,Lens,2.0,1.0,H,1.0,1.0,D,14.0,15.0,5.0,4.0,9.0,2.0,12.0,16.0,2.0,1.0,1.0,0.0,
F1,02/11/14,00:00,Nantes,Rennes,1.0,1.0,D,1.0,1.0,D,12.0,2.0,3.0,1.0,6.0,2.0,12.0,18.0,3.0,3.0,0.0,0.0,
F1,07/11/14,00:00,Rennes,Lorient,1.0,0.0,H,0.0,0.0,D,8.0,6.0,3.0,2.0,1.0,3.0,16.0,12.0,3.0,3.0,0.0,0.0,
F1,08/11/14,00:00,Bastia,Montpellier,2.0,0.0,H,2.0,0.0,H,10.0,7.0,5.0,1.0,2.0,5.0,21.0,17.0,2.0,3.0,0.0,0.0,
F1,08/11/14,00:00,Caen,Nantes,1.0,2.0,A,1.0,1.0,D,13.0,7.0,5.0,3.0,10.0,1.0,9.0,12.0,0.0,3.0,0.0,0.0,
F1,08/11/14,00:00,Evian Thonon Gaillard,Nice,1.0,0.0,H,0.0,0.0,D,10.0,8.0,2.0,4.0,3.0,5.0,14.0,17.0,1.0,3.0,0.0,0.0,
F1,08/11/14,00:00,Lens,Bordeaux,1.0,2.0,A,0.0,2.0,A,8.0,12.0,2.0,3.0,6.0,2.0,10.0,10.0,2.0,3.0,0.0,0.0,
F1,08/11/14,00:00,Toulouse,Metz,3.0,0.0,H,1.0,0.0,H,11.0,12.0,4.0,2.0,6.0,2.0,18.0,18.0,1.0,1.0,0.0,0.0,
F1,09/11/14,00:00,Lyon,Guingamp,3.0,1.0,H,2.0,1.0,H,13.0,11.0,6.0,5.0,8.0,3.0,21.0,9.0,1.0,1.0,0.0,0.0,
F1,09/11/14,00:00,Paris SG,Marseille,2.0,0.0,H,1.0,0.0,H,21.0,17.0,10.0,2.0,6.0,8.0,15.0,12.0,1.0,0.0,0.0,1.0,
F1,09/11/14,00:00,Reims,Lille,2.0,0.0,H,2.0,0.0,H,18.0,9.0,11.0,2.0,9.0,3.0,15.0,16.0,2.0,3.0,0.0,1.0,
F1,09/11/14,00:00,St Etienne,Monaco,1.0,1.0,D,0.0,1.0,A,11.0,6.0,3.0,2.0,5.0,1.0,11.0,19.0,2.0,2.0,0.0,1.0,
F1,21/11/14,00:00,Metz,Paris SG,2.0,3.0,A,0.0,2.0,A,14.0,14.0,4.0,9.0,3.0,3.0,16.0,13.0,4.0,1.0,0.0,0.0,
F1,22/11/14,00:00,Bastia,Lyon,0.0,0.0,D,0.0,0.0,D,9.0,7.0,2.0,1.0,4.0,6.0,19.0,17.0,4.0,1.0,0.0,0.0,
F1,22/11/14,00:00,Guingamp,Rennes,0.0,1.0,A,0.0,1.0,A,16.0,13.0,2.0,5.0,7.0,4.0,11.0,17.0,2.0,3.0,0.0,0.0,
F1,22/11/14,00:00,Lorient,Lens,1.0,0.0,H,1.0,0.0,H,24.0,5.0,13.0,1.0,8.0,1.0,14.0,14.0,1.0,0.0,0.0,1.0,
F1,22/11/14,00:00,Monaco,Caen,2.0,2.0,D,1.0,0.0,H,25.0,13.0,9.0,3.0,7.0,4.0,9.0,17.0,0.0,2.0,0.0,0.0,
F1,22/11/14,00:00,Nice,Reims,0.0,0.0,D,0.0,0.0,D,13.0,10.0,3.0,2.0,6.0,5.0,13.0,15.0,2.0,2.0,0.0,0.0,
F1,23/11/14,00:00,Marseille,Bordeaux,3.0,1.0,H,0.0,0.0,D,26.0,12.0,12.0,4.0,4.0,7.0,11.0,15.0,0.0,1.0,0.0,0.0,
F1,23/11/14,00:00,Montpellier,Toulouse,2.0,0.0,H,1.0,0.0,H,19.0,7.0,7.0,1.0,2.0,5.0,15.0,18.0,1.0,2.0,0.0,0.0,
F1,23/11/14,00:00,Nantes,St Etienne,0.0,0.0,D,0.0,0.0,D,11.0,13.0,7.0,5.0,7.0,3.0,17.0,11.0,2.0,3.0,0.0,0.0,
F1,28/11/14,00:00,Marseille,Nantes,2.0,0.0,H,2.0,0.0,H,15.0,13.0,4.0,4.0,5.0,8.0,9.0,11.0,1.0,2.0,0.0,0.0,
F1,29/11/14,00:00,Caen,Montpellier,1.0,1.0,D,1.0,1.0,D,21.0,8.0,8.0,4.0,7.0,6.0,11.0,11.0,2.0,0.0,0.0,0.0,
F1,29/11/14,00:00,Lens,Metz,2.0,0.0,H,0.0,0.0,D,15.0,6.0,4.0,1.0,5.0,1.0,8.0,17.0,1.0,3.0,0.0,0.0,
F1,29/11/14,00:00,Paris SG,Nice,1.0,0.0,H,1.0,0.0,H,10.0,9.0,2.0,4.0,4.0,5.0,7.0,12.0,1.0,2.0,0.0,0.0,
F1,29/11/14,00:00,Reims,Bastia,2.0,1.0,H,1.0,1.0,D,11.0,7.0,4.0,3.0,6.0,3.0,14.0,10.0,0.0,1.0,0.0,0.0,
F1,29/11/14,00:00,Rennes,Monaco,2.0,0.0,H,2.0,0.0,H,6.0,9.0,3.0,3.0,5.0,7.0,10.0,9.0,1.0,2.0,0.0,0.0,
F1,29/11/14,00:00,Toulouse,Lorient,2.0,3.0,A,1.0,0.0,H,14.0,15.0,4.0,9.0,1.0,4.0,15.0,7.0,1.0,0.0,0.0,0.0,
F1,30/11/14,00:00,Bordeaux,Lille,1.0,0.0,H,0.0,0.0,D,13.0,7.0,2.0,1.0,5.0,2.0,8.0,11.0,0.0,1.0,0.0,0.0,
F1,30/11/14,00:00,Evian Thonon Gaillard,Guingamp,2.0,0.0,H,0.0,0.0,D,9.0,12.0,3.0,5.0,4.0,5.0,13.0,8.0,1.0,1.0,0.0,0.0,
F1,30/11/14,00:00,St Etienne,Lyon,3.0,0.0,H,2.0,0.0,H,11.0,12.0,5.0,3.0,4.0,6.0,22.0,13.0,1.0,0.0,0.0,0.0,
F1,02/12/14,00:00,Lorient,Marseille,1.0,1.0,D,1.0,1.0,D,11.0,16.0,3.0,8.0,4.0,5.0,9.0,14.0,0.0,1.0,0.0,0.0,
F1,02/12/14,00:00,Monaco,Lens,2.0,0.0,H,0.0,0.0,D,8.0,14.0,5.0,3.0,5.0,2.0,12.0,19.0,0.0,2.0,1.0,0.0,
F1,02/12/14,00:00,Nantes,Toulouse,1.0,2.0,A,0.0,1.0,A,17.0,8.0,4.0,2.0,3.0,4.0,10.0,15.0,1.0,3.0,0.0,0.0,
F1,03/12/14,00:00,Bastia,Evian Thonon Gaillard,1.0,2.0,A,1.0,0.0,H,10.0,8.0,3.0,4.0,10.0,2.0,18.0,13.0,4.0,3.0,0.0,0.0,
F1,03/12/14,00:00,Guingamp,Caen,5.0,1.0,H,2.0,1.0,H,17.0,5.0,9.0,2.0,6.0,4.0,9.0,13.0,2.0,1.0,0.0,1.0,
F1,03/12/14,00:00,Lille,Paris SG,1.0,1.0,D,1.0,1.0,D,18.0,15.0,5.0,8.0,2.0,7.0,14.0,16.0,0.0,1.0,0.0,0.0,
F1,03/12/14,00:00,Metz,Bordeaux,0.0,0.0,D,0.0,0.0,D,10.0,13.0,4.0,1.0,4.0,3.0,21.0,15.0,3.0,2.0,0.0,0.0,
F1,03/12/14,00:00,Montpellier,St Etienne,0.0,2.0,A,0.0,2.0,A,9.0,9.0,3.0,6.0,6.0,3.0,10.0,22.0,2.0,0.0,0.0,1.0,
F1,03/12/14,00:00,Nice,Rennes,1.0,2.0,A,0.0,1.0,A,10.0,4.0,3.0,2.0,7.0,0.0,13.0,16.0,2.0,1.0,0.0,0.0,
F1,04/12/14,00:00,Lyon,Reims,2.0,1.0,H,1.0,1.0,D,17.0,12.0,5.0,5.0,4.0,3.0,20.0,14.0,1.0,1.0,0.0,0.0,
F1,05/12/14,00:00,Toulouse,Monaco,0.0,2.0,A,0.0,1.0,A,11.0,10.0,1.0,5.0,6.0,7.0,15.0,13.0,1.0,2.0,0.0,0.0,
F1,06/12/14,00:00,Bordeaux,Lorient,3.0,2.0,H,1.0,1.0,D,23.0,15.0,11.0,4.0,13.0,5.0,8.0,6.0,0.0,1.0,0.0,0.0,
F1,06/12/14,00:00,Caen,Nice,2.0,3.0,A,2.0,1.0,H,15.0,18.0,5.0,10.0,7.0,5.0,18.0,14.0,2.0,1.0,0.0,0.0,
F1,06/12/14,00:00,Paris SG,Nantes,2.0,1.0,H,1.0,1.0,D,12.0,3.0,4.0,2.0,5.0,2.0,10.0,16.0,1.0,2.0,0.0,0.0,
F1,06/12/14,00:00,Rennes,Montpellier,0.0,4.0,A,0.0,1.0,A,15.0,11.0,3.0,10.0,7.0,2.0,9.0,14.0,2.0,1.0,0.0,0.0,
F1,06/12/14,00:00,St Etienne,Bastia,1.0,0.0,H,0.0,0.0,D,14.0,12.0,2.0,3.0,5.0,3.0,10.0,10.0,1.0,1.0,0.0,0.0,
F1,07/12/14,00:00,Evian Thonon Gaillard,Lyon,2.0,3.0,A,1.0,0.0,H,6.0,20.0,2.0,8.0,1.0,6.0,16.0,22.0,2.0,3.0,0.0,0.0,
F1,07/12/14,00:00,Lens,Lille,1.0,1.0,D,0.0,0.0,D,14.0,5.0,3.0,2.0,10.0,2.0,18.0,6.0,4.0,1.0,0.0,0.0,
F1,07/12/14,00:00,Marseille,Metz,3.0,1.0,H,1.0,0.0,H,16.0,14.0,7.0,5.0,4.0,5.0,9.0,9.0,0.0,1.0,0.0,0.0,
F1,07/12/14,00:00,Reims,Guingamp,2.0,3.0,A,1.0,1.0,D,14.0,7.0,5.0,5.0,7.0,3.0,15.0,21.0,2.0,3.0,0.0,0.0,
F1,12/12/14,00:00,Lyon,Caen,3.0,0.0,H,1.0,0.0,H,23.0,9.0,12.0,2.0,7.0,2.0,9.0,17.0,1.0,2.0,0.0,0.0,
F1,13/12/14,00:00,Bastia,Rennes,2.0,0.0,H,1.0,0.0,H,16.0,5.0,6.0,1.0,6.0,2.0,17.0,6.0,3.0,2.0,0.0,1.0,
F1,13/12/14,00:00,Lorient,Metz,3.0,1.0,H,3.0,0.0,H,21.0,11.0,8.0,2.0,3.0,7.0,7.0,17.0,1.0,1.0,0.0,0.0,
F1,13/12/14,00:00,Montpellier,Lens,3.0,3.0,D,2.0,2.0,D,12.0,16.0,5.0,7.0,5.0,3.0,15.0,30.0,2.0,2.0,0.0,0.0,
F1,13/12/14,00:00,Nantes,Bordeaux,2.0,1.0,H,1.0,1.0,D,6.0,11.0,1.0,5.0,3.0,4.0,17.0,15.0,1.0,1.0,0.0,0.0,
F1,13/12/14,00:00,Reims,Evian Thonon Gaillard,3.0,2.0,H,1.0,0.0,H,14.0,9.0,5.0,5.0,5.0,3.0,10.0,16.0,3.0,3.0,0.0,1.0,
F1,14/12/14,00:00,Guingamp,Paris SG,1.0,0.0,H,1.0,0.0,H,7.0,15.0,2.0,3.0,4.0,5.0,12.0,12.0,0.0,3.0,0.0,0.0,
F1,14/12/14,00:00,Lille,Toulouse,3.0,0.0,H,1.0,0.0,H,15.0,3.0,7.0,1.0,4.0,1.0,16.0,18.0,3.0,2.0,0.0,1.0,
F1,14/12/14,00:00,Monaco,Marseille,1.0,0.0,H,0.0,0.0,D,12.0,10.0,3.0,3.0,6.0,8.0,16.0,16.0,3.0,2.0,0.0,0.0,
F1,14/12/14,00:00,Nice,St Etienne,0.0,0.0,D,0.0,0.0,D,5.0,11.0,3.0,2.0,7.0,6.0,12.0,23.0,1.0,1.0,1.0,1.0,
F1,19/12/14,00:00,Lens,Nice,2.0,0.0,H,1.0,0.0,H,10.0,5.0,5.0,1.0,5.0,4.0,18.0,13.0,3.0,2.0,0.0,0.0,
F1,20/12/14,00:00,Caen,Bastia,1.0,1.0,D,0.0,1.0,A,13.0,9.0,1.0,3.0,2.0,1.0,14.0,15.0,1.0,3.0,0.0,0.0,
F1,20/12/14,00:00,Lorient,Nantes,1.0,2.0,A,0.0,1.0,A,20.0,14.0,10.0,7.0,7.0,4.0,8.0,11.0,0.0,0.0,0.0,0.0,
F1,20/12/14,00:00,Metz,Monaco,0.0,1.0,A,0.0,0.0,D,18.0,10.0,7.0,3.0,7.0,4.0,17.0,16.0,3.0,1.0,0.0,0.0,
F1,20/12/14,00:00,Paris SG,Montpellier,0.0,0.0,D,0.0,0.0,D,12.0,1.0,4.0,0.0,8.0,5.0,14.0,19.0,1.0,4.0,0.0,0.0,
F1,20/12/14,00:00,Rennes,Reims,1.0,3.0,A,1.0,0.0,H,7.0,12.0,2.0,5.0,2.0,4.0,13.0,9.0,2.0,3.0,0.0,0.0,
F1,20/12/14,00:00,Toulouse,Guingamp,1.0,1.0,D,1.0,1.0,D,11.0,10.0,5.0,3.0,7.0,5.0,15.0,12.0,2.0,0.0,0.0,0.0,
F1,21/12/14,00:00,Bordeaux,Lyon,0.0,5.0,A,0.0,1.0,A,11.0,18.0,4.0,9.0,3.0,2.0,11.0,12.0,1.0,1.0,1.0,0.0,
F1,21/12/14,00:00,Marseille,Lille,2.0,1.0,H,1.0,0.0,H,13.0,10.0,1.0,2.0,10.0,1.0,16.0,9.0,1.0,1.0,0.0,0.0,
F1,21/12/14,00:00,St Etienne,Evian Thonon Gaillard,3.0,0.0,H,2.0,0.0,H,7.0,6.0,4.0,1.0,7.0,2.0,8.0,12.0,1.0,0.0,0.0,0.0,
F1,07/01/15,00:00,Lille,Evian Thonon Gaillard,1.0,0.0,H,0.0,0.0,D,11.0,6.0,3.0,2.0,3.0,6.0,10.0,15.0,0.0,1.0,0.0,0.0,
F1,09/01/15,00:00,Montpellier,Marseille,2.0,1.0,H,1.0,0.0,H,12.0,12.0,4.0,4.0,3.0,2.0,17.0,23.0,0.0,3.0,0.0,0.0,
F1,10/01/15,00:00,Bastia,Paris SG,4.0,2.0,H,2.0,2.0,D,6.0,10.0,4.0,4.0,2.0,0.0,21.0,11.0,3.0,1.0,0.0,0.0,
F1,10/01/15,00:00,Evian Thonon Gaillard,Rennes,1.0,1.0,D,0.0,0.0,D,9.0,11.0,3.0,7.0,6.0,5.0,11.0,9.0,3.0,0.0,0.0,0.0,
F1,10/01/15,00:00,Guingamp,Lens,2.0,0.0,H,1.0,0.0,H,14.0,10.0,3.0,2.0,8.0,8.0,10.0,21.0,1.0,3.0,0.0,0.0,
F1,10/01/15,00:00,Lille,Caen,1.0,0.0,H,1.0,0.0,H,14.0,5.0,4.0,2.0,7.0,6.0,9.0,13.0,1.0,1.0,0.0,0.0,
F1,10/01/15,00:00,Nice,Lorient,3.0,1.0,H,1.0,1.0,D,20.0,5.0,9.0,1.0,8.0,1.0,14.0,11.0,1.0,0.0,0.0,0.0,
F1,10/01/15,00:00,Reims,St Etienne,1.0,2.0,A,0.0,1.0,A,25.0,14.0,7.0,6.0,9.0,5.0,14.0,15.0,3.0,1.0,1.0,0.0,
F1,11/01/15,00:00,Lyon,Toulouse,3.0,0.0,H,2.0,0.0,H,8.0,9.0,5.0,2.0,2.0,5.0,14.0,17.0,1.0,3.0,0.0,0.0,
F1,11/01/15,00:00,Monaco,Bordeaux,0.0,0.0,D,0.0,0.0,D,14.0,9.0,4.0,5.0,13.0,2.0,16.0,15.0,1.0,1.0,0.0,0.0,
F1,11/01/15,00:00,Nantes,Metz,0.0,0.0,D,0.0,0.0,D,11.0,9.0,1.0,3.0,4.0,4.0,13.0,18.0,1.0,3.0,0.0,0.0,
F1,16/01/15,00:00,Bordeaux,Nice,1.0,2.0,A,1.0,0.0,H,8.0,9.0,3.0,2.0,1.0,6.0,19.0,19.0,2.0,5.0,0.0,0.0,
F1,17/01/15,00:00,Caen,Reims,4.0,1.0,H,3.0,1.0,H,15.0,12.0,7.0,2.0,6.0,8.0,16.0,18.0,1.0,3.0,0.0,0.0,
F1,17/01/15,00:00,Lens,Lyon,0.0,2.0,A,0.0,2.0,A,12.0,8.0,4.0,4.0,7.0,1.0,16.0,12.0,0.0,0.0,0.0,0.0,
F1,17/01/15,00:00,Lorient,Lille,1.0,0.0,H,0.0,0.0,D,15.0,13.0,6.0,4.0,6.0,7.0,22.0,13.0,2.0,1.0,0.0,0.0,
F1,17/01/15,00:00,Metz,Montpellier,2.0,3.0,A,2.0,1.0,H,7.0,14.0,3.0,5.0,5.0,6.0,13.0,14.0,0.0,1.0,0.0,0.0,
F1,17/01/15,00:00,Monaco,Nantes,1.0,0.0,H,0.0,0.0,D,11.0,13.0,4.0,2.0,3.0,5.0,6.0,18.0,1.0,1.0,0.0,0.0,
F1,17/01/15,00:00,Toulouse,Bastia,1.0,1.0,D,0.0,0.0,D,13.0,3.0,4.0,1.0,7.0,2.0,16.0,18.0,1.0,1.0,0.0,0.0,
F1,18/01/15,00:00,Marseille,Guingamp,2.0,1.0,H,0.0,0.0,D,16.0,11.0,7.0,4.0,5.0,4.0,16.0,13.0,2.0,1.0,1.0,0.0,
F1,18/01/15,00:00,Paris SG,Evian Thonon Gaillard,4.0,2.0,H,2.0,1.0,H,10.0,5.0,8.0,1.0,7.0,4.0,11.0,14.0,3.0,1.0,0.0,0.0,
F1,18/01/15,00:00,Rennes,St Etienne,0.0,0.0,D,0.0,0.0,D,6.0,5.0,1.0,1.0,3.0,8.0,14.0,19.0,1.0,1.0,0.0,0.0,
F1,23/01/15,00:00,Nice,Marseille,2.0,1.0,H,0.0,0.0,D,10.0,18.0,3.0,3.0,4.0,5.0,13.0,23.0,3.0,3.0,1.0,0.0,
F1,24/01/15,00:00,Bastia,Bordeaux,0.0,0.0,D,0.0,0.0,D,11.0,13.0,4.0,4.0,5.0,5.0,13.0,14.0,1.0,2.0,1.0,0.0,
F1,24/01/15,00:00,Guingamp,Lorient,3.0,2.0,H,1.0,0.0,H,11.0,17.0,6.0,5.0,5.0,2.0,12.0,8.0,2.0,1.0,1.0,0.0,
F1,24/01/15,00:00,Lille,Monaco,0.0,1.0,A,0.0,0.0,D,11.0,9.0,1.0,2.0,5.0,4.0,13.0,24.0,2.0,2.0,0.0,0.0,
F1,24/01/15,00:00,Montpellier,Nantes,4.0,0.0,H,1.0,0.0,H,9.0,14.0,6.0,6.0,2.0,2.0,12.0,17.0,0.0,2.0,0.0,0.0,
F1,25/01/15,00:00,Evian Thonon Gaillard,Toulouse,1.0,0.0,H,1.0,0.0,H,7.0,9.0,3.0,4.0,5.0,4.0,13.0,17.0,0.0,2.0,0.0,1.0,
F1,25/01/15,00:00,Lyon,Metz,2.0,0.0,H,1.0,0.0,H,21.0,5.0,6.0,2.0,6.0,2.0,9.0,17.0,2.0,2.0,0.0,1.0,
F1,25/01/15,00:00,Reims,Lens,0.0,0.0,D,0.0,0.0,D,12.0,20.0,3.0,7.0,4.0,6.0,17.0,21.0,2.0,1.0,0.0,0.0,
F1,25/01/15,00:00,Rennes,Caen,1.0,4.0,A,1.0,1.0,D,14.0,11.0,5.0,5.0,4.0,3.0,13.0,14.0,0.0,0.0,0.0,0.0,
F1,25/01/15,00:00,St Etienne,Paris SG,0.0,1.0,A,0.0,0.0,D,10.0,11.0,1.0,3.0,8.0,3.0,11.0,8.0,2.0,3.0,0.0,0.0,
F1,30/01/15,00:00,Paris SG,Rennes,1.0,0.0,H,1.0,0.0,H,8.0,7.0,2.0,2.0,5.0,6.0,7.0,15.0,2.0,1.0,0.0,0.0,
F1,31/01/15,00:00,Lens,Bastia,1.0,1.0,D,0.0,0.0,D,20.0,4.0,5.0,1.0,5.0,2.0,14.0,12.0,1.0,2.0,0.0,0.0,
F1,31/01/15,00:00,Lorient,Montpellier,0.0,0.0,D,0.0,0.0,D,13.0,7.0,5.0,1.0,9.0,3.0,19.0,10.0,2.0,1.0,0.0,0.0,
F1,31/01/15,00:00,Marseille,Evian Thonon Gaillard,1.0,0.0,H,0.0,0.0,D,18.0,3.0,1.0,1.0,3.0,0.0,11.0,17.0,0.0,2.0,0.0,0.0,
F1,31/01/15,00:00,Metz,Nice,0.0,0.0,D,0.0,0.0,D,10.0,4.0,3.0,0.0,4.0,1.0,13.0,13.0,2.0,1.0,0.0,1.0,
F1,31/01/15,00:00,Nantes,Lille,1.0,1.0,D,0.0,1.0,A,14.0,14.0,7.0,3.0,13.0,1.0,13.0,7.0,1.0,1.0,0.0,0.0,
F1,31/01/15,00:00,Toulouse,Reims,1.0,0.0,H,1.0,0.0,H,16.0,5.0,3.0,2.0,8.0,0.0,10.0,20.0,3.0,2.0,0.0,0.0,
F1,01/02/15,00:00,Bordeaux,Guingamp,1.0,1.0,D,0.0,1.0,A,14.0,9.0,3.0,5.0,7.0,4.0,8.0,11.0,2.0,4.0,1.0,0.0,
F1,01/02/15,00:00,Caen,St Etienne,1.0,0.0,H,1.0,0.0,H,14.0,11.0,5.0,1.0,4.0,12.0,13.0,12.0,2.0,2.0,0.0,0.0,
F1,01/02/15,00:00,Monaco,Lyon,0.0,0.0,D,0.0,0.0,D,9.0,6.0,1.0,3.0,5.0,2.0,15.0,14.0,1.0,1.0,0.0,0.0,
F1,06/02/15,00:00,St Etienne,Lens,3.0,3.0,D,1.0,0.0,H,14.0,13.0,6.0,8.0,3.0,4.0,15.0,10.0,3.0,2.0,0.0,0.0,
F1,07/02/15,00:00,Bastia,Metz,2.0,0.0,H,0.0,0.0,D,14.0,8.0,8.0,5.0,2.0,2.0,12.0,17.0,1.0,3.0,0.0,1.0,
F1,07/02/15,00:00,Caen,Toulouse,2.0,0.0,H,1.0,0.0,H,12.0,13.0,4.0,1.0,3.0,8.0,15.0,15.0,0.0,2.0,0.0,0.0,
F1,07/02/15,00:00,Evian Thonon Gaillard,Bordeaux,0.0,1.0,A,0.0,1.0,A,8.0,4.0,4.0,1.0,5.0,1.0,18.0,19.0,1.0,3.0,0.0,0.0,
F1,07/02/15,00:00,Montpellier,Lille,1.0,2.0,A,0.0,1.0,A,13.0,9.0,8.0,5.0,9.0,1.0,19.0,20.0,0.0,1.0,0.0,0.0,
F1,07/02/15,00:00,Reims,Lorient,1.0,3.0,A,1.0,0.0,H,10.0,12.0,4.0,4.0,7.0,6.0,12.0,14.0,1.0,1.0,0.0,0.0,
F1,07/02/15,00:00,Rennes,Marseille,1.0,1.0,D,1.0,0.0,H,11.0,10.0,2.0,2.0,4.0,4.0,11.0,12.0,2.0,3.0,0.0,1.0,
F1,08/02/15,00:00,Guingamp,Monaco,1.0,0.0,H,0.0,0.0,D,7.0,19.0,2.0,5.0,2.0,7.0,9.0,14.0,2.0,2.0,1.0,0.0,
F1,08/02/15,00:00,Lyon,Paris SG,1.0,1.0,D,1.0,0.0,H,7.0,14.0,2.0,6.0,3.0,3.0,15.0,11.0,3.0,2.0,0.0,0.0,
F1,08/02/15,00:00,Nice,Nantes,0.0,0.0,D,0.0,0.0,D,19.0,8.0,7.0,2.0,5.0,1.0,11.0,17.0,2.0,2.0,0.0,0.0,
F1,13/02/15,00:00,Marseille,Reims,2.0,2.0,D,0.0,1.0,A,21.0,14.0,5.0,5.0,14.0,4.0,7.0,15.0,1.0,2.0,0.0,0.0,
F1,14/02/15,00:00,Lens,Evian Thonon Gaillard,0.0,2.0,A,0.0,2.0,A,13.0,8.0,3.0,3.0,5.0,2.0,8.0,18.0,1.0,2.0,1.0,1.0,
F1,14/02/15,00:00,Lille,Nice,0.0,0.0,D,0.0,0.0,D,8.0,5.0,1.0,1.0,5.0,3.0,9.0,21.0,3.0,3.0,1.0,0.0,
F1,14/02/15,00:00,Nantes,Bastia,0.0,2.0,A,0.0,1.0,A,11.0,6.0,3.0,2.0,0.0,3.0,13.0,14.0,3.0,2.0,1.0,0.0,
F1,14/02/15,00:00,Paris SG,Caen,2.0,2.0,D,2.0,0.0,H,13.0,14.0,6.0,7.0,5.0,5.0,11.0,17.0,1.0,2.0,0.0,0.0,
F1,14/02/15,00:00,Toulouse,Rennes,2.0,1.0,H,1.0,0.0,H,18.0,11.0,6.0,3.0,5.0,5.0,16.0,21.0,1.0,1.0,0.0,0.0,
F1,15/02/15,00:00,Bordeaux,St Etienne,1.0,0.0,H,1.0,0.0,H,13.0,11.0,4.0,4.0,5.0,3.0,13.0,14.0,0.0,2.0,0.0,0.0,
F1,15/02/15,00:00,Lorient,Lyon,1.0,1.0,D,0.0,0.0,D,13.0,9.0,3.0,6.0,3.0,5.0,14.0,15.0,1.0,3.0,0.0,0.0,
F1,15/02/15,00:00,Metz,Guingamp,0.0,2.0,A,0.0,2.0,A,14.0,13.0,2.0,5.0,7.0,3.0,19.0,9.0,3.0,1.0,0.0,0.0,
F1,20/02/15,00:00,Nice,Monaco,0.0,1.0,A,0.0,0.0,D,10.0,10.0,3.0,2.0,7.0,3.0,16.0,13.0,5.0,0.0,0.0,1.0,
F1,21/02/15,00:00,Bastia,Lille,2.0,1.0,H,2.0,1.0,H,7.0,10.0,5.0,3.0,4.0,8.0,11.0,14.0,0.0,1.0,0.0,0.0,
F1,21/02/15,00:00,Caen,Lens,4.0,1.0,H,3.0,1.0,H,8.0,14.0,4.0,3.0,3.0,7.0,13.0,14.0,1.0,2.0,0.0,0.0,
F1,21/02/15,00:00,Paris SG,Toulouse,3.0,1.0,H,1.0,0.0,H,8.0,8.0,4.0,3.0,7.0,3.0,12.0,12.0,2.0,1.0,0.0,0.0,
F1,21/02/15,00:00,Rennes,Bordeaux,1.0,1.0,D,1.0,0.0,H,8.0,20.0,3.0,6.0,4.0,9.0,11.0,11.0,3.0,3.0,0.0,0.0,
F1,22/02/15,00:00,Guingamp,Montpellier,0.0,2.0,A,0.0,1.0,A,4.0,16.0,2.0,9.0,1.0,4.0,13.0,19.0,0.0,1.0,0.0,0.0,
F1,22/02/15,00:00,Lyon,Nantes,1.0,0.0,H,0.0,0.0,D,15.0,5.0,3.0,0.0,5.0,4.0,14.0,22.0,2.0,5.0,0.0,0.0,
F1,22/02/15,00:00,Reims,Metz,0.0,0.0,D,0.0,0.0,D,13.0,12.0,3.0,6.0,7.0,6.0,14.0,15.0,1.0,2.0,0.0,0.0,
F1,22/02/15,00:00,St Etienne,Marseille,2.0,2.0,D,0.0,0.0,D,16.0,13.0,6.0,4.0,3.0,5.0,22.0,19.0,1.0,4.0,0.0,0.0,
F1,27/02/15,00:00,Marseille,Caen,2.0,3.0,A,1.0,0.0,H,21.0,15.0,9.0,10.0,4.0,6.0,12.0,7.0,1.0,1.0,0.0,0.0,
F1,28/02/15,00:00,Bordeaux,Reims,1.0,1.0,D,1.0,1.0,D,14.0,7.0,6.0,3.0,6.0,3.0,9.0,15.0,1.0,1.0,0.0,0.0,
F1,28/02/15,00:00,Lens,Rennes,0.0,1.0,A,0.0,1.0,A,13.0,8.0,2.0,2.0,1.0,2.0,16.0,13.0,3.0,1.0,0.0,0.0,
F1,28/02/15,00:00,Lille,Lyon,2.0,1.0,H,0.0,1.0,A,13.0,10.0,3.0,4.0,0.0,5.0,27.0,23.0,2.0,2.0,0.0,0.0,
F1,28/02/15,00:00,Lorient,Bastia,2.0,0.0,H,1.0,0.0,H,18.0,8.0,6.0,4.0,7.0,8.0,9.0,12.0,1.0,1.0,0.0,0.0,
F1,28/02/15,00:00,Metz,Evian Thonon Gaillard,1.0,2.0,A,1.0,1.0,D,13.0,5.0,5.0,2.0,3.0,8.0,13.0,9.0,3.0,1.0,0.0,0.0,
F1,28/02/15,00:00,Toulouse,St Etienne,1.0,1.0,D,0.0,1.0,A,11.0,7.0,4.0,4.0,6.0,1.0,11.0,17.0,2.0,1.0,0.0,0.0,
F1,01/03/15,00:00,Monaco,Paris SG,0.0,0.0,D,0.0,0.0,D,6.0,12.0,1.0,2.0,1.0,7.0,18.0,14.0,1.0,2.0,0.0,0.0,
F1,01/03/15,00:00,Montpellier,Nice,2.0,1.0,H,1.0,1.0,D,12.0,15.0,5.0,7.0,1.0,1.0,19.0,17.0,3.0,4.0,0.0,0.0,
F1,01/03/15,00:00,Nantes,Guingamp,1.0,0.0,H,0.0,0.0,D,9.0,3.0,3.0,2.0,1.0,2.0,25.0,11.0,4.0,4.0,1.0,0.0,
F1,04/03/15,00:00,Evian Thonon Gaillard,Lorient,1.0,0.0,H,1.0,0.0,H,7.0,17.0,2.0,7.0,4.0,5.0,13.0,8.0,3.0,3.0,0.0,0.0,
F1,06/03/15,00:00,Toulouse,Marseille,1.0,6.0,A,0.0,4.0,A,16.0,11.0,2.0,8.0,4.0,4.0,19.0,23.0,1.0,2.0,0.0,0.0,
F1,07/03/15,00:00,Bastia,Nice,2.0,1.0,H,1.0,1.0,D,14.0,5.0,7.0,1.0,10.0,2.0,17.0,15.0,3.0,3.0,0.0,2.0,
F1,07/03/15,00:00,Caen,Bordeaux,1.0,2.0,A,0.0,0.0,D,8.0,15.0,1.0,5.0,3.0,4.0,11.0,15.0,1.0,3.0,1.0,0.0,
F1,07/03/15,00:00,Evian Thonon Gaillard,Monaco,1.0,3.0,A,0.0,2.0,A,11.0,11.0,6.0,5.0,6.0,3.0,11.0,8.0,0.0,1.0,0.0,0.0,
F1,07/03/15,00:00,Paris SG,Lens,4.0,1.0,H,1.0,0.0,H,27.0,8.0,14.0,3.0,7.0,3.0,8.0,17.0,1.0,3.0,0.0,0.0,
F1,07/03/15,00:00,Reims,Nantes,3.0,1.0,H,2.0,0.0,H,22.0,7.0,9.0,4.0,8.0,4.0,10.0,15.0,4.0,2.0,0.0,1.0,
F1,07/03/15,00:00,Rennes,Metz,1.0,0.0,H,1.0,0.0,H,7.0,16.0,4.0,4.0,3.0,3.0,9.0,8.0,1.0,1.0,0.0,0.0,
F1,08/03/15,00:00,Guingamp,Lille,0.0,1.0,A,0.0,0.0,D,4.0,15.0,2.0,4.0,3.0,8.0,21.0,14.0,2.0,3.0,0.0,0.0,
F1,08/03/15,00:00,Montpellier,Lyon,1.0,5.0,A,1.0,2.0,A,10.0,15.0,4.0,8.0,1.0,1.0,16.0,22.0,4.0,5.0,0.0,0.0,
F1,08/03/15,00:00,St Etienne,Lorient,2.0,0.0,H,0.0,0.0,D,15.0,5.0,4.0,2.0,3.0,4.0,15.0,16.0,3.0,0.0,0.0,1.0,
F1,13/03/15,00:00,Monaco,Bastia,3.0,0.0,H,2.0,0.0,H,15.0,6.0,9.0,0.0,8.0,1.0,10.0,13.0,0.0,0.0,0.0,2.0,
F1,13/03/15,00:00,Nice,Guingamp,1.0,2.0,A,0.0,0.0,D,12.0,10.0,2.0,5.0,4.0,4.0,14.0,16.0,2.0,2.0,0.0,0.0,
F1,14/03/15,00:00,Lens,Toulouse,1.0,0.0,H,0.0,0.0,D,11.0,12.0,4.0,2.0,6.0,6.0,15.0,13.0,2.0,1.0,0.0,0.0,
F1,14/03/15,00:00,Lorient,Caen,2.0,1.0,H,1.0,1.0,D,27.0,9.0,8.0,3.0,9.0,3.0,15.0,9.0,0.0,1.0,0.0,1.0,
F1,14/03/15,00:00,Metz,St Etienne,2.0,3.0,A,0.0,2.0,A,13.0,7.0,4.0,4.0,8.0,4.0,14.0,12.0,2.0,0.0,0.0,0.0,
F1,14/03/15,00:00,Montpellier,Reims,3.0,1.0,H,1.0,0.0,H,14.0,14.0,7.0,5.0,2.0,5.0,14.0,15.0,1.0,1.0,0.0,0.0,
F1,14/03/15,00:00,Nantes,Evian Thonon Gaillard,2.0,1.0,H,1.0,0.0,H,10.0,12.0,4.0,4.0,2.0,3.0,9.0,14.0,2.0,4.0,0.0,0.0,
F1,15/03/15,00:00,Bordeaux,Paris SG,3.0,2.0,H,1.0,0.0,H,22.0,7.0,6.0,5.0,6.0,3.0,18.0,17.0,2.0,3.0,0.0,0.0,
F1,15/03/15,00:00,Lille,Rennes,3.0,0.0,H,1.0,0.0,H,16.0,9.0,4.0,2.0,5.0,7.0,9.0,18.0,1.0,1.0,0.0,0.0,
F1,15/03/15,00:00,Marseille,Lyon,0.0,0.0,D,0.0,0.0,D,17.0,11.0,5.0,7.0,5.0,7.0,15.0,19.0,4.0,3.0,1.0,0.0,
F1,20/03/15,00:00,Paris SG,Lorient,3.0,1.0,H,1.0,0.0,H,17.0,10.0,10.0,4.0,10.0,5.0,9.0,12.0,2.0,3.0,0.0,0.0,
F1,21/03/15,00:00,Bastia,Guingamp,0.0,0.0,D,0.0,0.0,D,15.0,12.0,5.0,4.0,3.0,7.0,19.0,20.0,1.0,1.0,0.0,0.0,
F1,21/03/15,00:00,Caen,Metz,0.0,0.0,D,0.0,0.0,D,15.0,9.0,4.0,2.0,8.0,2.0,11.0,11.0,0.0,0.0,0.0,0.0,
F1,21/03/15,00:00,Evian Thonon Gaillard,Montpellier,1.0,0.0,H,0.0,0.0,D,10.0,7.0,1.0,3.0,1.0,5.0,15.0,11.0,2.0,0.0,0.0,0.0,
F1,21/03/15,00:00,Lyon,Nice,1.0,2.0,A,0.0,1.0,A,21.0,10.0,8.0,4.0,4.0,4.0,14.0,16.0,4.0,2.0,0.0,1.0,
F1,21/03/15,00:00,Rennes,Nantes,0.0,0.0,D,0.0,0.0,D,8.0,9.0,2.0,0.0,5.0,2.0,10.0,12.0,0.0,2.0,0.0,0.0,
F1,21/03/15,00:00,Toulouse,Bordeaux,2.0,1.0,H,1.0,1.0,D,10.0,14.0,5.0,7.0,8.0,9.0,16.0,9.0,2.0,2.0,0.0,1.0,
F1,22/03/15,00:00,Lens,Marseille,0.0,4.0,A,0.0,0.0,D,16.0,15.0,3.0,6.0,9.0,3.0,18.0,17.0,3.0,2.0,0.0,0.0,
F1,22/03/15,00:00,Reims,Monaco,1.0,3.0,A,0.0,2.0,A,16.0,12.0,3.0,5.0,5.0,3.0,12.0,10.0,3.0,2.0,0.0,0.0,
F1,22/03/15,00:00,St Etienne,Lille,2.0,0.0,H,0.0,0.0,D,12.0,6.0,6.0,1.0,6.0,3.0,17.0,8.0,3.0,1.0,0.0,1.0,
F1,03/04/15,00:00,Monaco,St Etienne,1.0,1.0,D,0.0,0.0,D,7.0,11.0,1.0,3.0,6.0,1.0,19.0,20.0,3.0,1.0,0.0,0.0,
F1,04/04/15,00:00,Guingamp,Lyon,1.0,3.0,A,0.0,2.0,A,4.0,10.0,1.0,6.0,0.0,3.0,14.0,21.0,1.0,2.0,1.0,0.0,
F1,04/04/15,00:00,Lille,Reims,3.0,1.0,H,1.0,0.0,H,14.0,10.0,8.0,3.0,0.0,2.0,16.0,19.0,1.0,3.0,0.0,0.0,
F1,04/04/15,00:00,Lorient,Rennes,0.0,3.0,A,0.0,2.0,A,24.0,10.0,8.0,5.0,5.0,2.0,11.0,5.0,1.0,1.0,0.0,0.0,
F1,04/04/15,00:00,Metz,Toulouse,3.0,2.0,H,2.0,1.0,H,21.0,5.0,8.0,3.0,7.0,3.0,15.0,9.0,2.0,3.0,0.0,1.0,
F1,04/04/15,00:00,Montpellier,Bastia,3.0,1.0,H,0.0,1.0,A,11.0,6.0,5.0,1.0,8.0,1.0,10.0,23.0,1.0,2.0,0.0,0.0,
F1,04/04/15,00:00,Nice,Evian Thonon Gaillard,2.0,2.0,D,1.0,1.0,D,10.0,8.0,3.0,3.0,6.0,2.0,22.0,19.0,5.0,4.0,0.0,0.0,
F1,05/04/15,00:00,Bordeaux,Lens,2.0,1.0,H,0.0,0.0,D,17.0,9.0,8.0,2.0,3.0,8.0,10.0,17.0,1.0,2.0,0.0,0.0,
F1,05/04/15,00:00,Marseille,Paris SG,2.0,3.0,A,2.0,1.0,H,17.0,13.0,5.0,7.0,3.0,2.0,16.0,16.0,3.0,2.0,1.0,0.0,
F1,05/04/15,00:00,Nantes,Caen,1.0,2.0,A,1.0,0.0,H,8.0,11.0,4.0,3.0,3.0,12.0,15.0,8.0,1.0,2.0,0.0,0.0,
F1,07/04/15,00:00,Monaco,Montpellier,0.0,0.0,D,0.0,0.0,D,10.0,4.0,2.0,1.0,9.0,5.0,15.0,17.0,1.0,2.0,0.0,0.0,
F1,10/04/15,00:00,Caen,Monaco,0.0,3.0,A,0.0,1.0,A,7.0,11.0,2.0,4.0,5.0,3.0,11.0,5.0,2.0,0.0,0.0,0.0,
F1,12/04/15,00:00,Bordeaux,Marseille,1.0,0.0,H,0.0,0.0,D,11.0,15.0,1.0,3.0,5.0,6.0,17.0,9.0,2.0,1.0,0.0,0.0,
F1,12/04/15,00:00,Evian Thonon Gaillard,Lille,0.0,1.0,A,0.0,0.0,D,9.0,9.0,3.0,1.0,8.0,1.0,15.0,12.0,2.0,2.0,0.0,0.0,
F1,12/04/15,00:00,Lens,Lorient,0.0,0.0,D,0.0,0.0,D,9.0,7.0,2.0,3.0,3.0,5.0,14.0,12.0,3.0,1.0,0.0,0.0,
F1,12/04/15,00:00,Reims,Nice,0.0,1.0,A,0.0,1.0,A,17.0,11.0,3.0,5.0,7.0,4.0,17.0,15.0,3.0,3.0,0.0,0.0,
F1,12/04/15,00:00,Rennes,Guingamp,1.0,0.0,H,0.0,0.0,D,11.0,6.0,5.0,1.0,7.0,4.0,14.0,13.0,3.0,3.0,0.0,1.0,
F1,12/04/15,00:00,St Etienne,Nantes,1.0,0.0,H,1.0,0.0,H,6.0,9.0,2.0,2.0,7.0,7.0,11.0,16.0,4.0,2.0,0.0,0.0,
F1,12/04/15,00:00,Toulouse,Montpellier,1.0,0.0,H,1.0,0.0,H,10.0,9.0,3.0,2.0,4.0,6.0,24.0,18.0,2.0,2.0,0.0,0.0,
F1,15/04/15,00:00,Lyon,Bastia,2.0,0.0,H,0.0,0.0,D,15.0,6.0,7.0,3.0,9.0,4.0,14.0,12.0,2.0,0.0,0.0,0.0,
F1,17/04/15,00:00,Nantes,Marseille,1.0,0.0,H,1.0,0.0,H,8.0,6.0,2.0,2.0,4.0,7.0,17.0,12.0,1.0,3.0,0.0,0.0,
F1,18/04/15,00:00,Bastia,Reims,1.0,2.0,A,0.0,2.0,A,5.0,6.0,1.0,5.0,4.0,5.0,19.0,16.0,3.0,5.0,0.0,0.0,
F1,18/04/15,00:00,Guingamp,Evian Thonon Gaillard,1.0,1.0,D,1.0,0.0,H,11.0,7.0,6.0,3.0,5.0,0.0,8.0,15.0,1.0,2.0,0.0,0.0,
F1,18/04/15,00:00,Lorient,Toulouse,0.0,1.0,A,0.0,1.0,A,13.0,9.0,1.0,3.0,9.0,3.0,11.0,20.0,3.0,0.0,0.0,1.0,
F1,18/04/15,00:00,Metz,Lens,3.0,1.0,H,1.0,0.0,H,18.0,6.0,7.0,2.0,5.0,4.0,16.0,15.0,1.0,2.0,0.0,0.0,
F1,18/04/15,00:00,Monaco,Rennes,1.0,1.0,D,1.0,0.0,H,9.0,9.0,1.0,3.0,6.0,1.0,12.0,13.0,1.0,2.0,0.0,0.0,
F1,18/04/15,00:00,Nice,Paris SG,1.0,3.0,A,1.0,1.0,D,17.0,14.0,4.0,8.0,3.0,8.0,9.0,13.0,1.0,2.0,0.0,0.0,
F1,19/04/15,00:00,Lille,Bordeaux,2.0,0.0,H,1.0,0.0,H,6.0,8.0,4.0,4.0,3.0,10.0,14.0,21.0,3.0,3.0,0.0,0.0,
F1,19/04/15,00:00,Lyon,St Etienne,2.0,2.0,D,1.0,2.0,A,21.0,11.0,6.0,6.0,7.0,4.0,11.0,22.0,2.0,5.0,1.0,0.0,
F1,19/04/15,00:00,Montpellier,Caen,1.0,0.0,H,1.0,0.0,H,12.0,6.0,6.0,2.0,7.0,3.0,10.0,17.0,1.0,1.0,0.0,0.0,
F1,24/04/15,00:00,Marseille,Lorient,3.0,5.0,A,0.0,2.0,A,12.0,11.0,5.0,6.0,5.0,1.0,11.0,17.0,1.0,5.0,0.0,0.0,
F1,25/04/15,00:00,Bordeaux,Metz,1.0,1.0,D,0.0,1.0,A,18.0,7.0,4.0,3.0,13.0,2.0,9.0,14.0,1.0,3.0,0.0,0.0,
F1,25/04/15,00:00,Caen,Guingamp,0.0,2.0,A,0.0,0.0,D,12.0,7.0,0.0,3.0,13.0,2.0,12.0,7.0,3.0,2.0,0.0,0.0,
F1,25/04/15,00:00,Evian Thonon Gaillard,Bastia,1.0,2.0,A,1.0,0.0,H,12.0,13.0,2.0,4.0,6.0,3.0,12.0,12.0,0.0,2.0,0.0,0.0,
F1,25/04/15,00:00,Paris SG,Lille,6.0,1.0,H,4.0,0.0,H,11.0,9.0,7.0,1.0,1.0,7.0,22.0,9.0,1.0,3.0,0.0,1.0,
F1,25/04/15,00:00,Rennes,Nice,2.0,1.0,H,0.0,1.0,A,11.0,9.0,5.0,3.0,2.0,1.0,12.0,15.0,1.0,2.0,0.0,0.0,
F1,25/04/15,00:00,Toulouse,Nantes,1.0,1.0,D,1.0,0.0,H,11.0,12.0,3.0,3.0,6.0,6.0,7.0,16.0,1.0,2.0,0.0,0.0,
F1,26/04/15,00:00,Lens,Monaco,0.0,3.0,A,0.0,2.0,A,8.0,13.0,1.0,6.0,3.0,4.0,12.0,7.0,3.0,1.0,0.0,0.0,
F1,26/04/15,00:00,Reims,Lyon,2.0,4.0,A,1.0,3.0,A,17.0,14.0,5.0,10.0,4.0,4.0,16.0,14.0,1.0,3.0,0.0,0.0,
F1,26/04/15,00:00,St Etienne,Montpellier,1.0,0.0,H,1.0,0.0,H,8.0,10.0,3.0,3.0,3.0,8.0,12.0,11.0,1.0,2.0,0.0,0.0,
F1,28/04/15,00:00,Paris SG,Metz,3.0,1.0,H,2.0,0.0,H,11.0,8.0,5.0,2.0,11.0,3.0,7.0,14.0,1.0,1.0,0.0,0.0,
F1,01/05/15,00:00,Metz,Marseille,0.0,2.0,A,0.0,1.0,A,17.0,11.0,6.0,8.0,5.0,7.0,11.0,19.0,1.0,3.0,0.0,0.0,
F1,02/05/15,00:00,Bastia,St Etienne,1.0,0.0,H,0.0,0.0,D,11.0,7.0,4.0,1.0,2.0,5.0,15.0,14.0,4.0,2.0,0.0,0.0,
F1,02/05/15,00:00,Guingamp,Reims,2.0,0.0,H,0.0,0.0,D,9.0,6.0,3.0,1.0,3.0,5.0,19.0,14.0,1.0,1.0,0.0,0.0,
F1,02/05/15,00:00,Lorient,Bordeaux,0.0,0.0,D,0.0,0.0,D,6.0,14.0,2.0,4.0,6.0,11.0,12.0,12.0,0.0,1.0,0.0,0.0,
F1,02/05/15,00:00,Lyon,Evian Thonon Gaillard,2.0,0.0,H,2.0,0.0,H,16.0,8.0,6.0,3.0,6.0,3.0,10.0,9.0,1.0,1.0,0.0,0.0,
F1,02/05/15,00:00,Montpellier,Rennes,0.0,0.0,D,0.0,0.0,D,11.0,4.0,1.0,1.0,9.0,4.0,9.0,13.0,1.0,0.0,1.0,0.0,
F1,02/05/15,00:00,Nice,Caen,1.0,1.0,D,1.0,1.0,D,16.0,16.0,1.0,5.0,5.0,10.0,10.0,9.0,2.0,1.0,0.0,0.0,
F1,03/05/15,00:00,Lille,Lens,3.0,1.0,H,1.0,1.0,D,14.0,3.0,8.0,1.0,7.0,3.0,11.0,23.0,3.0,3.0,0.0,0.0,
F1,03/05/15,00:00,Monaco,Toulouse,4.0,1.0,H,2.0,1.0,H,6.0,11.0,6.0,4.0,2.0,5.0,15.0,20.0,2.0,0.0,1.0,1.0,
F1,03/05/15,00:00,Nantes,Paris SG,0.0,2.0,A,0.0,2.0,A,12.0,14.0,3.0,7.0,5.0,4.0,18.0,6.0,4.0,3.0,0.0,0.0,
F1,08/05/15,00:00,Paris SG,Guingamp,6.0,0.0,H,2.0,0.0,H,14.0,6.0,10.0,2.0,3.0,2.0,10.0,13.0,1.0,2.0,0.0,0.0,
F1,09/05/15,00:00,Bordeaux,Nantes,2.0,1.0,H,1.0,1.0,D,14.0,7.0,7.0,4.0,6.0,1.0,7.0,14.0,3.0,2.0,0.0,0.0,
F1,09/05/15,00:00,Caen,Lyon,3.0,0.0,H,2.0,0.0,H,18.0,13.0,9.0,8.0,4.0,6.0,9.0,13.0,1.0,1.0,0.0,0.0,
F1,09/05/15,00:00,Evian Thonon Gaillard,Reims,2.0,3.0,A,1.0,1.0,D,9.0,14.0,4.0,3.0,2.0,6.0,14.0,17.0,2.0,3.0,0.0,0.0,
F1,09/05/15,00:00,Metz,Lorient,0.0,4.0,A,0.0,2.0,A,18.0,18.0,7.0,11.0,3.0,11.0,12.0,7.0,2.0,1.0,0.0,0.0,
F1,09/05/15,00:00,Rennes,Bastia,0.0,1.0,A,0.0,0.0,D,16.0,6.0,6.0,5.0,7.0,1.0,12.0,8.0,4.0,2.0,0.0,1.0,
F1,09/05/15,00:00,Toulouse,Lille,3.0,2.0,H,1.0,1.0,D,16.0,17.0,4.0,7.0,2.0,8.0,12.0,8.0,1.0,1.0,0.0,0.0,
F1,10/05/15,00:00,Lens,Montpellier,0.0,1.0,A,0.0,0.0,D,6.0,18.0,4.0,4.0,2.0,8.0,10.0,11.0,0.0,2.0,1.0,0.0,
F1,10/05/15,00:00,Marseille,Monaco,2.0,1.0,H,0.0,1.0,A,14.0,13.0,6.0,4.0,2.0,5.0,16.0,14.0,3.0,2.0,0.0,0.0,
F1,10/05/15,00:00,St Etienne,Nice,5.0,0.0,H,2.0,0.0,H,15.0,7.0,9.0,2.0,3.0,7.0,12.0,12.0,2.0,2.0,0.0,0.0,
F1,16/05/15,00:00,Bastia,Caen,1.0,1.0,D,1.0,1.0,D,8.0,9.0,3.0,4.0,8.0,4.0,10.0,6.0,1.0,1.0,0.0,0.0,
F1,16/05/15,00:00,Evian Thonon Gaillard,St Etienne,1.0,2.0,A,1.0,1.0,D,14.0,19.0,3.0,4.0,8.0,3.0,15.0,14.0,5.0,1.0,1.0,0.0,
F1,16/05/15,00:00,Guingamp,Toulouse,2.0,1.0,H,1.0,1.0,D,12.0,15.0,4.0,6.0,4.0,9.0,14.0,15.0,1.0,1.0,1.0,0.0,
F1,16/05/15,00:00,Lille,Marseille,0.0,4.0,A,0.0,2.0,A,13.0,16.0,2.0,5.0,5.0,2.0,17.0,25.0,2.0,3.0,0.0,0.0,
F1,16/05/15,00:00,Lyon,Bordeaux,1.0,1.0,D,1.0,1.0,D,10.0,14.0,4.0,5.0,5.0,5.0,15.0,18.0,2.0,4.0,0.0,0.0,
F1,16/05/15,00:00,Monaco,Metz,2.0,0.0,H,1.0,0.0,H,19.0,9.0,5.0,2.0,10.0,2.0,12.0,19.0,0.0,2.0,0.0,0.0,
F1,16/05/15,00:00,Montpellier,Paris SG,1.0,2.0,A,1.0,2.0,A,9.0,13.0,2.0,4.0,4.0,4.0,18.0,17.0,3.0,5.0,0.0,0.0,
F1,16/05/15,00:00,Nantes,Lorient,1.0,1.0,D,1.0,1.0,D,11.0,3.0,6.0,1.0,8.0,3.0,11.0,7.0,2.0,1.0,0.0,0.0,
F1,16/05/15,00:00,Nice,Lens,2.0,1.0,H,1.0,1.0,D,18.0,9.0,7.0,4.0,7.0,1.0,15.0,11.0,1.0,1.0,0.0,0.0,
F1,16/05/15,00:00,Reims,Rennes,1.0,0.0,H,0.0,0.0,D,12.0,10.0,1.0,3.0,0.0,5.0,16.0,15.0,2.0,2.0,0.0,0.0,
F1,23/05/15,00:00,Bordeaux,Montpellier,2.0,1.0,H,2.0,0.0,H,22.0,7.0,9.0,1.0,7.0,2.0,13.0,11.0,0.0,1.0,0.0,0.0,
F1,23/05/15,00:00,Caen,Evian Thonon Gaillard,3.0,2.0,H,0.0,0.0,D,21.0,15.0,6.0,8.0,13.0,8.0,9.0,10.0,0.0,1.0,0.0,0.0,
F1,23/05/15,00:00,Lens,Nantes,1.0,0.0,H,1.0,0.0,H,7.0,16.0,4.0,5.0,1.0,3.0,14.0,15.0,2.0,2.0,0.0,0.0,
F1,23/05/15,00:00,Lorient,Monaco,0.0,1.0,A,0.0,1.0,A,7.0,18.0,1.0,8.0,4.0,10.0,13.0,13.0,2.0,3.0,0.0,0.0,
F1,23/05/15,00:00,Marseille,Bastia,3.0,0.0,H,2.0,0.0,H,16.0,7.0,5.0,1.0,5.0,0.0,6.0,20.0,1.0,1.0,0.0,0.0,
F1,23/05/15,00:00,Metz,Lille,1.0,4.0,A,0.0,3.0,A,16.0,20.0,4.0,10.0,4.0,7.0,10.0,4.0,0.0,0.0,0.0,0.0,
F1,23/05/15,00:00,Paris SG,Reims,3.0,2.0,H,2.0,0.0,H,14.0,10.0,6.0,4.0,5.0,8.0,10.0,15.0,0.0,2.0,0.0,0.0,
F1,23/05/15,00:00,Rennes,Lyon,0.0,1.0,A,0.0,0.0,D,10.0,9.0,2.0,2.0,5.0,1.0,5.0,7.0,0.0,0.0,0.0,0.0,
F1,23/05/15,00:00,St Etienne,Guingamp,2.0,1.0,H,1.0,0.0,H,10.0,11.0,6.0,3.0,5.0,4.0,22.0,9.0,2.0,1.0,0.0,0.0,
F1,23/05/15,00:00,Toulouse,Nice,2.0,3.0,A,0.0,2.0,A,9.0,8.0,4.0,4.0,3.0,3.0,17.0,19.0,2.0,4.0,0.0,0.0,
F1,07/08/15,00:00,Lille,Paris SG,0.0,1.0,A,0.0,0.0,D,12.0,7.0,2.0,2.0,3.0,2.0,20.0,17.0,3.0,2.0,0.0,1.0,
F1,08/08/15,00:00,Bastia,Rennes,2.0,1.0,H,0.0,1.0,A,11.0,6.0,3.0,3.0,6.0,2.0,15.0,19.0,0.0,1.0,1.0,0.0,
F1,08/08/15,00:00,Marseille,Caen,0.0,1.0,A,0.0,1.0,A,17.0,8.0,4.0,4.0,14.0,2.0,10.0,10.0,1.0,0.0,0.0,0.0,
F1,08/08/15,00:00,Montpellier,Angers,0.0,2.0,A,0.0,1.0,A,11.0,16.0,4.0,6.0,5.0,9.0,12.0,15.0,3.0,2.0,0.0,0.0,
F1,08/08/15,00:00,Nantes,Guingamp,1.0,0.0,H,0.0,0.0,D,9.0,10.0,4.0,4.0,6.0,2.0,13.0,16.0,2.0,2.0,0.0,0.0,
F1,08/08/15,00:00,Nice,Monaco,1.0,2.0,A,1.0,0.0,H,5.0,19.0,2.0,6.0,2.0,10.0,18.0,18.0,2.0,2.0,1.0,0.0,
F1,08/08/15,00:00,Troyes,Ajaccio GFCO,0.0,0.0,D,0.0,0.0,D,12.0,6.0,4.0,1.0,9.0,3.0,11.0,8.0,0.0,4.0,0.0,0.0,
F1,09/08/15,00:00,Bordeaux,Reims,1.0,2.0,A,1.0,0.0,H,14.0,14.0,4.0,6.0,4.0,3.0,14.0,12.0,2.0,2.0,0.0,0.0,
F1,09/08/15,00:00,Lyon,Lorient,0.0,0.0,D,0.0,0.0,D,21.0,10.0,6.0,5.0,7.0,2.0,11.0,12.0,1.0,2.0,0.0,0.0,
F1,09/08/15,00:00,Toulouse,St Etienne,2.0,1.0,H,1.0,1.0,D,9.0,11.0,3.0,2.0,3.0,4.0,10.0,10.0,0.0,1.0,1.0,0.0,
F1,14/08/15,00:00,Monaco,Lille,0.0,0.0,D,0.0,0.0,D,9.0,9.0,3.0,2.0,4.0,6.0,12.0,19.0,1.0,5.0,0.0,0.0,
F1,15/08/15,00:00,Angers,Nantes,0.0,0.0,D,0.0,0.0,D,10.0,2.0,3.0,1.0,4.0,2.0,12.0,17.0,3.0,4.0,0.0,0.0,
F1,15/08/15,00:00,Caen,Toulouse,1.0,0.0,H,0.0,0.0,D,9.0,13.0,3.0,4.0,3.0,3.0,14.0,14.0,1.0,3.0,0.0,1.0,
F1,15/08/15,00:00,Guingamp,Lyon,0.0,1.0,A,0.0,0.0,D,11.0,11.0,3.0,3.0,9.0,2.0,16.0,18.0,2.0,2.0,0.0,0.0,
F1,15/08/15,00:00,Rennes,Montpellier,1.0,0.0,H,0.0,0.0,D,10.0,4.0,2.0,0.0,3.0,4.0,11.0,9.0,3.0,1.0,0.0,0.0,
F1,15/08/15,00:00,St Etienne,Bordeaux,1.0,1.0,D,0.0,0.0,D,7.0,17.0,2.0,3.0,1.0,8.0,17.0,11.0,2.0,1.0,0.0,0.0,
F1,15/08/15,00:00,Troyes,Nice,3.0,3.0,D,1.0,3.0,A,11.0,18.0,7.0,6.0,11.0,3.0,11.0,13.0,3.0,3.0,1.0,0.0,
F1,16/08/15,00:00,Lorient,Bastia,1.0,1.0,D,0.0,1.0,A,12.0,7.0,4.0,2.0,4.0,2.0,13.0,15.0,3.0,2.0,0.0,0.0,
F1,16/08/15,00:00,Paris SG,Ajaccio GFCO,2.0,0.0,H,2.0,0.0,H,18.0,8.0,6.0,2.0,4.0,1.0,8.0,14.0,1.0,3.0,0.0,0.0,
F1,16/08/15,00:00,Reims,Marseille,1.0,0.0,H,1.0,0.0,H,15.0,13.0,5.0,4.0,8.0,7.0,13.0,14.0,2.0,2.0,0.0,1.0,
F1,21/08/15,00:00,Montpellier,Paris SG,0.0,1.0,A,0.0,0.0,D,10.0,9.0,3.0,5.0,2.0,1.0,13.0,8.0,2.0,1.0,0.0,0.0,
F1,22/08/15,00:00,Ajaccio GFCO,Angers,0.0,2.0,A,0.0,2.0,A,8.0,9.0,3.0,5.0,9.0,3.0,12.0,10.0,2.0,2.0,0.0,0.0,
F1,22/08/15,00:00,Bastia,Guingamp,3.0,0.0,H,2.0,0.0,H,10.0,15.0,5.0,4.0,3.0,5.0,14.0,13.0,2.0,3.0,0.0,0.0,
F1,22/08/15,00:00,Lyon,Rennes,1.0,2.0,A,1.0,1.0,D,15.0,6.0,4.0,3.0,6.0,1.0,12.0,13.0,1.0,3.0,0.0,0.0,
F1,22/08/15,00:00,Nantes,Reims,1.0,0.0,H,0.0,0.0,D,13.0,2.0,6.0,1.0,1.0,2.0,12.0,10.0,1.0,3.0,0.0,0.0,
F1,22/08/15,00:00,Nice,Caen,2.0,1.0,H,0.0,0.0,D,7.0,12.0,4.0,6.0,2.0,3.0,7.0,16.0,1.0,3.0,0.0,0.0,
F1,22/08/15,00:00,Toulouse,Monaco,1.0,1.0,D,1.0,0.0,H,13.0,14.0,4.0,3.0,4.0,5.0,13.0,20.0,0.0,4.0,0.0,0.0,
F1,23/08/15,00:00,Lille,Bordeaux,0.0,0.0,D,0.0,0.0,D,15.0,12.0,5.0,4.0,12.0,10.0,11.0,23.0,1.0,5.0,0.0,0.0,
F1,23/08/15,00:00,Lorient,St Etienne,0.0,1.0,A,0.0,0.0,D,10.0,12.0,2.0,5.0,3.0,4.0,12.0,24.0,0.0,3.0,1.0,0.0,
F1,23/08/15,00:00,Marseille,Troyes,6.0,0.0,H,1.0,0.0,H,16.0,6.0,7.0,1.0,6.0,5.0,8.0,9.0,1.0,1.0,0.0,0.0,
F1,28/08/15,00:00,Guingamp,Marseille,2.0,0.0,H,0.0,0.0,D,12.0,14.0,5.0,6.0,4.0,8.0,10.0,13.0,1.0,5.0,0.0,0.0,
F1,29/08/15,00:00,Angers,Nice,1.0,1.0,D,1.0,0.0,H,5.0,11.0,2.0,5.0,3.0,6.0,14.0,8.0,2.0,2.0,0.0,0.0,
F1,29/08/15,00:00,Caen,Lyon,0.0,4.0,A,0.0,2.0,A,14.0,13.0,6.0,5.0,8.0,3.0,13.0,17.0,1.0,0.0,1.0,0.0,
F1,29/08/15,00:00,Lille,Ajaccio GFCO,1.0,0.0,H,1.0,0.0,H,13.0,12.0,5.0,6.0,7.0,4.0,13.0,17.0,1.0,3.0,0.0,0.0,
F1,29/08/15,00:00,Reims,Lorient,4.0,1.0,H,1.0,0.0,H,14.0,13.0,10.0,4.0,5.0,5.0,12.0,8.0,3.0,1.0,0.0,0.0,
F1,29/08/15,00:00,Rennes,Toulouse,3.0,1.0,H,1.0,1.0,D,13.0,8.0,5.0,3.0,7.0,3.0,12.0,9.0,2.0,3.0,0.0,0.0,
F1,29/08/15,00:00,Troyes,Montpellier,0.0,0.0,D,0.0,0.0,D,8.0,13.0,1.0,4.0,4.0,5.0,16.0,10.0,2.0,1.0,0.0,0.0,
F1,30/08/15,00:00,Bordeaux,Nantes,2.0,0.0,H,1.0,0.0,H,19.0,11.0,4.0,1.0,7.0,5.0,9.0,17.0,3.0,3.0,0.0,1.0,
F1,30/08/15,00:00,Monaco,Paris SG,0.0,3.0,A,0.0,0.0,D,3.0,19.0,2.0,8.0,3.0,2.0,7.0,12.0,0.0,1.0,0.0,0.0,
F1,30/08/15,00:00,St Etienne,Bastia,2.0,1.0,H,1.0,1.0,D,23.0,6.0,6.0,1.0,12.0,0.0,11.0,6.0,1.0,1.0,0.0,2.0,
F1,11/09/15,00:00,Paris SG,Bordeaux,2.0,2.0,D,2.0,1.0,H,19.0,10.0,5.0,3.0,11.0,6.0,11.0,14.0,2.0,2.0,0.0,1.0,
F1,12/09/15,00:00,Lorient,Angers,3.0,1.0,H,0.0,1.0,A,14.0,7.0,6.0,1.0,6.0,2.0,10.0,18.0,1.0,1.0,0.0,0.0,
F1,12/09/15,00:00,Lyon,Lille,0.0,0.0,D,0.0,0.0,D,13.0,9.0,6.0,3.0,7.0,1.0,14.0,20.0,1.0,4.0,0.0,0.0,
F1,12/09/15,00:00,Montpellier,St Etienne,1.0,2.0,A,0.0,1.0,A,16.0,12.0,8.0,3.0,9.0,5.0,16.0,20.0,3.0,2.0,0.0,0.0,
F1,12/09/15,00:00,Nice,Guingamp,0.0,1.0,A,0.0,0.0,D,16.0,8.0,1.0,3.0,1.0,1.0,10.0,23.0,1.0,3.0,0.0,0.0,
F1,12/09/15,00:00,Toulouse,Reims,2.0,2.0,D,2.0,0.0,H,15.0,9.0,6.0,4.0,2.0,4.0,10.0,15.0,2.0,2.0,0.0,0.0,
F1,12/09/15,00:00,Troyes,Caen,1.0,3.0,A,0.0,2.0,A,14.0,15.0,6.0,8.0,6.0,5.0,7.0,9.0,4.0,0.0,0.0,1.0,
F1,13/09/15,00:00,Ajaccio GFCO,Monaco,0.0,1.0,A,0.0,1.0,A,24.0,13.0,4.0,8.0,14.0,4.0,16.0,15.0,3.0,3.0,0.0,0.0,
F1,13/09/15,00:00,Marseille,Bastia,4.0,1.0,H,1.0,0.0,H,12.0,6.0,7.0,2.0,5.0,0.0,11.0,9.0,2.0,1.0,0.0,0.0,
F1,13/09/15,00:00,Nantes,Rennes,0.0,2.0,A,0.0,0.0,D,10.0,16.0,3.0,6.0,1.0,6.0,14.0,11.0,2.0,3.0,2.0,0.0,
F1,18/09/15,00:00,Rennes,Lille,1.0,1.0,D,0.0,0.0,D,9.0,15.0,3.0,5.0,8.0,2.0,17.0,18.0,3.0,4.0,0.0,1.0,
F1,19/09/15,00:00,Angers,Troyes,1.0,0.0,H,0.0,0.0,D,16.0,14.0,4.0,0.0,6.0,5.0,15.0,15.0,2.0,3.0,1.0,0.0,
F1,19/09/15,00:00,Bastia,Nice,1.0,3.0,A,1.0,2.0,A,8.0,9.0,2.0,6.0,7.0,3.0,11.0,14.0,1.0,2.0,0.0,0.0,
F1,19/09/15,00:00,Caen,Montpellier,2.0,1.0,H,1.0,1.0,D,16.0,3.0,6.0,2.0,3.0,5.0,15.0,24.0,2.0,4.0,0.0,0.0,
F1,19/09/15,00:00,Guingamp,Ajaccio GFCO,2.0,1.0,H,1.0,1.0,D,14.0,7.0,4.0,3.0,10.0,1.0,6.0,16.0,2.0,4.0,0.0,1.0,
F1,19/09/15,00:00,Reims,Paris SG,1.0,1.0,D,0.0,0.0,D,7.0,17.0,3.0,6.0,3.0,9.0,9.0,9.0,2.0,2.0,0.0,0.0,
F1,20/09/15,00:00,Bordeaux,Toulouse,1.0,1.0,D,0.0,1.0,A,17.0,9.0,5.0,5.0,6.0,3.0,18.0,11.0,2.0,2.0,0.0,1.0,
F1,20/09/15,00:00,Marseille,Lyon,1.0,1.0,D,0.0,1.0,A,14.0,12.0,4.0,5.0,1.0,5.0,15.0,12.0,4.0,1.0,1.0,0.0,
F1,20/09/15,00:00,Monaco,Lorient,2.0,3.0,A,1.0,2.0,A,13.0,16.0,6.0,7.0,3.0,3.0,11.0,15.0,4.0,4.0,0.0,0.0,
F1,20/09/15,00:00,St Etienne,Nantes,2.0,0.0,H,1.0,0.0,H,12.0,11.0,3.0,2.0,3.0,9.0,11.0,9.0,2.0,1.0,0.0,0.0,
F1,22/09/15,00:00,Angers,Reims,0.0,0.0,D,0.0,0.0,D,8.0,3.0,3.0,1.0,1.0,3.0,8.0,19.0,1.0,3.0,0.0,0.0,
F1,22/09/15,00:00,Paris SG,Guingamp,3.0,0.0,H,1.0,0.0,H,18.0,10.0,10.0,4.0,9.0,4.0,10.0,10.0,1.0,1.0,0.0,0.0,
F1,23/09/15,00:00,Ajaccio GFCO,Rennes,1.0,1.0,D,1.0,0.0,H,13.0,16.0,2.0,8.0,3.0,3.0,6.0,14.0,0.0,1.0,0.0,0.0,
F1,23/09/15,00:00,Lorient,Caen,2.0,0.0,H,2.0,0.0,H,8.0,14.0,4.0,2.0,4.0,11.0,13.0,10.0,2.0,2.0,0.0,0.0,
F1,23/09/15,00:00,Lyon,Bastia,2.0,0.0,H,1.0,0.0,H,14.0,4.0,7.0,2.0,3.0,2.0,9.0,7.0,2.0,1.0,0.0,1.0,
F1,23/09/15,00:00,Nice,Bordeaux,6.0,1.0,H,2.0,1.0,H,17.0,6.0,10.0,3.0,4.0,4.0,14.0,8.0,0.0,1.0,0.0,1.0,
F1,23/09/15,00:00,Toulouse,Marseille,1.0,1.0,D,0.0,0.0,D,11.0,8.0,3.0,1.0,3.0,5.0,12.0,14.0,2.0,0.0,2.0,1.0,
F1,23/09/15,00:00,Troyes,St Etienne,0.0,1.0,A,0.0,1.0,A,14.0,13.0,4.0,6.0,7.0,6.0,10.0,14.0,3.0,0.0,0.0,0.0,
F1,24/09/15,00:00,Montpellier,Monaco,2.0,3.0,A,2.0,0.0,H,16.0,13.0,5.0,5.0,2.0,7.0,13.0,18.0,2.0,1.0,0.0,0.0,
F1,25/09/15,00:00,Reims,Lille,1.0,0.0,H,0.0,0.0,D,10.0,10.0,5.0,3.0,4.0,6.0,16.0,23.0,3.0,3.0,0.0,0.0,
F1,26/09/15,00:00,Bastia,Toulouse,3.0,0.0,H,3.0,0.0,H,9.0,16.0,6.0,5.0,1.0,18.0,10.0,10.0,3.0,3.0,0.0,0.0,
F1,26/09/15,00:00,Bordeaux,Lyon,3.0,1.0,H,3.0,0.0,H,10.0,10.0,4.0,4.0,3.0,5.0,10.0,9.0,2.0,0.0,0.0,0.0,
F1,26/09/15,00:00,Caen,Ajaccio GFCO,2.0,0.0,H,1.0,0.0,H,16.0,8.0,9.0,2.0,8.0,7.0,12.0,15.0,1.0,4.0,0.0,0.0,
F1,26/09/15,00:00,Nantes,Paris SG,1.0,4.0,A,1.0,0.0,H,7.0,14.0,2.0,7.0,4.0,7.0,20.0,9.0,2.0,1.0,0.0,0.0,
F1,26/09/15,00:00,Rennes,Troyes,1.0,1.0,D,0.0,1.0,A,19.0,12.0,5.0,6.0,8.0,3.0,11.0,9.0,1.0,3.0,1.0,0.0,
F1,27/09/15,00:00,Guingamp,Monaco,3.0,3.0,D,1.0,2.0,A,16.0,9.0,7.0,4.0,4.0,1.0,19.0,16.0,5.0,3.0,0.0,0.0,
F1,27/09/15,00:00,Marseille,Angers,1.0,2.0,A,0.0,1.0,A,18.0,6.0,4.0,3.0,6.0,4.0,12.0,13.0,3.0,3.0,0.0,0.0,
F1,27/09/15,00:00,Montpellier,Lorient,2.0,1.0,H,1.0,0.0,H,11.0,10.0,4.0,3.0,9.0,3.0,11.0,21.0,2.0,5.0,0.0,1.0,
F1,27/09/15,00:00,St Etienne,Nice,1.0,4.0,A,1.0,3.0,A,13.0,8.0,5.0,6.0,8.0,2.0,12.0,7.0,4.0,1.0,0.0,2.0,
F1,29/09/15,00:00,Lille,Nantes,0.0,1.0,A,0.0,1.0,A,20.0,9.0,4.0,2.0,11.0,2.0,8.0,21.0,0.0,3.0,0.0,0.0,
F1,02/10/15,00:00,Lille,Montpellier,2.0,0.0,H,1.0,0.0,H,22.0,9.0,5.0,3.0,9.0,2.0,17.0,15.0,3.0,1.0,0.0,0.0,
F1,03/10/15,00:00,Ajaccio GFCO,Toulouse,2.0,2.0,D,2.0,1.0,H,7.0,12.0,3.0,5.0,6.0,7.0,16.0,11.0,3.0,0.0,0.0,0.0,
F1,03/10/15,00:00,Angers,Bastia,1.0,0.0,H,1.0,0.0,H,17.0,8.0,6.0,2.0,7.0,5.0,16.0,16.0,1.0,2.0,0.0,0.0,
F1,03/10/15,00:00,Lyon,Reims,1.0,0.0,H,1.0,0.0,H,17.0,8.0,6.0,3.0,5.0,1.0,11.0,9.0,2.0,2.0,0.0,0.0,
F1,03/10/15,00:00,Troyes,Guingamp,0.0,1.0,A,0.0,0.0,D,12.0,18.0,2.0,7.0,5.0,4.0,22.0,16.0,1.0,2.0,1.0,0.0,
F1,04/10/15,00:00,Caen,St Etienne,1.0,0.0,H,0.0,0.0,D,14.0,10.0,7.0,3.0,5.0,7.0,11.0,13.0,0.0,3.0,0.0,0.0,
F1,04/10/15,00:00,Lorient,Bordeaux,3.0,2.0,H,0.0,1.0,A,7.0,9.0,4.0,5.0,3.0,5.0,8.0,17.0,0.0,2.0,1.0,1.0,
F1,04/10/15,00:00,Monaco,Rennes,1.0,1.0,D,0.0,1.0,A,14.0,8.0,6.0,3.0,8.0,3.0,14.0,16.0,3.0,2.0,0.0,0.0,
F1,04/10/15,00:00,Paris SG,Marseille,2.0,1.0,H,2.0,1.0,H,16.0,13.0,8.0,8.0,4.0,6.0,13.0,12.0,2.0,3.0,0.0,0.0,
F1,16/10/15,00:00,Monaco,Lyon,1.0,1.0,D,1.0,0.0,H,12.0,18.0,4.0,6.0,3.0,4.0,19.0,16.0,2.0,2.0,1.0,0.0,
F1,17/10/15,00:00,Bastia,Paris SG,0.0,2.0,A,0.0,0.0,D,6.0,13.0,2.0,5.0,2.0,3.0,14.0,15.0,3.0,1.0,0.0,0.0,
F1,17/10/15,00:00,Guingamp,Lille,1.0,1.0,D,1.0,1.0,D,10.0,10.0,2.0,2.0,3.0,3.0,11.0,25.0,1.0,3.0,0.0,1.0,
F1,17/10/15,00:00,Nantes,Troyes,3.0,0.0,H,1.0,0.0,H,17.0,14.0,4.0,2.0,5.0,4.0,4.0,8.0,0.0,1.0,0.0,0.0,
F1,17/10/15,00:00,Reims,Caen,0.0,1.0,A,0.0,0.0,D,12.0,11.0,2.0,4.0,4.0,6.0,13.0,16.0,2.0,3.0,0.0,0.0,
F1,17/10/15,00:00,St Etienne,Ajaccio GFCO,2.0,0.0,H,1.0,0.0,H,13.0,4.0,6.0,0.0,5.0,3.0,11.0,13.0,0.0,0.0,0.0,0.0,
F1,17/10/15,00:00,Toulouse,Angers,1.0,2.0,A,1.0,2.0,A,21.0,7.0,6.0,5.0,9.0,1.0,12.0,17.0,1.0,1.0,0.0,0.0,
F1,18/10/15,00:00,Bordeaux,Montpellier,0.0,0.0,D,0.0,0.0,D,16.0,6.0,3.0,0.0,7.0,2.0,16.0,10.0,4.0,2.0,0.0,0.0,
F1,18/10/15,00:00,Marseille,Lorient,1.0,1.0,D,1.0,1.0,D,21.0,6.0,8.0,2.0,11.0,4.0,19.0,14.0,1.0,3.0,0.0,0.0,
F1,18/10/15,00:00,Rennes,Nice,1.0,4.0,A,0.0,1.0,A,15.0,12.0,3.0,7.0,4.0,3.0,15.0,7.0,2.0,2.0,0.0,0.0,
F1,23/10/15,00:00,Caen,Nantes,0.0,2.0,A,0.0,1.0,A,16.0,10.0,4.0,3.0,7.0,6.0,8.0,19.0,1.0,2.0,0.0,0.0,
F1,23/10/15,00:00,Lyon,Toulouse,3.0,0.0,H,1.0,0.0,H,20.0,7.0,8.0,3.0,4.0,5.0,16.0,18.0,1.0,4.0,0.0,0.0,
F1,24/10/15,00:00,Ajaccio GFCO,Nice,3.0,1.0,H,3.0,1.0,H,13.0,9.0,6.0,2.0,5.0,3.0,16.0,11.0,3.0,3.0,1.0,0.0,
F1,24/10/15,00:00,Angers,Guingamp,0.0,0.0,D,0.0,0.0,D,10.0,11.0,2.0,2.0,7.0,7.0,20.0,12.0,2.0,2.0,1.0,0.0,
F1,24/10/15,00:00,Lorient,Rennes,1.0,1.0,D,1.0,0.0,H,10.0,11.0,5.0,3.0,3.0,8.0,12.0,15.0,0.0,0.0,1.0,1.0,
F1,24/10/15,00:00,Montpellier,Bastia,2.0,0.0,H,0.0,0.0,D,10.0,13.0,3.0,1.0,5.0,4.0,8.0,12.0,1.0,3.0,0.0,0.0,
F1,25/10/15,00:00,Bordeaux,Troyes,1.0,0.0,H,0.0,0.0,D,16.0,11.0,4.0,2.0,5.0,4.0,9.0,16.0,1.0,4.0,0.0,0.0,
F1,25/10/15,00:00,Lille,Marseille,1.0,2.0,A,0.0,1.0,A,10.0,12.0,4.0,6.0,3.0,5.0,14.0,24.0,3.0,4.0,0.0,0.0,
F1,25/10/15,00:00,Paris SG,St Etienne,4.0,1.0,H,1.0,0.0,H,21.0,14.0,10.0,6.0,5.0,0.0,9.0,15.0,0.0,0.0,0.0,0.0,
F1,25/10/15,00:00,Reims,Monaco,0.0,1.0,A,0.0,1.0,A,13.0,16.0,6.0,4.0,3.0,5.0,13.0,12.0,1.0,2.0,1.0,0.0,
F1,30/10/15,00:00,Rennes,Paris SG,0.0,1.0,A,0.0,0.0,D,5.0,13.0,2.0,5.0,1.0,3.0,14.0,11.0,0.0,0.0,0.0,0.0,
F1,31/10/15,00:00,Ajaccio GFCO,Bordeaux,2.0,0.0,H,1.0,0.0,H,7.0,7.0,4.0,0.0,2.0,5.0,20.0,10.0,3.0,4.0,1.0,0.0,
F1,31/10/15,00:00,Bastia,Caen,1.0,0.0,H,1.0,0.0,H,11.0,5.0,6.0,3.0,8.0,2.0,12.0,17.0,1.0,2.0,0.0,0.0,
F1,31/10/15,00:00,Guingamp,Lorient,2.0,2.0,D,1.0,0.0,H,13.0,12.0,4.0,4.0,4.0,3.0,10.0,19.0,3.0,1.0,1.0,1.0,
F1,31/10/15,00:00,St Etienne,Reims,3.0,0.0,H,0.0,0.0,D,20.0,8.0,8.0,5.0,7.0,12.0,11.0,10.0,1.0,1.0,0.0,0.0,
F1,31/10/15,00:00,Toulouse,Montpellier,1.0,1.0,D,1.0,1.0,D,10.0,7.0,5.0,1.0,3.0,7.0,22.0,15.0,4.0,2.0,0.0,0.0,
F1,31/10/15,00:00,Troyes,Lyon,0.0,1.0,A,0.0,0.0,D,8.0,31.0,2.0,6.0,3.0,10.0,12.0,14.0,2.0,0.0,1.0,0.0,
F1,01/11/15,00:00,Monaco,Angers,1.0,0.0,H,1.0,0.0,H,13.0,15.0,2.0,5.0,2.0,4.0,7.0,21.0,3.0,4.0,0.0,0.0,
F1,01/11/15,00:00,Nantes,Marseille,0.0,1.0,A,0.0,0.0,D,12.0,12.0,4.0,3.0,5.0,2.0,20.0,18.0,2.0,1.0,0.0,0.0,
F1,01/11/15,00:00,Nice,Lille,0.0,0.0,D,0.0,0.0,D,9.0,9.0,4.0,1.0,7.0,5.0,24.0,26.0,3.0,3.0,0.0,0.0,
F1,04/11/15,00:00,Nice,Nantes,1.0,2.0,A,1.0,1.0,D,9.0,12.0,3.0,6.0,3.0,6.0,7.0,16.0,1.0,3.0,0.0,0.0,
F1,06/11/15,00:00,Angers,Rennes,0.0,2.0,A,0.0,1.0,A,18.0,10.0,3.0,2.0,5.0,2.0,8.0,15.0,1.0,2.0,0.0,0.0,
F1,07/11/15,00:00,Caen,Guingamp,2.0,1.0,H,0.0,0.0,D,16.0,13.0,5.0,6.0,11.0,6.0,11.0,14.0,1.0,1.0,0.0,0.0,
F1,07/11/15,00:00,Lille,Bastia,1.0,1.0,D,0.0,0.0,D,10.0,9.0,1.0,2.0,5.0,5.0,14.0,12.0,1.0,3.0,1.0,0.0,
F1,07/11/15,00:00,Lorient,Troyes,4.0,1.0,H,1.0,0.0,H,29.0,13.0,10.0,6.0,10.0,5.0,9.0,11.0,0.0,0.0,0.0,0.0,
F1,07/11/15,00:00,Montpellier,Nantes,2.0,1.0,H,1.0,0.0,H,10.0,10.0,4.0,2.0,2.0,6.0,6.0,14.0,0.0,4.0,0.0,0.0,
F1,07/11/15,00:00,Paris SG,Toulouse,5.0,0.0,H,2.0,0.0,H,15.0,7.0,9.0,0.0,5.0,0.0,13.0,13.0,2.0,1.0,0.0,0.0,
F1,07/11/15,00:00,Reims,Ajaccio GFCO,1.0,2.0,A,0.0,1.0,A,13.0,11.0,2.0,4.0,7.0,1.0,10.0,12.0,3.0,2.0,0.0,0.0,
F1,08/11/15,00:00,Bordeaux,Monaco,3.0,1.0,H,2.0,1.0,H,9.0,13.0,4.0,6.0,5.0,10.0,17.0,14.0,2.0,2.0,0.0,0.0,
F1,08/11/15,00:00,Lyon,St Etienne,3.0,0.0,H,1.0,0.0,H,17.0,6.0,8.0,1.0,5.0,3.0,19.0,20.0,4.0,4.0,0.0,0.0,
F1,08/11/15,00:00,Marseille,Nice,0.0,1.0,A,0.0,1.0,A,14.0,9.0,3.0,4.0,7.0,5.0,14.0,11.0,2.0,2.0,0.0,0.0,
F1,20/11/15,00:00,Nice,Lyon,3.0,0.0,H,1.0,0.0,H,13.0,13.0,8.0,1.0,3.0,2.0,13.0,3.0,1.0,2.0,0.0,0.0,
F1,21/11/15,00:00,Guingamp,Toulouse,2.0,0.0,H,0.0,0.0,D,7.0,13.0,5.0,3.0,3.0,7.0,17.0,24.0,3.0,3.0,0.0,1.0,
F1,21/11/15,00:00,Lorient,Paris SG,1.0,2.0,A,0.0,2.0,A,13.0,8.0,6.0,3.0,3.0,2.0,13.0,14.0,2.0,1.0,0.0,0.0,
F1,21/11/15,00:00,Monaco,Nantes,1.0,0.0,H,1.0,0.0,H,8.0,12.0,4.0,2.0,6.0,3.0,13.0,16.0,2.0,1.0,0.0,0.0,
F1,21/11/15,00:00,Montpellier,Reims,3.0,1.0,H,1.0,1.0,D,11.0,11.0,4.0,4.0,3.0,4.0,12.0,18.0,3.0,2.0,0.0,0.0,
F1,21/11/15,00:00,Troyes,Lille,1.0,1.0,D,0.0,1.0,A,10.0,16.0,5.0,6.0,6.0,12.0,17.0,20.0,2.0,1.0,0.0,0.0,
F1,22/11/15,00:00,Bastia,Ajaccio GFCO,1.0,2.0,A,1.0,1.0,D,9.0,15.0,5.0,4.0,2.0,4.0,11.0,14.0,2.0,1.0,0.0,0.0,
F1,22/11/15,00:00,Caen,Angers,0.0,0.0,D,0.0,0.0,D,13.0,11.0,2.0,4.0,4.0,8.0,8.0,13.0,1.0,1.0,1.0,0.0,
F1,22/11/15,00:00,Rennes,Bordeaux,2.0,2.0,D,1.0,1.0,D,8.0,8.0,4.0,5.0,5.0,2.0,17.0,10.0,2.0,2.0,0.0,1.0,
F1,22/11/15,00:00,St Etienne,Marseille,0.0,2.0,A,0.0,1.0,A,12.0,14.0,4.0,6.0,5.0,7.0,10.0,9.0,1.0,1.0,0.0,0.0,
F1,27/11/15,00:00,Lyon,Montpellier,2.0,4.0,A,1.0,2.0,A,12.0,15.0,5.0,9.0,5.0,2.0,13.0,17.0,3.0,4.0,0.0,0.0,
F1,28/11/15,00:00,Ajaccio GFCO,Lorient,1.0,1.0,D,1.0,1.0,D,17.0,5.0,3.0,2.0,4.0,3.0,12.0,8.0,2.0,1.0,0.0,0.0,
F1,28/11/15,00:00,Angers,Lille,2.0,0.0,H,2.0,0.0,H,9.0,8.0,5.0,0.0,1.0,4.0,22.0,13.0,2.0,3.0,0.0,1.0,
F1,28/11/15,00:00,Nantes,Bastia,0.0,0.0,D,0.0,0.0,D,14.0,6.0,3.0,1.0,7.0,1.0,24.0,11.0,2.0,2.0,1.0,0.0,
F1,28/11/15,00:00,Paris SG,Troyes,4.0,1.0,H,1.0,0.0,H,22.0,11.0,9.0,3.0,7.0,2.0,5.0,8.0,0.0,1.0,0.0,0.0,
F1,28/11/15,00:00,Reims,Rennes,2.0,2.0,D,0.0,1.0,A,12.0,11.0,4.0,6.0,3.0,2.0,14.0,17.0,3.0,4.0,1.0,0.0,
F1,28/11/15,00:00,Toulouse,Nice,2.0,0.0,H,1.0,0.0,H,10.0,8.0,6.0,3.0,3.0,3.0,13.0,9.0,2.0,2.0,0.0,1.0,
F1,29/11/15,00:00,Bordeaux,Caen,1.0,4.0,A,0.0,1.0,A,10.0,13.0,3.0,10.0,4.0,6.0,15.0,15.0,3.0,2.0,1.0,0.0,
F1,29/11/15,00:00,Marseille,Monaco,3.0,3.0,D,1.0,2.0,A,12.0,10.0,6.0,5.0,3.0,4.0,15.0,23.0,1.0,3.0,0.0,0.0,
F1,29/11/15,00:00,St Etienne,Guingamp,3.0,0.0,H,0.0,0.0,D,10.0,14.0,7.0,4.0,4.0,3.0,23.0,18.0,2.0,3.0,1.0,0.0,
F1,01/12/15,00:00,Angers,Paris SG,0.0,0.0,D,0.0,0.0,D,8.0,12.0,1.0,3.0,3.0,12.0,8.0,8.0,0.0,1.0,0.0,0.0,
F1,01/12/15,00:00,Lorient,Nice,0.0,0.0,D,0.0,0.0,D,10.0,12.0,3.0,7.0,7.0,2.0,13.0,16.0,2.0,5.0,0.0,0.0,
F1,01/12/15,00:00,Nantes,Lyon,0.0,0.0,D,0.0,0.0,D,9.0,10.0,3.0,5.0,3.0,1.0,23.0,10.0,1.0,2.0,0.0,0.0,
F1,02/12/15,00:00,Bastia,Bordeaux,1.0,0.0,H,0.0,0.0,D,8.0,6.0,4.0,2.0,7.0,6.0,18.0,13.0,1.0,1.0,0.0,0.0,
F1,02/12/15,00:00,Guingamp,Reims,1.0,2.0,A,1.0,1.0,D,8.0,6.0,2.0,4.0,4.0,0.0,21.0,26.0,2.0,4.0,1.0,1.0,
F1,02/12/15,00:00,Lille,St Etienne,1.0,0.0,H,0.0,0.0,D,13.0,9.0,5.0,0.0,6.0,4.0,12.0,26.0,2.0,2.0,0.0,0.0,
F1,02/12/15,00:00,Monaco,Caen,1.0,1.0,D,0.0,0.0,D,10.0,8.0,4.0,3.0,4.0,4.0,9.0,14.0,0.0,2.0,0.0,0.0,
F1,02/12/15,00:00,Montpellier,Ajaccio GFCO,0.0,2.0,A,0.0,1.0,A,16.0,6.0,6.0,3.0,9.0,0.0,7.0,13.0,1.0,4.0,0.0,0.0,
F1,02/12/15,00:00,Troyes,Toulouse,0.0,3.0,A,0.0,1.0,A,18.0,11.0,7.0,8.0,10.0,6.0,11.0,15.0,0.0,1.0,1.0,1.0,
F1,03/12/15,00:00,Rennes,Marseille,0.0,1.0,A,0.0,1.0,A,10.0,11.0,1.0,5.0,5.0,3.0,17.0,11.0,4.0,2.0,0.0,0.0,
F1,04/12/15,00:00,Nice,Paris SG,0.0,3.0,A,0.0,2.0,A,7.0,15.0,2.0,6.0,3.0,2.0,9.0,12.0,0.0,2.0,1.0,0.0,
F1,05/12/15,00:00,Ajaccio GFCO,Nantes,1.0,1.0,D,0.0,0.0,D,25.0,12.0,6.0,3.0,5.0,2.0,11.0,19.0,2.0,2.0,0.0,0.0,
F1,05/12/15,00:00,Bastia,Monaco,1.0,2.0,A,0.0,0.0,D,5.0,7.0,2.0,2.0,2.0,3.0,13.0,13.0,3.0,1.0,0.0,0.0,
F1,05/12/15,00:00,Caen,Lille,1.0,2.0,A,0.0,1.0,A,15.0,12.0,5.0,5.0,14.0,2.0,16.0,14.0,2.0,3.0,0.0,0.0,
F1,05/12/15,00:00,Lyon,Angers,0.0,2.0,A,0.0,1.0,A,13.0,9.0,1.0,6.0,7.0,1.0,15.0,7.0,3.0,1.0,0.0,0.0,
F1,05/12/15,00:00,Reims,Troyes,1.0,1.0,D,1.0,0.0,H,11.0,14.0,3.0,4.0,7.0,2.0,8.0,12.0,1.0,1.0,0.0,0.0,
F1,05/12/15,00:00,Toulouse,Lorient,2.0,3.0,A,1.0,0.0,H,20.0,5.0,3.0,4.0,10.0,2.0,15.0,17.0,1.0,2.0,0.0,0.0,
F1,06/12/15,00:00,Bordeaux,Guingamp,1.0,0.0,H,0.0,0.0,D,13.0,8.0,4.0,2.0,4.0,2.0,10.0,17.0,1.0,2.0,0.0,0.0,
F1,06/12/15,00:00,Marseille,Montpellier,2.0,2.0,D,0.0,1.0,A,14.0,6.0,8.0,2.0,6.0,3.0,10.0,12.0,2.0,1.0,0.0,0.0,
F1,06/12/15,00:00,St Etienne,Rennes,1.0,1.0,D,0.0,1.0,A,14.0,5.0,4.0,3.0,12.0,3.0,15.0,10.0,2.0,3.0,0.0,0.0,
F1,11/12/15,00:00,Rennes,Caen,1.0,1.0,D,0.0,0.0,D,22.0,12.0,8.0,3.0,12.0,7.0,7.0,9.0,1.0,0.0,0.0,1.0,
F1,12/12/15,00:00,Lille,Lorient,3.0,0.0,H,1.0,0.0,H,16.0,11.0,7.0,3.0,3.0,6.0,13.0,10.0,2.0,2.0,0.0,0.0,
F1,12/12/15,00:00,Montpellier,Guingamp,2.0,1.0,H,0.0,1.0,A,10.0,9.0,6.0,4.0,1.0,5.0,13.0,20.0,3.0,2.0,0.0,1.0,
F1,12/12/15,00:00,Nantes,Toulouse,1.0,1.0,D,0.0,0.0,D,15.0,5.0,2.0,3.0,4.0,1.0,18.0,15.0,4.0,4.0,0.0,1.0,
F1,12/12/15,00:00,Reims,Nice,1.0,1.0,D,0.0,1.0,A,17.0,7.0,7.0,3.0,3.0,2.0,12.0,13.0,2.0,2.0,1.0,0.0,
F1,12/12/15,00:00,Troyes,Bastia,1.0,1.0,D,0.0,1.0,A,17.0,11.0,4.0,3.0,10.0,5.0,11.0,21.0,2.0,4.0,0.0,0.0,
F1,13/12/15,00:00,Angers,Bordeaux,1.0,1.0,D,0.0,1.0,A,7.0,3.0,3.0,2.0,5.0,4.0,13.0,9.0,1.0,2.0,0.0,0.0,
F1,13/12/15,00:00,Marseille,Ajaccio GFCO,1.0,1.0,D,1.0,1.0,D,9.0,9.0,3.0,2.0,2.0,3.0,12.0,24.0,2.0,4.0,1.0,0.0,
F1,13/12/15,00:00,Monaco,St Etienne,1.0,0.0,H,0.0,0.0,D,10.0,5.0,4.0,0.0,10.0,5.0,20.0,17.0,3.0,2.0,0.0,1.0,
F1,13/12/15,00:00,Paris SG,Lyon,5.0,1.0,H,2.0,1.0,H,11.0,9.0,8.0,3.0,6.0,1.0,16.0,9.0,2.0,1.0,0.0,0.0,
F1,18/12/15,00:00,Nice,Montpellier,1.0,0.0,H,1.0,0.0,H,9.0,10.0,4.0,6.0,9.0,8.0,18.0,15.0,2.0,2.0,0.0,0.0,
F1,19/12/15,00:00,Bastia,Reims,2.0,0.0,H,1.0,0.0,H,7.0,11.0,2.0,2.0,4.0,5.0,18.0,7.0,3.0,1.0,0.0,0.0,
F1,19/12/15,00:00,Caen,Paris SG,0.0,3.0,A,0.0,2.0,A,8.0,18.0,1.0,10.0,7.0,7.0,9.0,11.0,3.0,2.0,0.0,0.0,
F1,19/12/15,00:00,Guingamp,Rennes,0.0,2.0,A,0.0,0.0,D,13.0,9.0,4.0,5.0,10.0,3.0,11.0,11.0,1.0,2.0,0.0,0.0,
F1,19/12/15,00:00,Lorient,Nantes,0.0,0.0,D,0.0,0.0,D,18.0,13.0,2.0,6.0,9.0,7.0,6.0,17.0,0.0,3.0,0.0,0.0,
F1,19/12/15,00:00,Toulouse,Lille,1.0,1.0,D,1.0,0.0,H,7.0,24.0,4.0,6.0,2.0,8.0,18.0,11.0,2.0,1.0,1.0,0.0,
F1,19/12/15,00:00,Troyes,Monaco,0.0,0.0,D,0.0,0.0,D,11.0,16.0,2.0,5.0,6.0,15.0,6.0,17.0,2.0,3.0,1.0,0.0,
F1,20/12/15,00:00,Ajaccio GFCO,Lyon,2.0,1.0,H,1.0,0.0,H,12.0,9.0,8.0,2.0,5.0,2.0,21.0,12.0,3.0,1.0,0.0,0.0,
F1,20/12/15,00:00,Bordeaux,Marseille,1.0,1.0,D,0.0,0.0,D,11.0,7.0,3.0,4.0,3.0,6.0,13.0,14.0,3.0,3.0,0.0,0.0,
F1,20/12/15,00:00,St Etienne,Angers,1.0,0.0,H,0.0,0.0,D,15.0,11.0,1.0,2.0,9.0,5.0,9.0,16.0,3.0,3.0,0.0,0.0,
F1,08/01/16,00:00,Paris SG,Bastia,2.0,0.0,H,2.0,0.0,H,14.0,5.0,3.0,0.0,8.0,0.0,10.0,18.0,1.0,3.0,0.0,0.0,
F1,09/01/16,00:00,Angers,Caen,2.0,0.0,H,1.0,0.0,H,13.0,15.0,5.0,3.0,7.0,8.0,6.0,8.0,0.0,2.0,0.0,0.0,
F1,09/01/16,00:00,Lyon,Troyes,4.0,1.0,H,1.0,0.0,H,22.0,9.0,8.0,3.0,4.0,1.0,16.0,20.0,1.0,1.0,0.0,0.0,
F1,09/01/16,00:00,Monaco,Ajaccio GFCO,2.0,2.0,D,0.0,2.0,A,11.0,10.0,4.0,2.0,6.0,1.0,16.0,21.0,2.0,3.0,0.0,0.0,
F1,09/01/16,00:00,Montpellier,Bordeaux,0.0,1.0,A,0.0,1.0,A,12.0,13.0,4.0,3.0,8.0,5.0,13.0,11.0,2.0,1.0,0.0,0.0,
F1,09/01/16,00:00,Reims,Toulouse,1.0,3.0,A,1.0,0.0,H,8.0,8.0,3.0,3.0,2.0,1.0,18.0,15.0,2.0,4.0,1.0,0.0,
F1,09/01/16,00:00,Rennes,Lorient,2.0,2.0,D,2.0,2.0,D,12.0,6.0,4.0,2.0,5.0,3.0,8.0,11.0,0.0,1.0,0.0,0.0,
F1,10/01/16,00:00,Lille,Nice,1.0,1.0,D,1.0,1.0,D,10.0,9.0,3.0,3.0,2.0,6.0,20.0,21.0,3.0,3.0,0.0,0.0,
F1,10/01/16,00:00,Marseille,Guingamp,0.0,0.0,D,0.0,0.0,D,15.0,7.0,3.0,1.0,8.0,0.0,18.0,15.0,2.0,1.0,0.0,0.0,
F1,10/01/16,00:00,Nantes,St Etienne,2.0,1.0,H,1.0,1.0,D,18.0,10.0,6.0,2.0,6.0,6.0,18.0,14.0,1.0,3.0,0.0,0.0,
F1,15/01/16,00:00,Nice,Angers,2.0,1.0,H,0.0,1.0,A,11.0,9.0,5.0,4.0,6.0,3.0,9.0,17.0,2.0,3.0,0.0,0.0,
F1,16/01/16,00:00,Ajaccio GFCO,Reims,2.0,2.0,D,1.0,2.0,A,18.0,10.0,4.0,6.0,4.0,2.0,13.0,8.0,2.0,0.0,0.0,0.0,
F1,16/01/16,00:00,Bastia,Montpellier,1.0,0.0,H,0.0,0.0,D,2.0,7.0,1.0,1.0,1.0,5.0,21.0,11.0,3.0,1.0,1.0,1.0,
F1,16/01/16,00:00,Bordeaux,Lille,1.0,0.0,H,0.0,0.0,D,14.0,10.0,3.0,7.0,8.0,1.0,17.0,17.0,2.0,1.0,0.0,0.0,
F1,16/01/16,00:00,Guingamp,Nantes,2.0,2.0,D,2.0,0.0,H,8.0,8.0,4.0,1.0,7.0,7.0,10.0,14.0,4.0,1.0,1.0,0.0,
F1,16/01/16,00:00,Toulouse,Paris SG,0.0,1.0,A,0.0,0.0,D,9.0,12.0,3.0,4.0,2.0,7.0,9.0,9.0,1.0,0.0,0.0,0.0,
F1,16/01/16,00:00,Troyes,Rennes,2.0,4.0,A,2.0,3.0,A,12.0,19.0,5.0,13.0,8.0,7.0,7.0,7.0,3.0,1.0,0.0,0.0,
F1,17/01/16,00:00,Caen,Marseille,1.0,3.0,A,0.0,1.0,A,7.0,15.0,3.0,9.0,0.0,4.0,16.0,12.0,2.0,1.0,0.0,0.0,
F1,17/01/16,00:00,Lorient,Monaco,0.0,2.0,A,0.0,0.0,D,8.0,6.0,2.0,4.0,3.0,5.0,14.0,12.0,2.0,1.0,0.0,0.0,
F1,17/01/16,00:00,St Etienne,Lyon,1.0,0.0,H,0.0,0.0,D,9.0,18.0,2.0,5.0,2.0,8.0,25.0,13.0,3.0,1.0,0.0,0.0,
F1,22/01/16,00:00,Rennes,Ajaccio GFCO,1.0,0.0,H,0.0,0.0,D,10.0,8.0,3.0,2.0,8.0,2.0,9.0,15.0,3.0,3.0,0.0,0.0,
F1,23/01/16,00:00,Guingamp,Bastia,1.0,0.0,H,0.0,0.0,D,16.0,4.0,3.0,1.0,5.0,0.0,6.0,17.0,1.0,1.0,0.0,2.0,
F1,23/01/16,00:00,Lille,Troyes,1.0,3.0,A,1.0,0.0,H,20.0,7.0,5.0,4.0,9.0,3.0,11.0,5.0,2.0,1.0,0.0,0.0,
F1,23/01/16,00:00,Montpellier,Caen,1.0,2.0,A,1.0,1.0,D,15.0,10.0,2.0,4.0,5.0,4.0,7.0,12.0,2.0,1.0,0.0,0.0,
F1,23/01/16,00:00,Nantes,Bordeaux,2.0,2.0,D,2.0,0.0,H,8.0,8.0,2.0,5.0,4.0,3.0,17.0,12.0,2.0,4.0,0.0,0.0,
F1,23/01/16,00:00,Nice,Lorient,2.0,1.0,H,2.0,1.0,H,8.0,12.0,2.0,4.0,4.0,3.0,17.0,15.0,1.0,2.0,0.0,0.0,
F1,23/01/16,00:00,Paris SG,Angers,5.0,1.0,H,2.0,0.0,H,16.0,11.0,10.0,4.0,3.0,1.0,8.0,11.0,0.0,1.0,0.0,0.0,
F1,24/01/16,00:00,Lyon,Marseille,1.0,1.0,D,0.0,0.0,D,22.0,7.0,9.0,4.0,8.0,2.0,17.0,20.0,2.0,2.0,0.0,0.0,
F1,24/01/16,00:00,Monaco,Toulouse,4.0,0.0,H,2.0,0.0,H,14.0,9.0,5.0,3.0,6.0,3.0,21.0,16.0,4.0,1.0,0.0,0.0,
F1,24/01/16,00:00,Reims,St Etienne,1.0,1.0,D,0.0,0.0,D,12.0,5.0,3.0,1.0,5.0,1.0,16.0,18.0,2.0,2.0,0.0,0.0,
F1,29/01/16,00:00,Marseille,Lille,1.0,1.0,D,0.0,0.0,D,16.0,12.0,3.0,4.0,7.0,1.0,12.0,21.0,1.0,1.0,1.0,0.0,
F1,30/01/16,00:00,Ajaccio GFCO,Montpellier,0.0,4.0,A,0.0,2.0,A,16.0,8.0,3.0,4.0,5.0,4.0,14.0,10.0,3.0,3.0,0.0,0.0,
F1,30/01/16,00:00,Angers,Monaco,3.0,0.0,H,2.0,0.0,H,19.0,9.0,10.0,4.0,5.0,5.0,16.0,10.0,2.0,3.0,0.0,0.0,
F1,30/01/16,00:00,Bastia,Lyon,1.0,0.0,H,0.0,0.0,D,7.0,9.0,3.0,2.0,1.0,6.0,13.0,18.0,3.0,2.0,1.0,0.0,
F1,30/01/16,00:00,Lorient,Reims,2.0,0.0,H,1.0,0.0,H,8.0,12.0,4.0,3.0,6.0,6.0,15.0,14.0,3.0,2.0,0.0,0.0,
F1,30/01/16,00:00,Toulouse,Guingamp,1.0,2.0,A,0.0,1.0,A,14.0,7.0,6.0,3.0,6.0,5.0,17.0,18.0,1.0,4.0,1.0,0.0,
F1,30/01/16,00:00,Troyes,Nantes,0.0,1.0,A,0.0,1.0,A,13.0,10.0,5.0,3.0,6.0,4.0,12.0,16.0,1.0,3.0,0.0,0.0,
F1,31/01/16,00:00,Bordeaux,Rennes,4.0,0.0,H,1.0,0.0,H,21.0,8.0,7.0,3.0,3.0,5.0,8.0,11.0,2.0,1.0,0.0,0.0,
F1,31/01/16,00:00,Caen,Nice,2.0,0.0,H,2.0,0.0,H,9.0,15.0,5.0,6.0,3.0,15.0,12.0,14.0,1.0,2.0,0.0,0.0,
F1,31/01/16,00:00,St Etienne,Paris SG,0.0,2.0,A,0.0,0.0,D,12.0,12.0,3.0,5.0,7.0,6.0,23.0,11.0,4.0,2.0,0.0,0.0,
F1,02/02/16,00:00,Monaco,Bastia,2.0,0.0,H,1.0,0.0,H,8.0,11.0,4.0,3.0,4.0,1.0,12.0,10.0,2.0,1.0,0.0,0.0,
F1,02/02/16,00:00,Montpellier,Marseille,0.0,1.0,A,0.0,0.0,D,11.0,4.0,3.0,1.0,6.0,5.0,18.0,13.0,2.0,3.0,0.0,1.0,
F1,03/02/16,00:00,Guingamp,Troyes,4.0,0.0,H,1.0,0.0,H,12.0,15.0,5.0,4.0,3.0,8.0,11.0,12.0,1.0,3.0,0.0,0.0,
F1,03/02/16,00:00,Lille,Caen,1.0,0.0,H,0.0,0.0,D,12.0,10.0,6.0,2.0,9.0,4.0,18.0,15.0,0.0,1.0,0.0,1.0,
F1,03/02/16,00:00,Lyon,Bordeaux,3.0,0.0,H,1.0,0.0,H,17.0,12.0,5.0,4.0,3.0,8.0,9.0,12.0,2.0,4.0,0.0,0.0,
F1,03/02/16,00:00,Nantes,Ajaccio GFCO,3.0,1.0,H,2.0,1.0,H,16.0,4.0,8.0,2.0,4.0,1.0,16.0,18.0,1.0,1.0,0.0,1.0,
F1,03/02/16,00:00,Nice,Toulouse,1.0,0.0,H,0.0,0.0,D,10.0,7.0,2.0,1.0,7.0,4.0,10.0,9.0,1.0,1.0,0.0,0.0,
F1,03/02/16,00:00,Paris SG,Lorient,3.0,1.0,H,1.0,1.0,D,16.0,11.0,7.0,4.0,4.0,8.0,9.0,11.0,1.0,1.0,0.0,0.0,
F1,03/02/16,00:00,Reims,Angers,2.0,1.0,H,1.0,1.0,D,13.0,11.0,4.0,5.0,8.0,5.0,10.0,15.0,0.0,3.0,0.0,1.0,
F1,04/02/16,00:00,Rennes,St Etienne,0.0,1.0,A,0.0,0.0,D,5.0,13.0,0.0,4.0,4.0,8.0,9.0,16.0,2.0,2.0,0.0,0.0,
F1,06/02/16,00:00,Ajaccio GFCO,Guingamp,0.0,0.0,D,0.0,0.0,D,17.0,3.0,2.0,0.0,4.0,2.0,14.0,8.0,1.0,0.0,0.0,1.0,
F1,06/02/16,00:00,Angers,Lyon,0.0,3.0,A,0.0,1.0,A,5.0,8.0,0.0,3.0,2.0,6.0,9.0,16.0,1.0,2.0,1.0,0.0,
F1,06/02/16,00:00,Bastia,Troyes,2.0,0.0,H,1.0,0.0,H,11.0,11.0,5.0,1.0,8.0,6.0,8.0,12.0,0.0,2.0,1.0,2.0,
F1,06/02/16,00:00,Caen,Reims,0.0,2.0,A,0.0,1.0,A,12.0,12.0,4.0,5.0,6.0,2.0,13.0,13.0,3.0,2.0,0.0,0.0,
F1,06/02/16,00:00,Lorient,Montpellier,1.0,1.0,D,0.0,1.0,A,6.0,11.0,4.0,5.0,7.0,1.0,10.0,8.0,1.0,1.0,1.0,0.0,
F1,06/02/16,00:00,Monaco,Nice,1.0,0.0,H,0.0,0.0,D,8.0,12.0,4.0,3.0,5.0,7.0,14.0,14.0,4.0,6.0,1.0,0.0,
F1,06/02/16,00:00,Toulouse,Nantes,0.0,0.0,D,0.0,0.0,D,9.0,15.0,2.0,7.0,5.0,7.0,15.0,21.0,2.0,4.0,0.0,0.0,
F1,07/02/16,00:00,Bordeaux,St Etienne,1.0,4.0,A,1.0,2.0,A,10.0,14.0,3.0,8.0,3.0,4.0,19.0,19.0,4.0,1.0,1.0,0.0,
F1,07/02/16,00:00,Lille,Rennes,1.0,1.0,D,1.0,0.0,H,17.0,10.0,6.0,3.0,4.0,4.0,12.0,12.0,1.0,4.0,1.0,0.0,
F1,07/02/16,00:00,Marseille,Paris SG,1.0,2.0,A,1.0,1.0,D,18.0,11.0,7.0,3.0,6.0,2.0,7.0,10.0,0.0,1.0,0.0,0.0,
F1,12/02/16,00:00,Rennes,Angers,1.0,0.0,H,0.0,0.0,D,10.0,9.0,2.0,0.0,7.0,3.0,10.0,18.0,0.0,1.0,0.0,0.0,
F1,13/02/16,00:00,Ajaccio GFCO,Troyes,2.0,3.0,A,1.0,3.0,A,18.0,6.0,6.0,3.0,11.0,1.0,17.0,10.0,2.0,3.0,0.0,0.0,
F1,13/02/16,00:00,Guingamp,Bordeaux,2.0,4.0,A,1.0,2.0,A,10.0,13.0,2.0,7.0,5.0,4.0,18.0,9.0,1.0,0.0,0.0,0.0,
F1,13/02/16,00:00,Montpellier,Toulouse,2.0,0.0,H,1.0,0.0,H,7.0,9.0,2.0,3.0,4.0,4.0,14.0,13.0,0.0,2.0,0.0,0.0,
F1,13/02/16,00:00,Nantes,Lorient,2.0,1.0,H,2.0,0.0,H,9.0,4.0,2.0,1.0,5.0,5.0,18.0,14.0,1.0,3.0,0.0,1.0,
F1,13/02/16,00:00,Paris SG,Lille,0.0,0.0,D,0.0,0.0,D,12.0,5.0,4.0,0.0,3.0,2.0,13.0,10.0,2.0,3.0,0.0,0.0,
F1,13/02/16,00:00,Reims,Bastia,0.0,1.0,A,0.0,0.0,D,13.0,13.0,5.0,3.0,3.0,5.0,25.0,17.0,5.0,3.0,0.0,0.0,
F1,14/02/16,00:00,Lyon,Caen,4.0,1.0,H,3.0,0.0,H,20.0,15.0,8.0,6.0,5.0,7.0,14.0,12.0,3.0,5.0,0.0,0.0,
F1,14/02/16,00:00,Nice,Marseille,1.0,1.0,D,0.0,1.0,A,9.0,11.0,3.0,6.0,0.0,6.0,14.0,14.0,1.0,2.0,0.0,0.0,
F1,14/02/16,00:00,St Etienne,Monaco,1.0,1.0,D,0.0,0.0,D,19.0,8.0,6.0,2.0,12.0,6.0,8.0,11.0,0.0,1.0,0.0,0.0,
F1,19/02/16,00:00,Bordeaux,Nice,0.0,0.0,D,0.0,0.0,D,15.0,10.0,2.0,2.0,7.0,5.0,6.0,8.0,0.0,2.0,0.0,0.0,
F1,20/02/16,00:00,Angers,Montpellier,2.0,3.0,A,0.0,3.0,A,13.0,12.0,4.0,5.0,1.0,6.0,14.0,17.0,0.0,1.0,0.0,0.0,
F1,20/02/16,00:00,Lorient,Guingamp,4.0,3.0,H,1.0,2.0,A,26.0,14.0,9.0,7.0,6.0,5.0,15.0,6.0,4.0,1.0,0.0,0.0,
F1,20/02/16,00:00,Monaco,Troyes,3.0,1.0,H,2.0,0.0,H,16.0,14.0,8.0,7.0,5.0,7.0,10.0,12.0,2.0,0.0,0.0,0.0,
F1,20/02/16,00:00,Paris SG,Reims,4.0,1.0,H,3.0,1.0,H,15.0,10.0,6.0,3.0,9.0,5.0,8.0,11.0,2.0,0.0,0.0,0.0,
F1,20/02/16,00:00,Toulouse,Ajaccio GFCO,1.0,1.0,D,0.0,0.0,D,13.0,9.0,3.0,2.0,5.0,3.0,13.0,18.0,1.0,2.0,0.0,1.0,
F1,21/02/16,00:00,Caen,Rennes,1.0,0.0,H,0.0,0.0,D,10.0,7.0,5.0,1.0,8.0,2.0,13.0,15.0,1.0,1.0,0.0,0.0,
F1,21/02/16,00:00,Lille,Lyon,1.0,0.0,H,1.0,0.0,H,9.0,11.0,2.0,3.0,8.0,7.0,17.0,20.0,5.0,3.0,0.0,2.0,
F1,21/02/16,00:00,Marseille,St Etienne,1.0,1.0,D,0.0,0.0,D,8.0,15.0,2.0,1.0,9.0,6.0,15.0,21.0,0.0,1.0,1.0,0.0,
F1,26/02/16,00:00,Nice,Bastia,0.0,2.0,A,0.0,0.0,D,10.0,10.0,5.0,4.0,5.0,1.0,15.0,19.0,3.0,5.0,1.0,0.0,
F1,27/02/16,00:00,Guingamp,Angers,2.0,2.0,D,1.0,1.0,D,15.0,8.0,3.0,2.0,8.0,0.0,11.0,16.0,3.0,3.0,0.0,1.0,
F1,27/02/16,00:00,Montpellier,Lille,3.0,0.0,H,0.0,0.0,D,10.0,6.0,5.0,2.0,3.0,3.0,14.0,19.0,1.0,3.0,0.0,0.0,
F1,27/02/16,00:00,Reims,Bordeaux,4.0,1.0,H,2.0,0.0,H,15.0,6.0,7.0,1.0,7.0,1.0,16.0,16.0,2.0,2.0,0.0,0.0,
F1,27/02/16,00:00,Toulouse,Rennes,1.0,2.0,A,0.0,0.0,D,6.0,18.0,1.0,5.0,4.0,5.0,19.0,9.0,2.0,0.0,0.0,0.0,
F1,27/02/16,00:00,Troyes,Lorient,0.0,1.0,A,0.0,1.0,A,12.0,19.0,6.0,7.0,5.0,7.0,6.0,9.0,2.0,1.0,1.0,0.0,
F1,28/02/16,00:00,Lyon,Paris SG,2.0,1.0,H,2.0,0.0,H,14.0,6.0,7.0,3.0,6.0,2.0,21.0,14.0,3.0,5.0,0.0,0.0,
F1,28/02/16,00:00,Nantes,Monaco,0.0,0.0,D,0.0,0.0,D,14.0,4.0,4.0,1.0,8.0,3.0,13.0,15.0,1.0,1.0,0.0,0.0,
F1,28/02/16,00:00,St Etienne,Caen,1.0,2.0,A,0.0,0.0,D,16.0,16.0,4.0,6.0,4.0,3.0,9.0,11.0,2.0,1.0,0.0,0.0,
F1,04/03/16,00:00,Caen,Monaco,2.0,2.0,D,0.0,0.0,D,14.0,9.0,6.0,3.0,4.0,2.0,11.0,13.0,1.0,4.0,0.0,0.0,
F1,05/03/16,00:00,Angers,St Etienne,0.0,0.0,D,0.0,0.0,D,7.0,7.0,1.0,1.0,4.0,5.0,8.0,15.0,4.0,3.0,0.0,0.0,
F1,05/03/16,00:00,Bastia,Lorient,0.0,0.0,D,0.0,0.0,D,24.0,2.0,7.0,1.0,8.0,2.0,15.0,12.0,3.0,4.0,0.0,0.0,
F1,05/03/16,00:00,Bordeaux,Ajaccio GFCO,1.0,1.0,D,1.0,0.0,H,12.0,4.0,3.0,2.0,3.0,2.0,13.0,13.0,2.0,2.0,0.0,0.0,
F1,05/03/16,00:00,Lille,Reims,2.0,0.0,H,0.0,0.0,D,8.0,9.0,5.0,5.0,2.0,6.0,15.0,22.0,2.0,2.0,0.0,1.0,
F1,05/03/16,00:00,Nice,Troyes,2.0,1.0,H,1.0,1.0,D,18.0,10.0,7.0,4.0,7.0,4.0,6.0,11.0,1.0,1.0,0.0,0.0,
F1,05/03/16,00:00,Paris SG,Montpellier,0.0,0.0,D,0.0,0.0,D,7.0,6.0,5.0,0.0,5.0,4.0,11.0,8.0,0.0,1.0,0.0,0.0,
F1,06/03/16,00:00,Lyon,Guingamp,5.0,1.0,H,3.0,1.0,H,16.0,11.0,9.0,5.0,6.0,3.0,13.0,10.0,2.0,3.0,0.0,0.0,
F1,06/03/16,00:00,Marseille,Toulouse,1.0,1.0,D,0.0,0.0,D,20.0,18.0,8.0,7.0,9.0,3.0,12.0,13.0,2.0,1.0,0.0,0.0,
F1,06/03/16,00:00,Rennes,Nantes,4.0,1.0,H,4.0,0.0,H,11.0,11.0,7.0,6.0,2.0,3.0,10.0,16.0,1.0,2.0,1.0,0.0,
F1,09/03/16,00:00,Ajaccio GFCO,Marseille,1.0,1.0,D,0.0,0.0,D,17.0,6.0,6.0,5.0,7.0,3.0,24.0,17.0,2.0,2.0,0.0,0.0,
F1,09/03/16,00:00,Bastia,Nantes,0.0,0.0,D,0.0,0.0,D,5.0,8.0,1.0,2.0,6.0,1.0,13.0,18.0,1.0,4.0,0.0,0.0,
F1,11/03/16,00:00,Monaco,Reims,2.0,2.0,D,2.0,1.0,H,12.0,9.0,7.0,4.0,10.0,7.0,15.0,11.0,2.0,2.0,0.0,0.0,
F1,12/03/16,00:00,Ajaccio GFCO,Caen,1.0,0.0,H,0.0,0.0,D,19.0,9.0,4.0,4.0,4.0,4.0,10.0,6.0,0.0,0.0,0.0,0.0,
F1,12/03/16,00:00,Bastia,Lille,1.0,2.0,A,0.0,1.0,A,10.0,9.0,1.0,4.0,5.0,4.0,18.0,11.0,2.0,3.0,0.0,0.0,
F1,12/03/16,00:00,Guingamp,St Etienne,2.0,0.0,H,2.0,0.0,H,8.0,13.0,3.0,2.0,4.0,9.0,10.0,14.0,0.0,2.0,0.0,0.0,
F1,12/03/16,00:00,Lorient,Marseille,1.0,1.0,D,1.0,0.0,H,15.0,10.0,10.0,2.0,7.0,5.0,14.0,12.0,1.0,2.0,0.0,0.0,
F1,12/03/16,00:00,Montpellier,Nice,0.0,2.0,A,0.0,0.0,D,11.0,10.0,6.0,3.0,4.0,4.0,17.0,11.0,2.0,1.0,0.0,0.0,
F1,12/03/16,00:00,Toulouse,Bordeaux,4.0,0.0,H,1.0,0.0,H,20.0,13.0,11.0,2.0,3.0,3.0,20.0,19.0,3.0,3.0,0.0,1.0,
F1,13/03/16,00:00,Nantes,Angers,2.0,0.0,H,0.0,0.0,D,11.0,6.0,7.0,0.0,6.0,0.0,15.0,11.0,2.0,3.0,0.0,0.0,
F1,13/03/16,00:00,Rennes,Lyon,2.0,2.0,D,0.0,1.0,A,13.0,17.0,4.0,7.0,2.0,8.0,16.0,11.0,5.0,4.0,0.0,0.0,
F1,13/03/16,00:00,Troyes,Paris SG,0.0,9.0,A,0.0,3.0,A,16.0,22.0,3.0,15.0,5.0,8.0,9.0,7.0,1.0,0.0,1.0,0.0,
F1,18/03/16,00:00,Marseille,Rennes,2.0,5.0,A,1.0,3.0,A,14.0,12.0,5.0,8.0,11.0,3.0,8.0,17.0,2.0,1.0,0.0,0.0,
F1,19/03/16,00:00,Angers,Lorient,5.0,1.0,H,3.0,1.0,H,23.0,6.0,10.0,2.0,6.0,2.0,12.0,17.0,1.0,4.0,0.0,0.0,
F1,19/03/16,00:00,Caen,Troyes,2.0,1.0,H,1.0,1.0,D,23.0,4.0,6.0,2.0,7.0,2.0,15.0,8.0,1.0,2.0,0.0,0.0,
F1,19/03/16,00:00,Lille,Toulouse,1.0,0.0,H,1.0,0.0,H,6.0,10.0,2.0,3.0,3.0,3.0,8.0,13.0,3.0,3.0,0.0,0.0,
F1,19/03/16,00:00,Lyon,Nantes,2.0,0.0,H,0.0,0.0,D,8.0,7.0,4.0,1.0,3.0,2.0,12.0,14.0,1.0,2.0,0.0,0.0,
F1,19/03/16,00:00,Reims,Guingamp,0.0,1.0,A,0.0,1.0,A,19.0,2.0,3.0,2.0,7.0,1.0,16.0,10.0,4.0,2.0,0.0,0.0,
F1,19/03/16,00:00,St Etienne,Montpellier,3.0,0.0,H,0.0,0.0,D,9.0,7.0,4.0,1.0,5.0,7.0,14.0,13.0,1.0,3.0,0.0,0.0,
F1,20/03/16,00:00,Bordeaux,Bastia,1.0,1.0,D,0.0,0.0,D,12.0,8.0,4.0,4.0,6.0,3.0,10.0,13.0,2.0,2.0,0.0,0.0,
F1,20/03/16,00:00,Nice,Ajaccio GFCO,3.0,0.0,H,1.0,0.0,H,10.0,12.0,5.0,2.0,3.0,5.0,3.0,10.0,1.0,2.0,0.0,0.0,
F1,20/03/16,00:00,Paris SG,Monaco,0.0,2.0,A,0.0,0.0,D,23.0,12.0,4.0,5.0,10.0,2.0,7.0,6.0,1.0,1.0,0.0,0.0,
F1,01/04/16,00:00,Monaco,Bordeaux,1.0,2.0,A,0.0,1.0,A,15.0,10.0,5.0,4.0,8.0,3.0,18.0,17.0,1.0,1.0,0.0,0.0,
F1,02/04/16,00:00,Ajaccio GFCO,St Etienne,0.0,2.0,A,0.0,1.0,A,17.0,7.0,5.0,4.0,7.0,6.0,13.0,11.0,1.0,0.0,0.0,0.0,
F1,02/04/16,00:00,Guingamp,Montpellier,2.0,2.0,D,1.0,1.0,D,10.0,12.0,3.0,4.0,6.0,5.0,15.0,16.0,2.0,2.0,0.0,0.0,
F1,02/04/16,00:00,Paris SG,Nice,4.0,1.0,H,2.0,1.0,H,13.0,6.0,7.0,4.0,7.0,6.0,12.0,9.0,1.0,0.0,0.0,0.0,
F1,02/04/16,00:00,Rennes,Reims,3.0,1.0,H,2.0,0.0,H,10.0,10.0,5.0,4.0,2.0,6.0,15.0,16.0,1.0,0.0,0.0,0.0,
F1,02/04/16,00:00,Toulouse,Caen,2.0,0.0,H,1.0,0.0,H,7.0,6.0,1.0,1.0,4.0,5.0,13.0,20.0,1.0,1.0,0.0,0.0,
F1,02/04/16,00:00,Troyes,Angers,0.0,1.0,A,0.0,0.0,D,12.0,17.0,7.0,3.0,5.0,4.0,12.0,14.0,1.0,1.0,0.0,0.0,
F1,03/04/16,00:00,Bastia,Marseille,2.0,1.0,H,0.0,0.0,D,6.0,7.0,1.0,2.0,6.0,2.0,19.0,20.0,3.0,2.0,0.0,1.0,
F1,03/04/16,00:00,Lorient,Lyon,1.0,3.0,A,1.0,1.0,D,8.0,17.0,2.0,7.0,6.0,3.0,7.0,14.0,0.0,0.0,0.0,0.0,
F1,03/04/16,00:00,Nantes,Lille,0.0,3.0,A,0.0,1.0,A,13.0,11.0,6.0,7.0,8.0,4.0,12.0,11.0,2.0,1.0,0.0,0.0,
F1,08/04/16,00:00,Montpellier,Lyon,0.0,2.0,A,0.0,2.0,A,7.0,14.0,2.0,8.0,4.0,1.0,15.0,9.0,1.0,2.0,0.0,0.0,
F1,09/04/16,00:00,Angers,Ajaccio GFCO,0.0,0.0,D,0.0,0.0,D,7.0,2.0,1.0,1.0,2.0,6.0,9.0,26.0,1.0,5.0,0.0,0.0,
F1,09/04/16,00:00,Caen,Lorient,1.0,2.0,A,0.0,1.0,A,18.0,17.0,4.0,7.0,6.0,5.0,10.0,10.0,1.0,0.0,0.0,0.0,
F1,09/04/16,00:00,Guingamp,Paris SG,0.0,2.0,A,0.0,0.0,D,8.0,13.0,2.0,6.0,9.0,4.0,17.0,10.0,1.0,0.0,0.0,0.0,
F1,09/04/16,00:00,Reims,Nantes,2.0,1.0,H,1.0,0.0,H,10.0,14.0,4.0,5.0,5.0,4.0,10.0,14.0,2.0,3.0,0.0,1.0,
F1,09/04/16,00:00,St Etienne,Troyes,1.0,0.0,H,0.0,0.0,D,16.0,9.0,7.0,1.0,10.0,5.0,13.0,12.0,2.0,2.0,0.0,0.0,
F1,09/04/16,00:00,Toulouse,Bastia,4.0,0.0,H,0.0,0.0,D,11.0,4.0,7.0,1.0,2.0,2.0,14.0,16.0,1.0,0.0,0.0,1.0,
F1,10/04/16,00:00,Lille,Monaco,4.0,1.0,H,1.0,0.0,H,8.0,7.0,4.0,4.0,3.0,4.0,12.0,14.0,1.0,2.0,1.0,1.0,
F1,10/04/16,00:00,Marseille,Bordeaux,0.0,0.0,D,0.0,0.0,D,7.0,9.0,4.0,3.0,9.0,5.0,13.0,11.0,2.0,2.0,0.0,0.0,
F1,10/04/16,00:00,Nice,Rennes,3.0,0.0,H,2.0,0.0,H,12.0,8.0,8.0,3.0,2.0,7.0,7.0,11.0,0.0,0.0,0.0,0.0,
F1,15/04/16,00:00,Lyon,Nice,1.0,1.0,D,0.0,1.0,A,14.0,6.0,3.0,2.0,5.0,3.0,16.0,20.0,2.0,2.0,1.0,0.0,
F1,16/04/16,00:00,Ajaccio GFCO,Lille,2.0,4.0,A,1.0,1.0,D,13.0,13.0,4.0,5.0,1.0,6.0,14.0,9.0,2.0,2.0,1.0,0.0,
F1,16/04/16,00:00,Bastia,St Etienne,0.0,1.0,A,0.0,0.0,D,16.0,9.0,2.0,4.0,3.0,4.0,11.0,16.0,3.0,2.0,0.0,0.0,
F1,16/04/16,00:00,Bordeaux,Angers,1.0,3.0,A,0.0,0.0,D,16.0,4.0,4.0,4.0,9.0,0.0,14.0,15.0,2.0,2.0,0.0,1.0,
F1,16/04/16,00:00,Lorient,Toulouse,1.0,1.0,D,0.0,0.0,D,11.0,11.0,4.0,2.0,2.0,2.0,16.0,15.0,1.0,2.0,0.0,0.0,
F1,16/04/16,00:00,Paris SG,Caen,6.0,0.0,H,2.0,0.0,H,22.0,15.0,10.0,8.0,4.0,3.0,11.0,8.0,0.0,0.0,0.0,0.0,
F1,16/04/16,00:00,Troyes,Reims,2.0,1.0,H,0.0,0.0,D,21.0,15.0,12.0,4.0,10.0,7.0,18.0,10.0,2.0,3.0,0.0,0.0,
F1,17/04/16,00:00,Monaco,Marseille,2.0,1.0,H,0.0,0.0,D,14.0,7.0,4.0,2.0,7.0,1.0,16.0,14.0,1.0,0.0,0.0,0.0,
F1,17/04/16,00:00,Nantes,Montpellier,0.0,2.0,A,0.0,1.0,A,9.0,11.0,0.0,5.0,6.0,7.0,14.0,14.0,1.0,2.0,0.0,0.0,
F1,17/04/16,00:00,Rennes,Guingamp,0.0,3.0,A,0.0,0.0,D,9.0,12.0,3.0,7.0,6.0,3.0,12.0,6.0,3.0,2.0,0.0,0.0,
F1,22/04/16,00:00,Nice,Reims,2.0,0.0,H,1.0,0.0,H,10.0,10.0,5.0,4.0,10.0,4.0,11.0,14.0,1.0,3.0,0.0,0.0,
F1,23/04/16,00:00,Toulouse,Lyon,2.0,3.0,A,0.0,0.0,D,9.0,11.0,5.0,3.0,5.0,2.0,13.0,18.0,2.0,3.0,0.0,0.0,
F1,24/04/16,00:00,Ajaccio GFCO,Bastia,3.0,2.0,H,2.0,1.0,H,8.0,17.0,5.0,7.0,2.0,4.0,21.0,13.0,4.0,2.0,0.0,0.0,
F1,24/04/16,00:00,Guingamp,Caen,1.0,1.0,D,0.0,1.0,A,11.0,12.0,2.0,5.0,9.0,0.0,11.0,14.0,1.0,0.0,1.0,1.0,
F1,24/04/16,00:00,Marseille,Nantes,1.0,1.0,D,0.0,1.0,A,7.0,7.0,3.0,3.0,4.0,2.0,14.0,23.0,1.0,3.0,1.0,0.0,
F1,24/04/16,00:00,Montpellier,Troyes,4.0,1.0,H,3.0,1.0,H,15.0,17.0,7.0,7.0,4.0,7.0,7.0,6.0,0.0,2.0,1.0,0.0,
F1,24/04/16,00:00,Rennes,Monaco,1.0,1.0,D,0.0,1.0,A,11.0,10.0,3.0,6.0,9.0,6.0,12.0,19.0,1.0,3.0,0.0,0.0,
F1,24/04/16,00:00,St Etienne,Lorient,2.0,0.0,H,0.0,0.0,D,12.0,9.0,5.0,1.0,4.0,5.0,14.0,9.0,2.0,1.0,0.0,0.0,
F1,27/04/16,00:00,Lille,Angers,0.0,0.0,D,0.0,0.0,D,12.0,7.0,3.0,4.0,9.0,3.0,12.0,18.0,1.0,4.0,0.0,0.0,
F1,29/04/16,00:00,Paris SG,Rennes,4.0,0.0,H,0.0,0.0,D,27.0,9.0,12.0,2.0,5.0,2.0,6.0,8.0,1.0,1.0,0.0,0.0,
F1,30/04/16,00:00,Caen,Bastia,0.0,0.0,D,0.0,0.0,D,14.0,7.0,5.0,2.0,4.0,3.0,9.0,13.0,1.0,3.0,0.0,0.0,
F1,30/04/16,00:00,Lorient,Lille,0.0,1.0,A,0.0,0.0,D,13.0,14.0,3.0,5.0,5.0,6.0,13.0,14.0,1.0,2.0,0.0,0.0,
F1,30/04/16,00:00,Lyon,Ajaccio GFCO,2.0,1.0,H,2.0,0.0,H,6.0,5.0,2.0,2.0,5.0,0.0,11.0,20.0,1.0,2.0,0.0,0.0,
F1,30/04/16,00:00,Monaco,Guingamp,3.0,2.0,H,2.0,0.0,H,16.0,8.0,8.0,4.0,5.0,4.0,14.0,15.0,2.0,1.0,0.0,0.0,
F1,30/04/16,00:00,Nantes,Nice,1.0,0.0,H,0.0,0.0,D,18.0,5.0,4.0,2.0,7.0,6.0,9.0,12.0,1.0,1.0,0.0,0.0,
F1,30/04/16,00:00,Reims,Montpellier,2.0,3.0,A,0.0,1.0,A,15.0,10.0,7.0,5.0,9.0,9.0,12.0,12.0,2.0,1.0,0.0,0.0,
F1,30/04/16,00:00,St Etienne,Toulouse,0.0,0.0,D,0.0,0.0,D,9.0,9.0,0.0,7.0,2.0,6.0,21.0,17.0,2.0,2.0,1.0,0.0,
F1,30/04/16,00:00,Troyes,Bordeaux,2.0,4.0,A,0.0,2.0,A,18.0,13.0,7.0,9.0,9.0,3.0,11.0,9.0,4.0,1.0,0.0,0.0,
F1,01/05/16,00:00,Angers,Marseille,0.0,1.0,A,0.0,1.0,A,12.0,12.0,1.0,4.0,2.0,3.0,14.0,13.0,2.0,4.0,0.0,0.0,
F1,07/05/16,00:00,Ajaccio GFCO,Paris SG,0.0,4.0,A,0.0,1.0,A,7.0,9.0,1.0,6.0,3.0,3.0,9.0,11.0,1.0,1.0,0.0,0.0,
F1,07/05/16,00:00,Bastia,Angers,1.0,0.0,H,1.0,0.0,H,9.0,11.0,6.0,2.0,6.0,5.0,16.0,15.0,1.0,1.0,0.0,0.0,
F1,07/05/16,00:00,Bordeaux,Lorient,3.0,0.0,H,2.0,0.0,H,11.0,10.0,7.0,2.0,7.0,4.0,16.0,9.0,0.0,1.0,0.0,0.0,
F1,07/05/16,00:00,Lille,Guingamp,0.0,0.0,D,0.0,0.0,D,28.0,2.0,7.0,0.0,11.0,3.0,15.0,22.0,1.0,4.0,0.0,0.0,
F1,07/05/16,00:00,Lyon,Monaco,6.0,1.0,H,4.0,1.0,H,23.0,11.0,15.0,1.0,7.0,4.0,9.0,15.0,0.0,3.0,0.0,1.0,
F1,07/05/16,00:00,Marseille,Reims,1.0,0.0,H,0.0,0.0,D,21.0,14.0,8.0,2.0,7.0,4.0,15.0,9.0,2.0,1.0,0.0,0.0,
F1,07/05/16,00:00,Montpellier,Rennes,2.0,0.0,H,0.0,0.0,D,17.0,10.0,5.0,2.0,8.0,3.0,9.0,5.0,0.0,0.0,0.0,0.0,
F1,07/05/16,00:00,Nantes,Caen,1.0,2.0,A,0.0,2.0,A,15.0,9.0,5.0,3.0,6.0,1.0,9.0,10.0,2.0,2.0,0.0,0.0,
F1,07/05/16,00:00,Nice,St Etienne,2.0,0.0,H,0.0,0.0,D,11.0,2.0,4.0,1.0,5.0,3.0,11.0,14.0,2.0,3.0,0.0,2.0,
F1,07/05/16,00:00,Toulouse,Troyes,1.0,0.0,H,0.0,0.0,D,14.0,3.0,4.0,1.0,9.0,2.0,10.0,21.0,2.0,3.0,0.0,0.0,
F1,11/05/16,00:00,Bordeaux,Paris SG,1.0,1.0,D,0.0,0.0,D,8.0,9.0,3.0,2.0,5.0,3.0,11.0,7.0,1.0,2.0,0.0,0.0,
F1,14/05/16,00:00,Angers,Toulouse,2.0,3.0,A,1.0,0.0,H,6.0,14.0,2.0,7.0,2.0,8.0,17.0,14.0,4.0,1.0,0.0,0.0,
F1,14/05/16,00:00,Caen,Bordeaux,1.0,0.0,H,1.0,0.0,H,10.0,11.0,4.0,5.0,4.0,6.0,15.0,15.0,1.0,4.0,0.0,0.0,
F1,14/05/16,00:00,Guingamp,Nice,2.0,3.0,A,1.0,2.0,A,15.0,10.0,3.0,3.0,4.0,2.0,9.0,10.0,2.0,1.0,0.0,0.0,
F1,14/05/16,00:00,Lorient,Ajaccio GFCO,1.0,0.0,H,1.0,0.0,H,8.0,18.0,4.0,3.0,1.0,5.0,9.0,11.0,1.0,1.0,0.0,0.0,
F1,14/05/16,00:00,Monaco,Montpellier,2.0,0.0,H,2.0,0.0,H,15.0,10.0,7.0,4.0,5.0,7.0,16.0,15.0,3.0,1.0,0.0,0.0,
F1,14/05/16,00:00,Paris SG,Nantes,4.0,0.0,H,2.0,0.0,H,20.0,13.0,13.0,3.0,10.0,4.0,10.0,8.0,1.0,1.0,0.0,0.0,
F1,14/05/16,00:00,Reims,Lyon,4.0,1.0,H,2.0,0.0,H,14.0,9.0,6.0,3.0,0.0,4.0,21.0,14.0,4.0,2.0,0.0,0.0,
F1,14/05/16,00:00,Rennes,Bastia,1.0,2.0,A,0.0,1.0,A,17.0,9.0,8.0,5.0,8.0,2.0,5.0,15.0,3.0,5.0,0.0,0.0,
F1,14/05/16,00:00,St Etienne,Lille,0.0,1.0,A,0.0,1.0,A,12.0,12.0,3.0,6.0,7.0,3.0,14.0,12.0,1.0,2.0,0.0,0.0,
F1,14/05/16,00:00,Troyes,Marseille,1.0,1.0,D,1.0,0.0,H,9.0,19.0,4.0,6.0,5.0,13.0,8.0,7.0,2.0,1.0,0.0,0.0,
F1,12/08/16,00:00,Bastia,Paris SG,0.0,1.0,A,0.0,0.0,D,10.0,9.0,0.0,6.0,2.0,6.0,15.0,16.0,3.0,3.0,0.0,0.0,
F1,12/08/16,00:00,Monaco,Guingamp,2.0,2.0,D,0.0,2.0,A,18.0,9.0,4.0,5.0,8.0,2.0,14.0,15.0,3.0,4.0,0.0,0.0,
F1,13/08/16,00:00,Bordeaux,St Etienne,3.0,2.0,H,1.0,0.0,H,10.0,14.0,6.0,5.0,3.0,6.0,9.0,20.0,1.0,2.0,0.0,0.0,
F1,13/08/16,00:00,Caen,Lorient,3.0,2.0,H,2.0,2.0,D,15.0,8.0,6.0,2.0,10.0,2.0,13.0,9.0,1.0,2.0,0.0,1.0,
F1,13/08/16,00:00,Dijon,Nantes,0.0,1.0,A,0.0,0.0,D,6.0,10.0,2.0,3.0,3.0,4.0,6.0,11.0,0.0,2.0,0.0,0.0,
F1,13/08/16,00:00,Metz,Lille,3.0,2.0,H,0.0,1.0,A,7.0,13.0,3.0,4.0,4.0,5.0,13.0,9.0,2.0,2.0,0.0,0.0,
F1,13/08/16,00:00,Montpellier,Angers,1.0,0.0,H,1.0,0.0,H,14.0,12.0,3.0,2.0,7.0,2.0,9.0,12.0,1.0,2.0,0.0,0.0,
F1,14/08/16,00:00,Marseille,Toulouse,0.0,0.0,D,0.0,0.0,D,10.0,6.0,2.0,2.0,9.0,6.0,14.0,12.0,3.0,1.0,0.0,0.0,
F1,14/08/16,00:00,Nancy,Lyon,0.0,3.0,A,0.0,2.0,A,11.0,9.0,1.0,7.0,4.0,4.0,18.0,14.0,4.0,2.0,0.0,0.0,
F1,14/08/16,00:00,Nice,Rennes,1.0,0.0,H,0.0,0.0,D,7.0,19.0,1.0,4.0,4.0,8.0,12.0,9.0,0.0,1.0,0.0,0.0,
F1,19/08/16,00:00,Lyon,Caen,2.0,0.0,H,1.0,0.0,H,21.0,7.0,7.0,1.0,13.0,3.0,17.0,14.0,3.0,4.0,0.0,0.0,
F1,20/08/16,00:00,Angers,Nice,0.0,1.0,A,0.0,1.0,A,21.0,14.0,6.0,8.0,10.0,3.0,11.0,10.0,1.0,2.0,0.0,0.0,
F1,20/08/16,00:00,Lille,Dijon,1.0,0.0,H,0.0,0.0,D,10.0,7.0,3.0,2.0,6.0,5.0,12.0,15.0,1.0,2.0,0.0,0.0,
F1,20/08/16,00:00,Lorient,Bastia,0.0,3.0,A,0.0,2.0,A,10.0,16.0,3.0,7.0,2.0,5.0,15.0,11.0,2.0,4.0,2.0,0.0,
F1,20/08/16,00:00,Nantes,Monaco,0.0,1.0,A,0.0,1.0,A,8.0,8.0,2.0,3.0,10.0,3.0,15.0,18.0,2.0,4.0,0.0,0.0,
F1,20/08/16,00:00,Rennes,Nancy,2.0,0.0,H,1.0,0.0,H,9.0,8.0,3.0,1.0,3.0,7.0,11.0,8.0,4.0,2.0,0.0,0.0,
F1,20/08/16,00:00,Toulouse,Bordeaux,4.0,1.0,H,2.0,0.0,H,11.0,9.0,5.0,2.0,3.0,6.0,19.0,14.0,1.0,3.0,0.0,1.0,
F1,21/08/16,00:00,Guingamp,Marseille,2.0,1.0,H,1.0,0.0,H,14.0,8.0,4.0,3.0,4.0,6.0,9.0,15.0,0.0,1.0,0.0,0.0,
F1,21/08/16,00:00,Paris SG,Metz,3.0,0.0,H,0.0,0.0,D,29.0,11.0,8.0,6.0,15.0,2.0,10.0,6.0,1.0,1.0,0.0,0.0,
F1,21/08/16,00:00,St Etienne,Montpellier,3.0,1.0,H,0.0,1.0,A,14.0,13.0,5.0,3.0,4.0,6.0,9.0,12.0,1.0,1.0,0.0,0.0,
F1,26/08/16,00:00,Marseille,Lorient,2.0,0.0,H,1.0,0.0,H,13.0,10.0,8.0,5.0,3.0,4.0,15.0,11.0,1.0,1.0,0.0,0.0,
F1,27/08/16,00:00,Caen,Bastia,2.0,0.0,H,0.0,0.0,D,17.0,5.0,4.0,1.0,5.0,2.0,15.0,20.0,1.0,5.0,0.0,0.0,
F1,27/08/16,00:00,Dijon,Lyon,4.0,2.0,H,2.0,2.0,D,8.0,25.0,5.0,9.0,2.0,10.0,11.0,9.0,2.0,2.0,0.0,0.0,
F1,27/08/16,00:00,Metz,Angers,2.0,0.0,H,1.0,0.0,H,7.0,23.0,2.0,7.0,5.0,9.0,9.0,11.0,2.0,2.0,0.0,0.0,
F1,27/08/16,00:00,Montpellier,Rennes,1.0,1.0,D,1.0,0.0,H,11.0,12.0,5.0,2.0,4.0,4.0,13.0,16.0,1.0,2.0,0.0,0.0,
F1,27/08/16,00:00,Nancy,Guingamp,0.0,2.0,A,0.0,0.0,D,19.0,14.0,3.0,6.0,5.0,3.0,9.0,10.0,2.0,1.0,0.0,0.0,
F1,27/08/16,00:00,Nice,Lille,1.0,1.0,D,1.0,1.0,D,13.0,8.0,6.0,3.0,4.0,6.0,13.0,13.0,2.0,2.0,0.0,0.0,
F1,28/08/16,00:00,Bordeaux,Nantes,1.0,0.0,H,1.0,0.0,H,9.0,16.0,7.0,6.0,4.0,8.0,16.0,16.0,2.0,1.0,0.0,0.0,
F1,28/08/16,00:00,Monaco,Paris SG,3.0,1.0,H,2.0,0.0,H,9.0,6.0,2.0,2.0,2.0,7.0,9.0,10.0,1.0,2.0,0.0,0.0,
F1,28/08/16,00:00,St Etienne,Toulouse,0.0,0.0,D,0.0,0.0,D,16.0,9.0,3.0,2.0,7.0,4.0,9.0,16.0,2.0,1.0,0.0,0.0,
F1,09/09/16,00:00,Paris SG,St Etienne,1.0,1.0,D,0.0,0.0,D,15.0,5.0,4.0,2.0,4.0,1.0,11.0,13.0,2.0,4.0,0.0,0.0,
F1,10/09/16,00:00,Angers,Dijon,3.0,1.0,H,1.0,1.0,D,13.0,7.0,7.0,2.0,6.0,1.0,13.0,9.0,1.0,2.0,1.0,1.0,
F1,10/09/16,00:00,Bastia,Toulouse,2.0,1.0,H,1.0,0.0,H,5.0,8.0,4.0,3.0,5.0,1.0,15.0,21.0,4.0,4.0,0.0,0.0,
F1,10/09/16,00:00,Guingamp,Montpellier,1.0,1.0,D,1.0,1.0,D,12.0,5.0,4.0,2.0,7.0,3.0,14.0,14.0,1.0,1.0,0.0,0.0,
F1,10/09/16,00:00,Lille,Monaco,1.0,4.0,A,0.0,2.0,A,6.0,9.0,3.0,6.0,8.0,1.0,19.0,13.0,3.0,1.0,0.0,0.0,
F1,10/09/16,00:00,Lorient,Nancy,0.0,2.0,A,0.0,1.0,A,9.0,7.0,2.0,3.0,8.0,3.0,11.0,20.0,0.0,5.0,0.0,0.0,
F1,10/09/16,00:00,Lyon,Bordeaux,1.0,3.0,A,1.0,1.0,D,11.0,10.0,4.0,6.0,4.0,4.0,14.0,7.0,2.0,1.0,1.0,0.0,
F1,11/09/16,00:00,Nantes,Metz,0.0,3.0,A,0.0,2.0,A,13.0,10.0,3.0,4.0,8.0,3.0,8.0,19.0,1.0,4.0,0.0,0.0,
F1,11/09/16,00:00,Nice,Marseille,3.0,2.0,H,1.0,1.0,D,18.0,14.0,7.0,5.0,6.0,3.0,10.0,15.0,2.0,3.0,0.0,0.0,
F1,11/09/16,00:00,Rennes,Caen,2.0,0.0,H,0.0,0.0,D,5.0,8.0,4.0,4.0,2.0,8.0,12.0,7.0,2.0,1.0,0.0,0.0,
F1,16/09/16,00:00,Caen,Paris SG,0.0,6.0,A,0.0,4.0,A,13.0,21.0,1.0,7.0,4.0,3.0,9.0,10.0,1.0,1.0,0.0,0.0,
F1,17/09/16,00:00,Bordeaux,Angers,0.0,1.0,A,0.0,1.0,A,10.0,5.0,4.0,5.0,3.0,5.0,9.0,17.0,0.0,4.0,1.0,0.0,
F1,17/09/16,00:00,Dijon,Metz,0.0,0.0,D,0.0,0.0,D,16.0,7.0,6.0,3.0,8.0,3.0,15.0,18.0,4.0,3.0,0.0,1.0,
F1,17/09/16,00:00,Lorient,Lille,1.0,0.0,H,0.0,0.0,D,9.0,10.0,4.0,0.0,4.0,2.0,12.0,10.0,2.0,2.0,0.0,0.0,
F1,17/09/16,00:00,Monaco,Rennes,3.0,0.0,H,1.0,0.0,H,17.0,5.0,7.0,3.0,3.0,4.0,13.0,10.0,1.0,1.0,0.0,0.0,
F1,17/09/16,00:00,Nancy,Nantes,1.0,1.0,D,0.0,0.0,D,9.0,14.0,2.0,5.0,2.0,2.0,10.0,18.0,0.0,0.0,0.0,0.0,
F1,17/09/16,00:00,Toulouse,Guingamp,2.0,1.0,H,0.0,0.0,D,13.0,5.0,5.0,3.0,8.0,1.0,18.0,11.0,4.0,3.0,0.0,1.0,
F1,18/09/16,00:00,Marseille,Lyon,0.0,0.0,D,0.0,0.0,D,13.0,14.0,2.0,1.0,6.0,1.0,16.0,12.0,3.0,2.0,0.0,0.0,
F1,18/09/16,00:00,Montpellier,Nice,1.0,1.0,D,0.0,0.0,D,15.0,9.0,5.0,4.0,6.0,3.0,18.0,12.0,1.0,1.0,0.0,0.0,
F1,18/09/16,00:00,St Etienne,Bastia,1.0,0.0,H,0.0,0.0,D,13.0,9.0,3.0,3.0,4.0,4.0,19.0,11.0,2.0,4.0,0.0,0.0,
F1,20/09/16,00:00,Lille,Toulouse,1.0,2.0,A,1.0,1.0,D,19.0,7.0,5.0,2.0,5.0,3.0,13.0,21.0,2.0,5.0,0.0,0.0,
F1,20/09/16,00:00,Paris SG,Dijon,3.0,0.0,H,2.0,0.0,H,8.0,8.0,4.0,4.0,5.0,4.0,8.0,7.0,1.0,0.0,0.0,0.0,
F1,21/09/16,00:00,Angers,Caen,2.0,1.0,H,1.0,0.0,H,13.0,6.0,5.0,1.0,1.0,4.0,12.0,11.0,0.0,1.0,0.0,0.0,
F1,21/09/16,00:00,Bastia,Nancy,0.0,0.0,D,0.0,0.0,D,10.0,4.0,5.0,2.0,5.0,3.0,12.0,19.0,0.0,0.0,0.0,0.0,
F1,21/09/16,00:00,Guingamp,Lorient,1.0,0.0,H,0.0,0.0,D,8.0,13.0,4.0,3.0,4.0,7.0,10.0,14.0,1.0,2.0,0.0,0.0,
F1,21/09/16,00:00,Lyon,Montpellier,5.0,1.0,H,2.0,1.0,H,16.0,8.0,8.0,2.0,11.0,1.0,10.0,15.0,0.0,1.0,0.0,1.0,
F1,21/09/16,00:00,Metz,Bordeaux,0.0,3.0,A,0.0,1.0,A,12.0,20.0,4.0,7.0,1.0,6.0,16.0,4.0,2.0,0.0,0.0,0.0,
F1,21/09/16,00:00,Nantes,St Etienne,0.0,0.0,D,0.0,0.0,D,17.0,6.0,6.0,0.0,6.0,2.0,16.0,14.0,4.0,0.0,0.0,1.0,
F1,21/09/16,00:00,Nice,Monaco,4.0,0.0,H,2.0,0.0,H,9.0,17.0,7.0,7.0,2.0,6.0,12.0,16.0,1.0,1.0,0.0,1.0,
F1,21/09/16,00:00,Rennes,Marseille,3.0,2.0,H,1.0,1.0,D,13.0,8.0,5.0,4.0,4.0,4.0,11.0,24.0,1.0,1.0,0.0,1.0,
F1,23/09/16,00:00,Toulouse,Paris SG,2.0,0.0,H,0.0,0.0,D,11.0,12.0,3.0,3.0,3.0,7.0,12.0,11.0,3.0,1.0,0.0,1.0,
F1,24/09/16,00:00,Bastia,Guingamp,1.0,0.0,H,0.0,0.0,D,11.0,3.0,6.0,3.0,5.0,1.0,17.0,17.0,1.0,1.0,1.0,1.0,
F1,24/09/16,00:00,Bordeaux,Caen,0.0,0.0,D,0.0,0.0,D,12.0,13.0,2.0,4.0,4.0,5.0,7.0,16.0,0.0,2.0,0.0,0.0,
F1,24/09/16,00:00,Dijon,Rennes,3.0,0.0,H,2.0,0.0,H,15.0,19.0,5.0,4.0,7.0,3.0,7.0,12.0,1.0,1.0,0.0,0.0,
F1,24/09/16,00:00,Lorient,Lyon,1.0,0.0,H,0.0,0.0,D,11.0,18.0,2.0,8.0,3.0,8.0,13.0,8.0,2.0,1.0,0.0,0.0,
F1,24/09/16,00:00,Monaco,Angers,2.0,1.0,H,0.0,0.0,D,13.0,11.0,4.0,4.0,12.0,7.0,10.0,9.0,1.0,1.0,0.0,0.0,
F1,24/09/16,00:00,Montpellier,Metz,0.0,1.0,A,0.0,1.0,A,16.0,4.0,2.0,3.0,7.0,5.0,14.0,20.0,2.0,3.0,0.0,0.0,
F1,25/09/16,00:00,Marseille,Nantes,2.0,1.0,H,1.0,1.0,D,14.0,13.0,5.0,4.0,5.0,5.0,13.0,17.0,1.0,3.0,0.0,0.0,
F1,25/09/16,00:00,Nancy,Nice,0.0,1.0,A,0.0,0.0,D,15.0,13.0,0.0,4.0,6.0,2.0,17.0,16.0,3.0,1.0,0.0,0.0,
F1,25/09/16,00:00,St Etienne,Lille,3.0,1.0,H,0.0,0.0,D,9.0,12.0,3.0,3.0,4.0,5.0,17.0,15.0,3.0,1.0,0.0,1.0,
F1,30/09/16,00:00,Rennes,Guingamp,1.0,0.0,H,0.0,0.0,D,13.0,6.0,3.0,1.0,6.0,2.0,10.0,12.0,2.0,1.0,0.0,1.0,
F1,01/10/16,00:00,Caen,Toulouse,1.0,0.0,H,0.0,0.0,D,12.0,9.0,3.0,1.0,4.0,2.0,11.0,17.0,1.0,6.0,0.0,0.0,
F1,01/10/16,00:00,Dijon,Montpellier,3.0,3.0,D,1.0,2.0,A,8.0,15.0,6.0,6.0,5.0,4.0,12.0,12.0,2.0,2.0,0.0,0.0,
F1,01/10/16,00:00,Lille,Nancy,1.0,0.0,H,0.0,0.0,D,14.0,5.0,4.0,3.0,8.0,4.0,14.0,12.0,2.0,3.0,0.0,0.0,
F1,01/10/16,00:00,Metz,Monaco,0.0,7.0,A,0.0,3.0,A,14.0,14.0,2.0,9.0,7.0,4.0,14.0,12.0,2.0,1.0,1.0,0.0,
F1,01/10/16,00:00,Nantes,Bastia,1.0,0.0,H,1.0,0.0,H,20.0,12.0,8.0,6.0,3.0,2.0,19.0,9.0,4.0,3.0,0.0,0.0,
F1,01/10/16,00:00,Paris SG,Bordeaux,2.0,0.0,H,2.0,0.0,H,14.0,6.0,7.0,2.0,11.0,2.0,8.0,9.0,1.0,1.0,0.0,0.0,
F1,02/10/16,00:00,Angers,Marseille,1.0,1.0,D,0.0,0.0,D,17.0,9.0,5.0,2.0,3.0,7.0,6.0,12.0,1.0,0.0,0.0,0.0,
F1,02/10/16,00:00,Lyon,St Etienne,2.0,0.0,H,1.0,0.0,H,14.0,11.0,7.0,3.0,7.0,7.0,18.0,15.0,3.0,1.0,0.0,0.0,
F1,02/10/16,00:00,Nice,Lorient,2.0,1.0,H,1.0,0.0,H,8.0,17.0,2.0,4.0,3.0,5.0,9.0,14.0,2.0,3.0,1.0,0.0,
F1,14/10/16,00:00,Nice,Lyon,2.0,0.0,H,1.0,0.0,H,16.0,4.0,6.0,3.0,1.0,4.0,13.0,22.0,3.0,3.0,0.0,1.0,
F1,14/10/16,00:00,Toulouse,Monaco,3.0,1.0,H,0.0,1.0,A,17.0,4.0,6.0,1.0,6.0,1.0,14.0,17.0,2.0,1.0,0.0,0.0,
F1,15/10/16,00:00,Bastia,Angers,1.0,2.0,A,1.0,1.0,D,12.0,7.0,3.0,3.0,6.0,4.0,8.0,11.0,2.0,0.0,0.0,0.0,
F1,15/10/16,00:00,Guingamp,Lille,1.0,0.0,H,1.0,0.0,H,13.0,12.0,4.0,3.0,7.0,0.0,13.0,21.0,1.0,0.0,0.0,0.0,
F1,15/10/16,00:00,Lorient,Nantes,1.0,2.0,A,0.0,1.0,A,15.0,5.0,5.0,3.0,6.0,1.0,12.0,9.0,4.0,4.0,0.0,0.0,
F1,15/10/16,00:00,Montpellier,Caen,3.0,2.0,H,1.0,1.0,D,11.0,12.0,7.0,5.0,5.0,2.0,13.0,6.0,0.0,0.0,1.0,0.0,
F1,15/10/16,00:00,Nancy,Paris SG,1.0,2.0,A,0.0,2.0,A,6.0,7.0,3.0,3.0,4.0,1.0,16.0,10.0,1.0,1.0,0.0,0.0,
F1,16/10/16,00:00,Marseille,Metz,1.0,0.0,H,1.0,0.0,H,16.0,11.0,6.0,1.0,2.0,6.0,14.0,10.0,1.0,2.0,0.0,0.0,
F1,16/10/16,00:00,Rennes,Bordeaux,1.0,1.0,D,1.0,0.0,H,15.0,7.0,4.0,1.0,8.0,3.0,15.0,11.0,1.0,2.0,0.0,0.0,
F1,16/10/16,00:00,St Etienne,Dijon,1.0,1.0,D,0.0,1.0,A,17.0,11.0,3.0,3.0,10.0,4.0,11.0,8.0,1.0,3.0,0.0,1.0,
F1,21/10/16,00:00,Monaco,Montpellier,6.0,2.0,H,1.0,1.0,D,14.0,9.0,9.0,3.0,6.0,2.0,14.0,10.0,2.0,0.0,0.0,0.0,
F1,22/10/16,00:00,Angers,Toulouse,0.0,0.0,D,0.0,0.0,D,11.0,6.0,3.0,2.0,4.0,2.0,14.0,12.0,2.0,4.0,0.0,0.0,
F1,22/10/16,00:00,Bordeaux,Nancy,1.0,1.0,D,0.0,0.0,D,12.0,11.0,2.0,3.0,5.0,4.0,12.0,16.0,1.0,3.0,0.0,0.0,
F1,22/10/16,00:00,Dijon,Lorient,1.0,0.0,H,0.0,0.0,D,13.0,15.0,3.0,5.0,5.0,5.0,7.0,14.0,1.0,2.0,0.0,0.0,
F1,22/10/16,00:00,Lille,Bastia,2.0,1.0,H,0.0,0.0,D,17.0,5.0,8.0,1.0,8.0,4.0,17.0,20.0,3.0,1.0,0.0,0.0,
F1,22/10/16,00:00,Lyon,Guingamp,1.0,3.0,A,1.0,0.0,H,18.0,6.0,6.0,5.0,9.0,5.0,13.0,20.0,1.0,3.0,0.0,0.0,
F1,22/10/16,00:00,Nantes,Rennes,1.0,2.0,A,1.0,0.0,H,9.0,7.0,4.0,3.0,3.0,0.0,12.0,8.0,1.0,3.0,0.0,0.0,
F1,23/10/16,00:00,Caen,St Etienne,0.0,2.0,A,0.0,0.0,D,9.0,13.0,1.0,6.0,4.0,5.0,7.0,13.0,1.0,1.0,0.0,0.0,
F1,23/10/16,00:00,Metz,Nice,2.0,4.0,A,1.0,2.0,A,9.0,17.0,5.0,8.0,4.0,3.0,17.0,1.0,4.0,0.0,0.0,0.0,
F1,23/10/16,00:00,Paris SG,Marseille,0.0,0.0,D,0.0,0.0,D,17.0,0.0,3.0,0.0,9.0,0.0,4.0,10.0,0.0,2.0,0.0,0.0,
F1,28/10/16,00:00,Lille,Paris SG,0.0,1.0,A,0.0,0.0,D,10.0,17.0,1.0,7.0,2.0,4.0,21.0,17.0,2.0,1.0,0.0,0.0,
F1,29/10/16,00:00,Bastia,Dijon,0.0,0.0,D,0.0,0.0,D,19.0,8.0,11.0,2.0,13.0,5.0,11.0,25.0,1.0,1.0,0.0,0.0,
F1,29/10/16,00:00,Guingamp,Angers,1.0,0.0,H,0.0,0.0,D,13.0,15.0,5.0,3.0,7.0,5.0,9.0,12.0,1.0,3.0,0.0,0.0,
F1,29/10/16,00:00,Lorient,Montpellier,2.0,2.0,D,2.0,1.0,H,17.0,8.0,3.0,4.0,5.0,5.0,13.0,9.0,2.0,1.0,0.0,0.0,
F1,29/10/16,00:00,Nancy,Caen,2.0,0.0,H,2.0,0.0,H,11.0,14.0,3.0,5.0,4.0,3.0,17.0,10.0,3.0,3.0,0.0,0.0,
F1,29/10/16,00:00,St Etienne,Monaco,1.0,1.0,D,1.0,1.0,D,8.0,13.0,2.0,6.0,4.0,9.0,11.0,15.0,0.0,4.0,0.0,0.0,
F1,29/10/16,00:00,Toulouse,Lyon,1.0,2.0,A,1.0,1.0,D,12.0,7.0,1.0,3.0,3.0,2.0,16.0,16.0,2.0,2.0,0.0,1.0,
F1,30/10/16,00:00,Marseille,Bordeaux,0.0,0.0,D,0.0,0.0,D,10.0,5.0,3.0,1.0,3.0,0.0,13.0,8.0,1.0,1.0,0.0,0.0,
F1,30/10/16,00:00,Nice,Nantes,4.0,1.0,H,2.0,0.0,H,12.0,16.0,7.0,4.0,2.0,4.0,12.0,19.0,1.0,3.0,0.0,0.0,
F1,30/10/16,00:00,Rennes,Metz,1.0,0.0,H,0.0,0.0,D,10.0,8.0,4.0,2.0,3.0,4.0,9.0,17.0,0.0,3.0,0.0,0.0,
F1,04/11/16,00:00,Montpellier,Marseille,3.0,1.0,H,2.0,0.0,H,13.0,10.0,4.0,2.0,1.0,5.0,10.0,9.0,1.0,1.0,0.0,0.0,
F1,05/11/16,00:00,Angers,Lille,1.0,0.0,H,0.0,0.0,D,9.0,6.0,1.0,1.0,2.0,3.0,14.0,12.0,0.0,0.0,0.0,0.0,
F1,05/11/16,00:00,Bordeaux,Lorient,2.0,1.0,H,1.0,0.0,H,12.0,9.0,6.0,1.0,4.0,7.0,2.0,10.0,3.0,2.0,0.0,1.0,
F1,05/11/16,00:00,Dijon,Guingamp,3.0,3.0,D,3.0,1.0,H,13.0,14.0,7.0,6.0,6.0,3.0,12.0,17.0,0.0,1.0,0.0,0.0,
F1,05/11/16,00:00,Lyon,Bastia,2.0,1.0,H,1.0,0.0,H,23.0,10.0,7.0,4.0,9.0,3.0,7.0,14.0,1.0,2.0,0.0,2.0,
F1,05/11/16,00:00,Monaco,Nancy,6.0,0.0,H,2.0,0.0,H,16.0,8.0,8.0,1.0,4.0,6.0,10.0,18.0,0.0,1.0,0.0,0.0,
F1,05/11/16,00:00,Nantes,Toulouse,1.0,1.0,D,0.0,1.0,A,13.0,4.0,2.0,4.0,6.0,2.0,17.0,8.0,4.0,2.0,0.0,0.0,
F1,06/11/16,00:00,Caen,Nice,1.0,0.0,H,1.0,0.0,H,12.0,4.0,7.0,1.0,4.0,4.0,11.0,18.0,2.0,3.0,0.0,0.0,
F1,06/11/16,00:00,Metz,St Etienne,0.0,0.0,D,0.0,0.0,D,14.0,8.0,2.0,2.0,2.0,1.0,17.0,15.0,2.0,0.0,0.0,1.0,
F1,06/11/16,00:00,Paris SG,Rennes,4.0,0.0,H,2.0,0.0,H,18.0,4.0,6.0,1.0,9.0,2.0,7.0,10.0,1.0,2.0,0.0,0.0,
F1,18/11/16,00:00,Lille,Lyon,0.0,1.0,A,0.0,1.0,A,14.0,17.0,3.0,3.0,5.0,5.0,15.0,15.0,2.0,3.0,1.0,0.0,
F1,18/11/16,00:00,Lorient,Monaco,0.0,3.0,A,0.0,0.0,D,15.0,11.0,3.0,6.0,2.0,4.0,15.0,12.0,0.0,1.0,0.0,0.0,
F1,19/11/16,00:00,Bastia,Montpellier,1.0,1.0,D,1.0,0.0,H,16.0,11.0,3.0,4.0,5.0,6.0,15.0,14.0,2.0,0.0,0.0,0.0,
F1,19/11/16,00:00,Nancy,Dijon,1.0,0.0,H,0.0,0.0,D,13.0,12.0,4.0,5.0,7.0,8.0,17.0,22.0,1.0,3.0,0.0,0.0,
F1,19/11/16,00:00,Paris SG,Nantes,2.0,0.0,H,1.0,0.0,H,10.0,12.0,5.0,1.0,4.0,5.0,9.0,9.0,0.0,1.0,0.0,0.0,
F1,19/11/16,00:00,Rennes,Angers,1.0,1.0,D,1.0,0.0,H,11.0,7.0,2.0,4.0,6.0,2.0,10.0,13.0,2.0,2.0,0.0,2.0,
F1,19/11/16,00:00,Toulouse,Metz,1.0,2.0,A,0.0,1.0,A,15.0,4.0,4.0,2.0,3.0,0.0,13.0,14.0,0.0,1.0,0.0,0.0,
F1,20/11/16,00:00,Guingamp,Bordeaux,1.0,1.0,D,0.0,1.0,A,15.0,8.0,4.0,3.0,7.0,2.0,13.0,16.0,2.0,1.0,0.0,0.0,
F1,20/11/16,00:00,Marseille,Caen,1.0,0.0,H,0.0,0.0,D,14.0,3.0,1.0,0.0,8.0,2.0,18.0,16.0,2.0,1.0,0.0,0.0,
F1,20/11/16,00:00,St Etienne,Nice,0.0,1.0,A,0.0,0.0,D,8.0,15.0,1.0,5.0,1.0,4.0,12.0,9.0,2.0,1.0,0.0,0.0,
F1,25/11/16,00:00,Rennes,Toulouse,1.0,0.0,H,1.0,0.0,H,11.0,12.0,3.0,3.0,4.0,4.0,14.0,19.0,2.0,2.0,0.0,1.0,
F1,26/11/16,00:00,Bordeaux,Dijon,3.0,2.0,H,0.0,1.0,A,14.0,9.0,6.0,6.0,6.0,4.0,14.0,14.0,0.0,2.0,0.0,0.0,
F1,26/11/16,00:00,Caen,Guingamp,1.0,1.0,D,0.0,0.0,D,18.0,11.0,4.0,4.0,5.0,2.0,11.0,18.0,0.0,2.0,0.0,0.0,
F1,26/11/16,00:00,Metz,Lorient,3.0,3.0,D,1.0,1.0,D,11.0,10.0,6.0,6.0,6.0,3.0,10.0,18.0,2.0,2.0,0.0,0.0,
F1,26/11/16,00:00,Monaco,Marseille,4.0,0.0,H,3.0,0.0,H,15.0,9.0,9.0,3.0,3.0,4.0,5.0,9.0,1.0,2.0,0.0,0.0,
F1,26/11/16,00:00,Montpellier,Nancy,0.0,0.0,D,0.0,0.0,D,12.0,5.0,4.0,2.0,5.0,0.0,5.0,16.0,2.0,3.0,1.0,0.0,
F1,26/11/16,00:00,Nantes,Lille,0.0,0.0,D,0.0,0.0,D,8.0,9.0,1.0,3.0,4.0,3.0,22.0,11.0,1.0,2.0,0.0,0.0,
F1,27/11/16,00:00,Angers,St Etienne,1.0,2.0,A,1.0,0.0,H,14.0,8.0,6.0,5.0,6.0,5.0,21.0,11.0,3.0,3.0,0.0,1.0,
F1,27/11/16,00:00,Lyon,Paris SG,1.0,2.0,A,0.0,1.0,A,14.0,11.0,3.0,5.0,6.0,8.0,8.0,17.0,1.0,6.0,0.0,0.0,
F1,27/11/16,00:00,Nice,Bastia,1.0,1.0,D,1.0,0.0,H,12.0,11.0,7.0,2.0,5.0,4.0,10.0,16.0,0.0,3.0,0.0,0.0,
F1,29/11/16,00:00,Dijon,Monaco,1.0,1.0,D,0.0,1.0,A,12.0,9.0,2.0,4.0,6.0,4.0,7.0,12.0,2.0,0.0,0.0,0.0,
F1,29/11/16,00:00,Lille,Caen,4.0,2.0,H,2.0,1.0,H,19.0,13.0,8.0,2.0,3.0,2.0,8.0,12.0,0.0,1.0,0.0,0.0,
F1,29/11/16,00:00,Lorient,Rennes,2.0,1.0,H,1.0,1.0,D,10.0,15.0,3.0,8.0,2.0,3.0,15.0,11.0,1.0,1.0,0.0,0.0,
F1,30/11/16,00:00,Bastia,Bordeaux,1.0,1.0,D,0.0,0.0,D,13.0,8.0,6.0,3.0,6.0,4.0,7.0,14.0,2.0,4.0,1.0,0.0,
F1,30/11/16,00:00,Guingamp,Nice,0.0,1.0,A,0.0,1.0,A,11.0,12.0,5.0,4.0,9.0,3.0,18.0,16.0,2.0,1.0,0.0,0.0,
F1,30/11/16,00:00,Nancy,Metz,4.0,0.0,H,1.0,0.0,H,17.0,8.0,7.0,4.0,6.0,3.0,16.0,14.0,5.0,2.0,0.0,1.0,
F1,30/11/16,00:00,Nantes,Lyon,0.0,6.0,A,0.0,3.0,A,12.0,20.0,1.0,9.0,5.0,10.0,11.0,11.0,1.0,1.0,0.0,0.0,
F1,30/11/16,00:00,Paris SG,Angers,2.0,0.0,H,1.0,0.0,H,15.0,14.0,4.0,3.0,10.0,4.0,12.0,8.0,2.0,1.0,0.0,0.0,
F1,30/11/16,00:00,St Etienne,Marseille,0.0,0.0,D,0.0,0.0,D,7.0,13.0,3.0,7.0,2.0,2.0,5.0,12.0,0.0,1.0,0.0,0.0,
F1,30/11/16,00:00,Toulouse,Montpellier,1.0,0.0,H,1.0,0.0,H,5.0,12.0,3.0,2.0,1.0,6.0,14.0,12.0,2.0,3.0,0.0,0.0,
F1,02/12/16,00:00,Caen,Dijon,3.0,3.0,D,3.0,1.0,H,16.0,13.0,9.0,4.0,6.0,1.0,15.0,16.0,4.0,2.0,0.0,1.0,
F1,03/12/16,00:00,Angers,Lorient,2.0,2.0,D,1.0,1.0,D,19.0,13.0,5.0,5.0,6.0,11.0,5.0,9.0,0.0,1.0,0.0,0.0,
F1,03/12/16,00:00,Bordeaux,Lille,0.0,1.0,A,0.0,1.0,A,8.0,16.0,1.0,9.0,5.0,5.0,15.0,17.0,2.0,4.0,0.0,0.0,
F1,03/12/16,00:00,Guingamp,Nantes,2.0,0.0,H,1.0,0.0,H,15.0,8.0,6.0,2.0,9.0,1.0,11.0,18.0,0.0,2.0,0.0,1.0,
F1,03/12/16,00:00,Monaco,Bastia,5.0,0.0,H,1.0,0.0,H,12.0,7.0,7.0,0.0,6.0,5.0,16.0,11.0,3.0,3.0,0.0,0.0,
F1,03/12/16,00:00,Montpellier,Paris SG,3.0,0.0,H,1.0,0.0,H,6.0,10.0,3.0,3.0,3.0,2.0,8.0,15.0,0.0,2.0,0.0,0.0,
F1,04/12/16,00:00,Marseille,Nancy,3.0,0.0,H,0.0,0.0,D,19.0,7.0,9.0,2.0,6.0,1.0,14.0,8.0,1.0,1.0,0.0,1.0,
F1,04/12/16,00:00,Nice,Toulouse,3.0,0.0,H,2.0,0.0,H,11.0,12.0,6.0,0.0,2.0,2.0,6.0,15.0,0.0,2.0,0.0,0.0,
F1,04/12/16,00:00,Rennes,St Etienne,2.0,0.0,H,0.0,0.0,D,14.0,4.0,5.0,0.0,7.0,4.0,18.0,6.0,3.0,2.0,0.0,0.0,
F1,10/12/16,00:00,Bastia,Metz,2.0,0.0,H,1.0,0.0,H,16.0,8.0,6.0,1.0,5.0,5.0,13.0,19.0,2.0,2.0,0.0,0.0,
F1,10/12/16,00:00,Bordeaux,Monaco,0.0,4.0,A,0.0,2.0,A,9.0,16.0,2.0,6.0,9.0,9.0,11.0,15.0,3.0,1.0,1.0,0.0,
F1,10/12/16,00:00,Dijon,Marseille,1.0,2.0,A,0.0,1.0,A,14.0,12.0,5.0,7.0,7.0,4.0,12.0,18.0,1.0,2.0,0.0,0.0,
F1,10/12/16,00:00,Lille,Montpellier,2.0,1.0,H,2.0,0.0,H,12.0,17.0,4.0,6.0,1.0,3.0,17.0,13.0,1.0,1.0,0.0,0.0,
F1,10/12/16,00:00,Nancy,Angers,2.0,0.0,H,1.0,0.0,H,12.0,10.0,6.0,2.0,2.0,12.0,7.0,8.0,1.0,1.0,0.0,0.0,
F1,10/12/16,00:00,Toulouse,Lorient,3.0,2.0,H,2.0,1.0,H,10.0,17.0,5.0,8.0,3.0,8.0,8.0,5.0,2.0,0.0,0.0,0.0,
F1,11/12/16,00:00,Lyon,Rennes,1.0,0.0,H,1.0,0.0,H,5.0,13.0,4.0,5.0,4.0,6.0,16.0,15.0,3.0,0.0,0.0,1.0,
F1,11/12/16,00:00,Paris SG,Nice,2.0,2.0,D,0.0,2.0,A,22.0,5.0,10.0,3.0,9.0,0.0,17.0,10.0,2.0,3.0,0.0,0.0,
F1,11/12/16,00:00,St Etienne,Guingamp,1.0,0.0,H,1.0,0.0,H,7.0,18.0,2.0,8.0,4.0,4.0,13.0,14.0,0.0,2.0,0.0,0.0,
F1,16/12/16,00:00,Angers,Nantes,0.0,2.0,A,0.0,1.0,A,15.0,11.0,2.0,4.0,6.0,1.0,12.0,9.0,1.0,3.0,0.0,0.0,
F1,17/12/16,00:00,Guingamp,Paris SG,2.0,1.0,H,0.0,0.0,D,11.0,15.0,2.0,7.0,4.0,7.0,18.0,16.0,0.0,0.0,0.0,0.0,
F1,17/12/16,00:00,Lorient,St Etienne,2.0,1.0,H,1.0,0.0,H,21.0,9.0,9.0,3.0,6.0,3.0,12.0,13.0,4.0,2.0,0.0,1.0,
F1,17/12/16,00:00,Montpellier,Bordeaux,4.0,0.0,H,2.0,0.0,H,22.0,12.0,8.0,3.0,5.0,1.0,11.0,12.0,2.0,2.0,0.0,1.0,
F1,17/12/16,00:00,Rennes,Bastia,1.0,2.0,A,0.0,0.0,D,12.0,14.0,4.0,4.0,6.0,6.0,15.0,11.0,1.0,0.0,0.0,0.0,
F1,17/12/16,00:00,Toulouse,Nancy,1.0,1.0,D,0.0,1.0,A,5.0,10.0,2.0,3.0,3.0,3.0,17.0,12.0,1.0,3.0,0.0,0.0,
F1,18/12/16,00:00,Caen,Metz,3.0,0.0,H,1.0,0.0,H,17.0,16.0,8.0,3.0,4.0,6.0,8.0,13.0,2.0,3.0,0.0,1.0,
F1,18/12/16,00:00,Marseille,Lille,2.0,0.0,H,0.0,0.0,D,13.0,13.0,5.0,4.0,6.0,2.0,13.0,15.0,0.0,0.0,0.0,0.0,
F1,18/12/16,00:00,Monaco,Lyon,1.0,3.0,A,0.0,1.0,A,13.0,17.0,4.0,10.0,6.0,9.0,20.0,20.0,4.0,2.0,1.0,0.0,
F1,18/12/16,00:00,Nice,Dijon,2.0,1.0,H,1.0,1.0,D,8.0,11.0,3.0,4.0,3.0,3.0,13.0,21.0,1.0,3.0,0.0,1.0,
F1,21/12/16,00:00,Bastia,Marseille,1.0,2.0,A,0.0,1.0,A,17.0,7.0,4.0,3.0,6.0,4.0,7.0,13.0,1.0,3.0,0.0,0.0,
F1,21/12/16,00:00,Bordeaux,Nice,0.0,0.0,D,0.0,0.0,D,15.0,15.0,3.0,4.0,8.0,0.0,16.0,8.0,2.0,2.0,0.0,2.0,
F1,21/12/16,00:00,Dijon,Toulouse,2.0,0.0,H,0.0,0.0,D,11.0,6.0,6.0,3.0,3.0,5.0,12.0,19.0,2.0,4.0,0.0,0.0,
F1,21/12/16,00:00,Lille,Rennes,1.0,1.0,D,0.0,1.0,A,18.0,10.0,6.0,4.0,2.0,1.0,11.0,20.0,1.0,1.0,0.0,0.0,
F1,21/12/16,00:00,Lyon,Angers,2.0,0.0,H,1.0,0.0,H,14.0,11.0,3.0,3.0,7.0,3.0,12.0,15.0,0.0,2.0,0.0,0.0,
F1,21/12/16,00:00,Metz,Guingamp,2.0,2.0,D,1.0,0.0,H,9.0,9.0,4.0,4.0,5.0,2.0,16.0,11.0,2.0,1.0,0.0,0.0,
F1,21/12/16,00:00,Monaco,Caen,2.0,1.0,H,0.0,0.0,D,21.0,16.0,6.0,5.0,5.0,2.0,15.0,12.0,3.0,0.0,0.0,1.0,
F1,21/12/16,00:00,Nantes,Montpellier,1.0,0.0,H,1.0,0.0,H,5.0,18.0,2.0,4.0,2.0,8.0,15.0,12.0,2.0,0.0,0.0,0.0,
F1,21/12/16,00:00,Paris SG,Lorient,5.0,0.0,H,2.0,0.0,H,19.0,4.0,7.0,1.0,13.0,3.0,8.0,10.0,0.0,1.0,0.0,0.0,
F1,21/12/16,00:00,St Etienne,Nancy,0.0,0.0,D,0.0,0.0,D,18.0,5.0,3.0,3.0,12.0,2.0,15.0,11.0,1.0,1.0,0.0,1.0,
F1,13/01/17,00:00,Lille,St Etienne,1.0,1.0,D,0.0,1.0,A,22.0,8.0,8.0,3.0,6.0,4.0,14.0,14.0,0.0,3.0,0.0,0.0,
F1,14/01/17,00:00,Angers,Bordeaux,1.0,1.0,D,1.0,1.0,D,7.0,9.0,3.0,0.0,2.0,3.0,15.0,16.0,4.0,3.0,0.0,0.0,
F1,14/01/17,00:00,Lorient,Guingamp,3.0,1.0,H,0.0,1.0,A,16.0,12.0,5.0,7.0,3.0,6.0,12.0,14.0,2.0,3.0,0.0,0.0,
F1,14/01/17,00:00,Montpellier,Dijon,1.0,1.0,D,0.0,1.0,A,24.0,6.0,3.0,2.0,14.0,5.0,8.0,12.0,0.0,0.0,0.0,0.0,
F1,14/01/17,00:00,Nancy,Bastia,1.0,0.0,H,0.0,0.0,D,15.0,11.0,4.0,2.0,6.0,5.0,10.0,13.0,2.0,0.0,0.0,1.0,
F1,14/01/17,00:00,Rennes,Paris SG,0.0,1.0,A,0.0,1.0,A,12.0,9.0,1.0,4.0,5.0,2.0,15.0,7.0,0.0,2.0,0.0,0.0,
F1,14/01/17,00:00,Toulouse,Nantes,0.0,1.0,A,0.0,1.0,A,15.0,8.0,4.0,1.0,7.0,3.0,11.0,17.0,1.0,3.0,0.0,0.0,
F1,15/01/17,00:00,Caen,Lyon,3.0,2.0,H,2.0,2.0,D,12.0,16.0,5.0,5.0,7.0,5.0,26.0,21.0,3.0,3.0,0.0,0.0,
F1,15/01/17,00:00,Marseille,Monaco,1.0,4.0,A,1.0,3.0,A,8.0,14.0,3.0,9.0,11.0,6.0,7.0,7.0,1.0,1.0,0.0,0.0,
F1,15/01/17,00:00,Nice,Metz,0.0,0.0,D,0.0,0.0,D,12.0,15.0,2.0,3.0,3.0,4.0,16.0,13.0,2.0,1.0,0.0,0.0,
F1,18/01/17,00:00,Nantes,Caen,1.0,0.0,H,0.0,0.0,D,16.0,9.0,6.0,3.0,5.0,4.0,12.0,9.0,2.0,2.0,0.0,0.0,
F1,20/01/17,00:00,Bastia,Nice,1.0,1.0,D,1.0,1.0,D,11.0,17.0,2.0,5.0,0.0,4.0,16.0,9.0,1.0,0.0,1.0,0.0,
F1,21/01/17,00:00,Bordeaux,Toulouse,1.0,0.0,H,1.0,0.0,H,22.0,8.0,10.0,6.0,6.0,4.0,18.0,16.0,2.0,1.0,0.0,1.0,
F1,21/01/17,00:00,Dijon,Lille,0.0,0.0,D,0.0,0.0,D,19.0,11.0,4.0,3.0,10.0,7.0,17.0,19.0,2.0,2.0,0.0,0.0,
F1,21/01/17,00:00,Guingamp,Rennes,1.0,1.0,D,1.0,0.0,H,15.0,7.0,4.0,3.0,4.0,1.0,11.0,16.0,2.0,2.0,0.0,1.0,
F1,21/01/17,00:00,Metz,Montpellier,2.0,0.0,H,2.0,0.0,H,6.0,15.0,4.0,4.0,4.0,8.0,18.0,10.0,1.0,2.0,0.0,0.0,
F1,21/01/17,00:00,Nantes,Paris SG,0.0,2.0,A,0.0,1.0,A,7.0,15.0,0.0,5.0,6.0,5.0,15.0,11.0,2.0,1.0,0.0,0.0,
F1,22/01/17,00:00,Lyon,Marseille,3.0,1.0,H,1.0,0.0,H,19.0,11.0,8.0,4.0,6.0,8.0,14.0,18.0,1.0,2.0,0.0,0.0,
F1,22/01/17,00:00,Monaco,Lorient,4.0,0.0,H,3.0,0.0,H,16.0,6.0,7.0,3.0,3.0,6.0,7.0,12.0,1.0,1.0,0.0,0.0,
F1,22/01/17,00:00,St Etienne,Angers,2.0,1.0,H,0.0,1.0,A,12.0,16.0,4.0,5.0,6.0,3.0,8.0,8.0,2.0,3.0,0.0,0.0,
F1,27/01/17,00:00,Marseille,Montpellier,5.0,1.0,H,3.0,0.0,H,17.0,19.0,9.0,9.0,7.0,5.0,12.0,7.0,1.0,1.0,0.0,1.0,
F1,28/01/17,00:00,Angers,Metz,2.0,1.0,H,2.0,1.0,H,19.0,3.0,10.0,0.0,10.0,1.0,9.0,8.0,0.0,0.0,0.0,2.0,
F1,28/01/17,00:00,Bastia,Caen,1.0,1.0,D,1.0,1.0,D,11.0,18.0,3.0,5.0,4.0,9.0,11.0,14.0,2.0,2.0,0.0,0.0,
F1,28/01/17,00:00,Lorient,Dijon,2.0,3.0,A,0.0,1.0,A,15.0,5.0,6.0,4.0,2.0,2.0,13.0,11.0,4.0,3.0,0.0,0.0,
F1,28/01/17,00:00,Lyon,Lille,1.0,2.0,A,0.0,1.0,A,13.0,9.0,6.0,4.0,4.0,1.0,18.0,15.0,1.0,3.0,0.0,0.0,
F1,28/01/17,00:00,Nancy,Bordeaux,0.0,2.0,A,0.0,0.0,D,11.0,9.0,1.0,3.0,6.0,8.0,11.0,9.0,0.0,2.0,0.0,0.0,
F1,28/01/17,00:00,Rennes,Nantes,1.0,1.0,D,0.0,1.0,A,7.0,10.0,1.0,3.0,3.0,2.0,10.0,15.0,3.0,1.0,0.0,0.0,
F1,29/01/17,00:00,Nice,Guingamp,3.0,1.0,H,2.0,0.0,H,9.0,13.0,4.0,4.0,3.0,7.0,14.0,21.0,3.0,3.0,0.0,0.0,
F1,29/01/17,00:00,Paris SG,Monaco,1.0,1.0,D,0.0,0.0,D,11.0,14.0,4.0,7.0,4.0,13.0,13.0,11.0,0.0,1.0,0.0,0.0,
F1,29/01/17,00:00,Toulouse,St Etienne,0.0,3.0,A,0.0,1.0,A,13.0,20.0,3.0,6.0,3.0,3.0,17.0,21.0,2.0,4.0,1.0,0.0,
F1,03/02/17,00:00,Metz,Marseille,1.0,0.0,H,0.0,0.0,D,9.0,11.0,3.0,2.0,0.0,7.0,12.0,15.0,1.0,3.0,0.0,0.0,
F1,04/02/17,00:00,Bordeaux,Rennes,1.0,1.0,D,0.0,0.0,D,9.0,17.0,2.0,5.0,1.0,7.0,11.0,8.0,1.0,1.0,0.0,0.0,
F1,04/02/17,00:00,Dijon,Paris SG,1.0,3.0,A,1.0,1.0,D,7.0,21.0,1.0,8.0,2.0,9.0,12.0,5.0,1.0,2.0,0.0,0.0,
F1,04/02/17,00:00,Guingamp,Caen,0.0,1.0,A,0.0,0.0,D,13.0,10.0,4.0,2.0,9.0,1.0,11.0,13.0,1.0,2.0,0.0,0.0,
F1,04/02/17,00:00,Lille,Lorient,0.0,1.0,A,0.0,0.0,D,15.0,12.0,3.0,5.0,5.0,3.0,16.0,17.0,1.0,1.0,0.0,0.0,
F1,04/02/17,00:00,Monaco,Nice,3.0,0.0,H,0.0,0.0,D,14.0,11.0,7.0,1.0,4.0,4.0,21.0,11.0,1.0,1.0,0.0,0.0,
F1,04/02/17,00:00,Montpellier,Bastia,2.0,1.0,H,1.0,1.0,D,13.0,15.0,5.0,2.0,2.0,4.0,10.0,17.0,3.0,1.0,0.0,1.0,
F1,05/02/17,00:00,Nantes,Nancy,0.0,2.0,A,0.0,0.0,D,14.0,8.0,3.0,3.0,9.0,5.0,14.0,12.0,2.0,1.0,1.0,1.0,
F1,05/02/17,00:00,St Etienne,Lyon,2.0,0.0,H,2.0,0.0,H,13.0,12.0,6.0,4.0,8.0,3.0,17.0,19.0,2.0,2.0,1.0,2.0,
F1,05/02/17,00:00,Toulouse,Angers,4.0,0.0,H,0.0,0.0,D,15.0,12.0,8.0,3.0,4.0,5.0,16.0,12.0,2.0,4.0,0.0,0.0,
F1,07/02/17,00:00,Caen,Bordeaux,0.0,4.0,A,0.0,2.0,A,4.0,13.0,1.0,4.0,3.0,2.0,18.0,8.0,1.0,1.0,0.0,0.0,
F1,07/02/17,00:00,Montpellier,Monaco,1.0,2.0,A,0.0,2.0,A,11.0,11.0,2.0,5.0,6.0,3.0,15.0,13.0,1.0,1.0,0.0,1.0,
F1,07/02/17,00:00,Paris SG,Lille,2.0,1.0,H,0.0,0.0,D,20.0,4.0,7.0,3.0,9.0,1.0,9.0,11.0,1.0,3.0,0.0,0.0,
F1,08/02/17,00:00,Angers,Rennes,0.0,0.0,D,0.0,0.0,D,12.0,9.0,2.0,3.0,6.0,9.0,20.0,12.0,2.0,1.0,0.0,1.0,
F1,08/02/17,00:00,Lorient,Toulouse,1.0,1.0,D,0.0,1.0,A,10.0,12.0,5.0,4.0,9.0,4.0,7.0,9.0,2.0,2.0,0.0,0.0,
F1,08/02/17,00:00,Lyon,Nancy,4.0,0.0,H,2.0,0.0,H,18.0,7.0,6.0,2.0,8.0,3.0,15.0,6.0,1.0,1.0,0.0,0.0,
F1,08/02/17,00:00,Marseille,Guingamp,2.0,0.0,H,1.0,0.0,H,20.0,6.0,5.0,1.0,4.0,4.0,18.0,6.0,2.0,1.0,0.0,0.0,
F1,08/02/17,00:00,Metz,Dijon,2.0,1.0,H,0.0,0.0,D,13.0,12.0,3.0,5.0,3.0,1.0,14.0,11.0,1.0,2.0,0.0,1.0,
F1,08/02/17,00:00,Nice,St Etienne,1.0,0.0,H,1.0,0.0,H,14.0,10.0,5.0,2.0,2.0,6.0,7.0,16.0,1.0,3.0,0.0,0.0,
F1,10/02/17,00:00,Bordeaux,Paris SG,0.0,3.0,A,0.0,2.0,A,14.0,8.0,4.0,5.0,3.0,2.0,8.0,7.0,0.0,1.0,0.0,0.0,
F1,11/02/17,00:00,Dijon,Caen,2.0,0.0,H,1.0,0.0,H,8.0,11.0,3.0,5.0,2.0,5.0,17.0,13.0,1.0,0.0,0.0,0.0,
F1,11/02/17,00:00,Guingamp,Lyon,2.0,1.0,H,2.0,1.0,H,7.0,14.0,2.0,5.0,1.0,11.0,19.0,13.0,2.0,2.0,0.0,0.0,
F1,11/02/17,00:00,Lille,Angers,1.0,2.0,A,1.0,1.0,D,16.0,14.0,3.0,5.0,4.0,3.0,14.0,14.0,1.0,2.0,1.0,0.0,
F1,11/02/17,00:00,Monaco,Metz,5.0,0.0,H,3.0,0.0,H,26.0,5.0,13.0,1.0,8.0,3.0,7.0,11.0,1.0,3.0,0.0,0.0,
F1,11/02/17,00:00,Nancy,Montpellier,0.0,3.0,A,0.0,2.0,A,14.0,10.0,3.0,5.0,5.0,2.0,11.0,13.0,3.0,2.0,0.0,0.0,
F1,11/02/17,00:00,Toulouse,Bastia,4.0,1.0,H,2.0,0.0,H,18.0,12.0,7.0,4.0,7.0,3.0,13.0,12.0,3.0,1.0,0.0,2.0,
F1,12/02/17,00:00,Nantes,Marseille,3.0,2.0,H,2.0,0.0,H,15.0,11.0,7.0,3.0,8.0,7.0,14.0,9.0,1.0,1.0,0.0,0.0,
F1,12/02/17,00:00,Rennes,Nice,2.0,2.0,D,2.0,0.0,H,14.0,6.0,6.0,3.0,6.0,0.0,14.0,14.0,1.0,2.0,0.0,0.0,
F1,12/02/17,00:00,St Etienne,Lorient,4.0,0.0,H,2.0,0.0,H,11.0,5.0,5.0,2.0,4.0,2.0,13.0,10.0,0.0,0.0,0.0,0.0,
F1,17/02/17,00:00,Bastia,Monaco,1.0,1.0,D,1.0,0.0,H,9.0,16.0,3.0,4.0,3.0,8.0,14.0,10.0,2.0,0.0,0.0,0.0,
F1,18/02/17,00:00,Angers,Nancy,1.0,0.0,H,1.0,0.0,H,14.0,8.0,5.0,1.0,7.0,3.0,9.0,8.0,0.0,1.0,0.0,0.0,
F1,18/02/17,00:00,Caen,Lille,0.0,1.0,A,0.0,0.0,D,15.0,7.0,3.0,3.0,3.0,3.0,12.0,8.0,1.0,1.0,0.0,1.0,
F1,18/02/17,00:00,Lorient,Nice,0.0,1.0,A,0.0,1.0,A,16.0,5.0,5.0,4.0,5.0,1.0,14.0,15.0,3.0,2.0,0.0,1.0,
F1,18/02/17,00:00,Marseille,Rennes,2.0,0.0,H,0.0,0.0,D,11.0,8.0,5.0,1.0,3.0,5.0,11.0,1.0,1.0,0.0,0.0,0.0,
F1,18/02/17,00:00,Metz,Nantes,1.0,1.0,D,0.0,0.0,D,10.0,9.0,1.0,4.0,4.0,8.0,9.0,20.0,1.0,4.0,0.0,0.0,
F1,19/02/17,00:00,Bordeaux,Guingamp,3.0,0.0,H,2.0,0.0,H,21.0,14.0,7.0,4.0,5.0,6.0,14.0,17.0,2.0,2.0,0.0,1.0,
F1,19/02/17,00:00,Lyon,Dijon,4.0,2.0,H,1.0,1.0,D,33.0,8.0,13.0,3.0,9.0,2.0,10.0,14.0,1.0,4.0,0.0,0.0,
F1,19/02/17,00:00,Montpellier,St Etienne,2.0,1.0,H,0.0,1.0,A,17.0,7.0,4.0,4.0,4.0,5.0,6.0,13.0,1.0,0.0,0.0,1.0,
F1,19/02/17,00:00,Paris SG,Toulouse,0.0,0.0,D,0.0,0.0,D,14.0,3.0,3.0,1.0,7.0,2.0,11.0,16.0,1.0,3.0,0.0,0.0,
F1,21/02/17,00:00,Caen,Nancy,1.0,0.0,H,1.0,0.0,H,15.0,6.0,6.0,2.0,5.0,6.0,16.0,13.0,3.0,2.0,0.0,1.0,
F1,24/02/17,00:00,Nantes,Dijon,3.0,1.0,H,1.0,1.0,D,20.0,9.0,6.0,3.0,3.0,1.0,19.0,13.0,3.0,2.0,0.0,1.0,
F1,24/02/17,00:00,Nice,Montpellier,2.0,1.0,H,0.0,1.0,A,12.0,11.0,4.0,1.0,1.0,3.0,10.0,10.0,2.0,0.0,0.0,0.0,
F1,25/02/17,00:00,Angers,Bastia,3.0,0.0,H,1.0,0.0,H,24.0,12.0,15.0,3.0,5.0,7.0,12.0,6.0,2.0,0.0,0.0,1.0,
F1,25/02/17,00:00,Guingamp,Monaco,1.0,2.0,A,0.0,1.0,A,5.0,14.0,2.0,5.0,4.0,4.0,16.0,14.0,3.0,2.0,0.0,0.0,
F1,25/02/17,00:00,Lille,Bordeaux,2.0,3.0,A,0.0,1.0,A,7.0,14.0,2.0,9.0,3.0,3.0,14.0,12.0,4.0,2.0,2.0,0.0,
F1,25/02/17,00:00,Nancy,Toulouse,0.0,0.0,D,0.0,0.0,D,9.0,10.0,2.0,4.0,5.0,6.0,12.0,20.0,2.0,3.0,0.0,0.0,
F1,25/02/17,00:00,Rennes,Lorient,1.0,0.0,H,1.0,0.0,H,14.0,6.0,9.0,2.0,2.0,3.0,10.0,19.0,0.0,3.0,0.0,0.0,
F1,26/02/17,00:00,Lyon,Metz,5.0,0.0,H,1.0,0.0,H,27.0,9.0,7.0,2.0,10.0,1.0,10.0,7.0,1.0,3.0,0.0,0.0,
F1,26/02/17,00:00,Marseille,Paris SG,1.0,5.0,A,0.0,2.0,A,9.0,17.0,0.0,11.0,4.0,7.0,9.0,6.0,1.0,1.0,0.0,0.0,
F1,26/02/17,00:00,St Etienne,Caen,0.0,1.0,A,0.0,1.0,A,11.0,10.0,1.0,3.0,5.0,2.0,10.0,12.0,0.0,2.0,0.0,0.0,
F1,01/03/17,00:00,Bastia,Nantes,2.0,2.0,D,0.0,0.0,D,6.0,13.0,2.0,3.0,3.0,7.0,7.0,9.0,3.0,1.0,1.0,0.0,
F1,03/03/17,00:00,Bordeaux,Lyon,1.0,1.0,D,1.0,0.0,H,16.0,13.0,4.0,2.0,5.0,4.0,21.0,17.0,5.0,4.0,0.0,0.0,
F1,04/03/17,00:00,Bastia,St Etienne,0.0,0.0,D,0.0,0.0,D,5.0,11.0,1.0,2.0,4.0,4.0,8.0,15.0,1.0,1.0,1.0,1.0,
F1,04/03/17,00:00,Caen,Angers,2.0,3.0,A,1.0,2.0,A,16.0,9.0,3.0,4.0,4.0,3.0,11.0,9.0,1.0,2.0,0.0,0.0,
F1,04/03/17,00:00,Dijon,Nice,0.0,1.0,A,0.0,0.0,D,13.0,11.0,2.0,5.0,6.0,4.0,13.0,7.0,2.0,1.0,0.0,0.0,
F1,04/03/17,00:00,Metz,Rennes,1.0,1.0,D,1.0,0.0,H,10.0,17.0,4.0,8.0,3.0,4.0,11.0,17.0,3.0,3.0,0.0,0.0,
F1,04/03/17,00:00,Montpellier,Guingamp,1.0,1.0,D,0.0,0.0,D,11.0,6.0,2.0,3.0,9.0,7.0,9.0,9.0,1.0,0.0,0.0,0.0,
F1,04/03/17,00:00,Paris SG,Nancy,1.0,0.0,H,0.0,0.0,D,23.0,10.0,7.0,3.0,13.0,2.0,13.0,18.0,2.0,3.0,0.0,0.0,
F1,05/03/17,00:00,Lorient,Marseille,1.0,4.0,A,0.0,2.0,A,11.0,15.0,4.0,7.0,5.0,8.0,12.0,13.0,2.0,1.0,0.0,0.0,
F1,05/03/17,00:00,Monaco,Nantes,4.0,0.0,H,3.0,0.0,H,13.0,10.0,7.0,3.0,5.0,7.0,10.0,16.0,2.0,2.0,0.0,0.0,
F1,05/03/17,00:00,Toulouse,Lille,1.0,1.0,D,1.0,0.0,H,10.0,14.0,5.0,5.0,3.0,3.0,16.0,21.0,2.0,2.0,0.0,0.0,
F1,10/03/17,00:00,Marseille,Angers,3.0,0.0,H,2.0,0.0,H,11.0,14.0,4.0,7.0,2.0,4.0,11.0,10.0,1.0,0.0,0.0,0.0,
F1,10/03/17,00:00,Nice,Caen,2.0,2.0,D,0.0,1.0,A,14.0,6.0,4.0,2.0,6.0,0.0,13.0,12.0,2.0,1.0,0.0,0.0,
F1,11/03/17,00:00,Guingamp,Bastia,5.0,0.0,H,0.0,0.0,D,21.0,2.0,8.0,1.0,5.0,8.0,10.0,13.0,0.0,2.0,0.0,1.0,
F1,11/03/17,00:00,Monaco,Bordeaux,2.0,1.0,H,0.0,0.0,D,11.0,9.0,6.0,2.0,10.0,3.0,9.0,11.0,1.0,3.0,0.0,0.0,
F1,11/03/17,00:00,Montpellier,Nantes,2.0,3.0,A,1.0,1.0,D,14.0,14.0,8.0,7.0,3.0,5.0,6.0,17.0,0.0,3.0,0.0,0.0,
F1,11/03/17,00:00,Nancy,Lille,1.0,2.0,A,1.0,0.0,H,16.0,10.0,3.0,6.0,5.0,4.0,11.0,13.0,4.0,2.0,0.0,0.0,
F1,11/03/17,00:00,Rennes,Dijon,1.0,1.0,D,0.0,1.0,A,14.0,11.0,4.0,8.0,1.0,4.0,10.0,11.0,2.0,1.0,0.0,0.0,
F1,12/03/17,00:00,Lorient,Paris SG,1.0,2.0,A,0.0,1.0,A,6.0,12.0,2.0,6.0,3.0,9.0,9.0,7.0,2.0,1.0,0.0,0.0,
F1,12/03/17,00:00,Lyon,Toulouse,4.0,0.0,H,1.0,0.0,H,12.0,10.0,7.0,4.0,4.0,3.0,10.0,12.0,1.0,2.0,0.0,0.0,
F1,12/03/17,00:00,St Etienne,Metz,2.0,2.0,D,0.0,1.0,A,14.0,12.0,7.0,6.0,4.0,3.0,14.0,20.0,0.0,1.0,0.0,0.0,
F1,17/03/17,00:00,Lille,Marseille,0.0,0.0,D,0.0,0.0,D,9.0,7.0,2.0,4.0,7.0,8.0,18.0,7.0,1.0,4.0,0.0,0.0,
F1,17/03/17,00:00,Metz,Bastia,1.0,0.0,H,0.0,0.0,D,9.0,6.0,2.0,0.0,4.0,4.0,12.0,12.0,2.0,2.0,0.0,0.0,
F1,18/03/17,00:00,Angers,Guingamp,3.0,0.0,H,0.0,0.0,D,15.0,10.0,5.0,1.0,8.0,3.0,11.0,6.0,2.0,1.0,0.0,0.0,
F1,18/03/17,00:00,Bordeaux,Montpellier,5.0,1.0,H,3.0,0.0,H,13.0,13.0,7.0,4.0,5.0,8.0,7.0,9.0,0.0,0.0,0.0,1.0,
F1,18/03/17,00:00,Nancy,Lorient,2.0,3.0,A,2.0,0.0,H,14.0,7.0,7.0,5.0,8.0,3.0,16.0,7.0,1.0,2.0,0.0,0.0,
F1,18/03/17,00:00,Nantes,Nice,1.0,1.0,D,1.0,1.0,D,18.0,5.0,5.0,2.0,5.0,4.0,7.0,12.0,3.0,1.0,0.0,0.0,
F1,18/03/17,00:00,Toulouse,Rennes,0.0,0.0,D,0.0,0.0,D,6.0,17.0,0.0,3.0,5.0,9.0,14.0,14.0,1.0,2.0,1.0,0.0,
F1,19/03/17,00:00,Caen,Monaco,0.0,3.0,A,0.0,1.0,A,5.0,16.0,1.0,7.0,2.0,7.0,8.0,14.0,1.0,0.0,0.0,0.0,
F1,19/03/17,00:00,Dijon,St Etienne,0.0,1.0,A,0.0,0.0,D,17.0,16.0,0.0,4.0,3.0,6.0,13.0,9.0,2.0,1.0,0.0,0.0,
F1,19/03/17,00:00,Paris SG,Lyon,2.0,1.0,H,2.0,1.0,H,12.0,11.0,4.0,2.0,8.0,10.0,11.0,8.0,2.0,1.0,0.0,0.0,
F1,31/03/17,00:00,Guingamp,Nancy,1.0,0.0,H,0.0,0.0,D,17.0,4.0,3.0,1.0,12.0,1.0,14.0,9.0,1.0,2.0,0.0,1.0,
F1,01/04/17,00:00,Bastia,Lille,0.0,1.0,A,0.0,0.0,D,14.0,9.0,2.0,3.0,5.0,0.0,9.0,15.0,1.0,1.0,0.0,0.0,
F1,01/04/17,00:00,Marseille,Dijon,1.0,1.0,D,0.0,1.0,A,19.0,8.0,5.0,5.0,4.0,3.0,9.0,17.0,2.0,4.0,0.0,0.0,
F1,02/04/17,00:00,Lorient,Caen,1.0,0.0,H,1.0,0.0,H,13.0,16.0,2.0,3.0,8.0,3.0,8.0,9.0,1.0,1.0,1.0,1.0,
F1,02/04/17,00:00,Montpellier,Toulouse,0.0,1.0,A,0.0,1.0,A,18.0,9.0,2.0,4.0,5.0,8.0,9.0,9.0,2.0,2.0,0.0,0.0,
F1,02/04/17,00:00,Nantes,Angers,2.0,1.0,H,0.0,0.0,D,13.0,18.0,3.0,3.0,4.0,3.0,9.0,9.0,1.0,1.0,0.0,1.0,
F1,02/04/17,00:00,Nice,Bordeaux,2.0,1.0,H,2.0,1.0,H,10.0,18.0,4.0,4.0,3.0,6.0,15.0,14.0,2.0,1.0,0.0,0.0,
F1,02/04/17,00:00,Rennes,Lyon,1.0,1.0,D,0.0,0.0,D,7.0,20.0,2.0,6.0,4.0,8.0,8.0,17.0,1.0,1.0,1.0,0.0,
F1,05/04/17,00:00,Metz,Lyon,0.0,3.0,A,0.0,0.0,D,15.0,18.0,3.0,6.0,7.0,6.0,11.0,15.0,3.0,1.0,0.0,0.0,
F1,07/04/17,00:00,Lille,Nice,1.0,2.0,A,1.0,2.0,A,11.0,12.0,3.0,7.0,5.0,3.0,22.0,13.0,1.0,1.0,0.0,0.0,
F1,08/04/17,00:00,Angers,Monaco,0.0,1.0,A,0.0,0.0,D,16.0,11.0,4.0,6.0,4.0,6.0,13.0,15.0,2.0,1.0,0.0,0.0,
F1,08/04/17,00:00,Bordeaux,Metz,3.0,0.0,H,1.0,0.0,H,17.0,9.0,6.0,5.0,4.0,2.0,8.0,14.0,2.0,2.0,0.0,1.0,
F1,08/04/17,00:00,Caen,Montpellier,0.0,2.0,A,0.0,0.0,D,14.0,15.0,4.0,6.0,2.0,5.0,15.0,12.0,4.0,3.0,0.0,0.0,
F1,08/04/17,00:00,Dijon,Bastia,1.0,2.0,A,1.0,1.0,D,14.0,13.0,6.0,7.0,8.0,2.0,14.0,11.0,2.0,0.0,0.0,0.0,
F1,08/04/17,00:00,Lyon,Lorient,1.0,4.0,A,1.0,1.0,D,16.0,14.0,5.0,6.0,5.0,4.0,13.0,10.0,3.0,1.0,0.0,0.0,
F1,08/04/17,00:00,Nancy,Rennes,3.0,0.0,H,1.0,0.0,H,14.0,9.0,5.0,5.0,4.0,4.0,12.0,18.0,2.0,1.0,0.0,0.0,
F1,09/04/17,00:00,Paris SG,Guingamp,4.0,0.0,H,0.0,0.0,D,17.0,12.0,7.0,4.0,7.0,4.0,12.0,12.0,1.0,2.0,0.0,0.0,
F1,09/04/17,00:00,St Etienne,Nantes,1.0,1.0,D,0.0,1.0,A,11.0,10.0,4.0,3.0,8.0,2.0,12.0,11.0,3.0,2.0,0.0,0.0,
F1,09/04/17,00:00,Toulouse,Marseille,0.0,0.0,D,0.0,0.0,D,11.0,15.0,4.0,3.0,7.0,7.0,16.0,12.0,2.0,2.0,0.0,0.0,
F1,14/04/17,00:00,Angers,Paris SG,0.0,2.0,A,0.0,1.0,A,17.0,10.0,4.0,2.0,5.0,1.0,13.0,12.0,2.0,1.0,0.0,0.0,
F1,15/04/17,00:00,Guingamp,Toulouse,2.0,1.0,H,0.0,0.0,D,20.0,9.0,8.0,2.0,11.0,2.0,11.0,19.0,3.0,2.0,0.0,0.0,
F1,15/04/17,00:00,Metz,Caen,2.0,2.0,D,0.0,0.0,D,8.0,13.0,2.0,3.0,1.0,2.0,12.0,7.0,1.0,1.0,0.0,0.0,
F1,15/04/17,00:00,Monaco,Dijon,2.0,1.0,H,0.0,1.0,A,20.0,8.0,7.0,4.0,15.0,4.0,11.0,14.0,1.0,3.0,0.0,0.0,
F1,15/04/17,00:00,Montpellier,Lorient,2.0,0.0,H,2.0,0.0,H,10.0,11.0,5.0,3.0,3.0,8.0,5.0,7.0,1.0,2.0,0.0,0.0,
F1,15/04/17,00:00,Nice,Nancy,3.0,1.0,H,1.0,1.0,D,14.0,8.0,4.0,3.0,1.0,7.0,8.0,16.0,1.0,2.0,0.0,0.0,
F1,15/04/17,00:00,Rennes,Lille,2.0,0.0,H,2.0,0.0,H,10.0,22.0,3.0,5.0,1.0,10.0,11.0,10.0,1.0,2.0,0.0,0.0,
F1,16/04/17,00:00,Marseille,St Etienne,4.0,0.0,H,2.0,0.0,H,12.0,7.0,7.0,3.0,3.0,3.0,14.0,16.0,1.0,2.0,0.0,0.0,
F1,16/04/17,00:00,Nantes,Bordeaux,0.0,1.0,A,0.0,0.0,D,10.0,12.0,0.0,5.0,6.0,3.0,15.0,13.0,1.0,3.0,0.0,0.0,
F1,18/04/17,00:00,Metz,Paris SG,2.0,3.0,A,0.0,2.0,A,6.0,18.0,2.0,6.0,1.0,8.0,13.0,11.0,1.0,1.0,0.0,0.0,
F1,21/04/17,00:00,Nancy,Marseille,0.0,0.0,D,0.0,0.0,D,9.0,18.0,2.0,3.0,3.0,7.0,9.0,10.0,0.0,2.0,0.0,0.0,
F1,22/04/17,00:00,Bordeaux,Bastia,2.0,0.0,H,0.0,0.0,D,14.0,13.0,6.0,1.0,5.0,7.0,12.0,16.0,2.0,2.0,0.0,1.0,
F1,22/04/17,00:00,Caen,Nantes,0.0,2.0,A,0.0,2.0,A,13.0,16.0,2.0,8.0,8.0,2.0,11.0,10.0,1.0,1.0,0.0,0.0,
F1,22/04/17,00:00,Dijon,Angers,3.0,2.0,H,3.0,0.0,H,15.0,9.0,6.0,5.0,4.0,5.0,11.0,13.0,2.0,2.0,0.0,0.0,
F1,22/04/17,00:00,Lille,Guingamp,3.0,0.0,H,2.0,0.0,H,25.0,10.0,9.0,7.0,4.0,8.0,14.0,11.0,0.0,2.0,0.0,0.0,
F1,22/04/17,00:00,Lorient,Metz,5.0,1.0,H,1.0,1.0,D,19.0,7.0,9.0,3.0,8.0,4.0,12.0,10.0,1.0,1.0,0.0,0.0,
F1,22/04/17,00:00,Paris SG,Montpellier,2.0,0.0,H,1.0,0.0,H,19.0,15.0,9.0,4.0,6.0,6.0,10.0,5.0,1.0,0.0,0.0,0.0,
F1,23/04/17,00:00,Lyon,Monaco,1.0,2.0,A,0.0,2.0,A,8.0,14.0,3.0,6.0,7.0,6.0,14.0,12.0,2.0,1.0,0.0,0.0,
F1,23/04/17,00:00,St Etienne,Rennes,1.0,1.0,D,1.0,1.0,D,7.0,7.0,2.0,2.0,6.0,4.0,11.0,14.0,1.0,3.0,0.0,0.0,
F1,23/04/17,00:00,Toulouse,Nice,1.0,1.0,D,0.0,0.0,D,4.0,14.0,3.0,3.0,6.0,5.0,20.0,11.0,3.0,5.0,0.0,0.0,
F1,28/04/17,00:00,Angers,Lyon,1.0,2.0,A,0.0,2.0,A,23.0,8.0,7.0,3.0,8.0,8.0,14.0,11.0,2.0,3.0,1.0,0.0,
F1,29/04/17,00:00,Bastia,Rennes,1.0,0.0,H,0.0,0.0,D,4.0,12.0,3.0,4.0,2.0,7.0,12.0,17.0,1.0,1.0,0.0,0.0,
F1,29/04/17,00:00,Guingamp,St Etienne,0.0,2.0,A,0.0,0.0,D,12.0,11.0,4.0,8.0,2.0,3.0,10.0,11.0,0.0,0.0,0.0,0.0,
F1,29/04/17,00:00,Metz,Nancy,2.0,1.0,H,1.0,1.0,D,12.0,8.0,7.0,4.0,8.0,5.0,17.0,17.0,2.0,3.0,0.0,0.0,
F1,29/04/17,00:00,Monaco,Toulouse,3.0,1.0,H,0.0,0.0,D,28.0,7.0,11.0,3.0,11.0,2.0,8.0,15.0,1.0,4.0,0.0,0.0,
F1,29/04/17,00:00,Montpellier,Lille,0.0,3.0,A,0.0,1.0,A,18.0,11.0,7.0,5.0,8.0,3.0,7.0,14.0,1.0,2.0,0.0,0.0,
F1,29/04/17,00:00,Nantes,Lorient,1.0,0.0,H,0.0,0.0,D,15.0,4.0,7.0,0.0,5.0,6.0,10.0,10.0,0.0,2.0,0.0,0.0,
F1,30/04/17,00:00,Caen,Marseille,1.0,5.0,A,1.0,3.0,A,14.0,13.0,5.0,8.0,11.0,2.0,4.0,11.0,2.0,4.0,0.0,0.0,
F1,30/04/17,00:00,Dijon,Bordeaux,0.0,0.0,D,0.0,0.0,D,16.0,13.0,6.0,1.0,5.0,7.0,11.0,13.0,0.0,1.0,0.0,0.0,
F1,30/04/17,00:00,Nice,Paris SG,3.0,1.0,H,1.0,0.0,H,6.0,16.0,3.0,5.0,2.0,8.0,11.0,15.0,2.0,3.0,0.0,2.0,
F1,05/05/17,00:00,St Etienne,Bordeaux,2.0,2.0,D,1.0,1.0,D,15.0,11.0,5.0,5.0,7.0,7.0,14.0,11.0,1.0,2.0,0.0,1.0,
F1,06/05/17,00:00,Guingamp,Dijon,4.0,0.0,H,1.0,0.0,H,14.0,20.0,8.0,5.0,9.0,15.0,13.0,12.0,0.0,0.0,0.0,0.0,
F1,06/05/17,00:00,Lille,Metz,0.0,2.0,A,0.0,1.0,A,12.0,7.0,0.0,3.0,11.0,2.0,14.0,9.0,1.0,0.0,0.0,0.0,
F1,06/05/17,00:00,Lorient,Angers,1.0,1.0,D,0.0,0.0,D,6.0,9.0,3.0,4.0,2.0,7.0,11.0,8.0,1.0,0.0,0.0,0.0,
F1,06/05/17,00:00,Nancy,Monaco,0.0,3.0,A,0.0,2.0,A,6.0,18.0,2.0,8.0,5.0,5.0,8.0,7.0,1.0,1.0,0.0,0.0,
F1,06/05/17,00:00,Paris SG,Bastia,5.0,0.0,H,2.0,0.0,H,27.0,6.0,12.0,0.0,11.0,4.0,11.0,3.0,1.0,2.0,0.0,0.0,
F1,06/05/17,00:00,Toulouse,Caen,0.0,1.0,A,0.0,0.0,D,9.0,11.0,5.0,4.0,5.0,5.0,10.0,9.0,3.0,2.0,0.0,0.0,
F1,07/05/17,00:00,Lyon,Nantes,3.0,2.0,H,0.0,1.0,A,16.0,5.0,7.0,2.0,9.0,5.0,10.0,20.0,0.0,1.0,0.0,0.0,
F1,07/05/17,00:00,Marseille,Nice,2.0,1.0,H,1.0,0.0,H,18.0,17.0,7.0,5.0,4.0,5.0,15.0,8.0,5.0,1.0,0.0,0.0,
F1,07/05/17,00:00,Rennes,Montpellier,1.0,0.0,H,0.0,0.0,D,10.0,6.0,4.0,1.0,2.0,6.0,13.0,9.0,3.0,2.0,0.0,0.0,
F1,14/05/17,00:00,Bastia,Lorient,2.0,0.0,H,0.0,0.0,D,11.0,9.0,6.0,1.0,5.0,9.0,14.0,11.0,3.0,2.0,0.0,0.0,
F1,14/05/17,00:00,Bordeaux,Marseille,1.0,1.0,D,1.0,0.0,H,11.0,14.0,5.0,3.0,3.0,4.0,18.0,14.0,1.0,2.0,0.0,0.0,
F1,14/05/17,00:00,Caen,Rennes,0.0,1.0,A,0.0,0.0,D,10.0,10.0,2.0,7.0,11.0,1.0,7.0,9.0,2.0,1.0,0.0,0.0,
F1,14/05/17,00:00,Dijon,Nancy,2.0,0.0,H,0.0,0.0,D,20.0,9.0,5.0,2.0,4.0,6.0,17.0,17.0,2.0,2.0,0.0,0.0,
F1,14/05/17,00:00,Metz,Toulouse,1.0,1.0,D,0.0,1.0,A,14.0,17.0,6.0,6.0,6.0,3.0,16.0,13.0,0.0,0.0,0.0,0.0,
F1,14/05/17,00:00,Monaco,Lille,4.0,0.0,H,2.0,0.0,H,11.0,14.0,3.0,4.0,6.0,7.0,17.0,10.0,1.0,2.0,0.0,0.0,
F1,14/05/17,00:00,Montpellier,Lyon,1.0,3.0,A,1.0,2.0,A,15.0,14.0,4.0,6.0,4.0,1.0,16.0,10.0,3.0,1.0,0.0,0.0,
F1,14/05/17,00:00,Nantes,Guingamp,4.0,1.0,H,1.0,0.0,H,14.0,8.0,5.0,2.0,9.0,6.0,6.0,10.0,2.0,4.0,0.0,0.0,
F1,14/05/17,00:00,Nice,Angers,0.0,2.0,A,0.0,1.0,A,12.0,14.0,5.0,6.0,7.0,4.0,11.0,6.0,1.0,1.0,0.0,0.0,
F1,14/05/17,00:00,St Etienne,Paris SG,0.0,5.0,A,0.0,2.0,A,9.0,21.0,2.0,11.0,5.0,8.0,9.0,5.0,1.0,1.0,0.0,0.0,
F1,17/05/17,00:00,Monaco,St Etienne,2.0,0.0,H,1.0,0.0,H,14.0,5.0,5.0,3.0,10.0,4.0,6.0,9.0,1.0,1.0,0.0,0.0,
F1,20/05/17,00:00,Angers,Montpellier,2.0,0.0,H,0.0,0.0,D,18.0,12.0,5.0,5.0,6.0,4.0,6.0,10.0,0.0,2.0,0.0,0.0,
F1,20/05/17,00:00,Guingamp,Metz,1.0,0.0,H,1.0,0.0,H,21.0,8.0,6.0,0.0,7.0,3.0,14.0,15.0,0.0,2.0,0.0,0.0,
F1,20/05/17,00:00,Lille,Nantes,3.0,0.0,H,1.0,0.0,H,17.0,9.0,6.0,2.0,2.0,10.0,5.0,13.0,0.0,2.0,0.0,1.0,
F1,20/05/17,00:00,Lorient,Bordeaux,1.0,1.0,D,0.0,1.0,A,9.0,10.0,4.0,4.0,7.0,3.0,12.0,12.0,2.0,2.0,0.0,0.0,
F1,20/05/17,00:00,Lyon,Nice,3.0,3.0,D,1.0,1.0,D,15.0,14.0,4.0,7.0,8.0,2.0,14.0,11.0,0.0,1.0,0.0,0.0,
F1,20/05/17,00:00,Marseille,Bastia,1.0,0.0,H,0.0,0.0,D,12.0,4.0,3.0,0.0,6.0,1.0,17.0,20.0,3.0,2.0,0.0,0.0,
F1,20/05/17,00:00,Nancy,St Etienne,3.0,1.0,H,1.0,0.0,H,14.0,8.0,5.0,2.0,7.0,5.0,14.0,10.0,2.0,0.0,0.0,0.0,
F1,20/05/17,00:00,Paris SG,Caen,1.0,1.0,D,1.0,0.0,H,18.0,16.0,5.0,6.0,8.0,5.0,11.0,8.0,0.0,1.0,0.0,0.0,
F1,20/05/17,00:00,Rennes,Monaco,2.0,3.0,A,0.0,1.0,A,18.0,23.0,5.0,12.0,3.0,5.0,9.0,12.0,0.0,0.0,0.0,0.0,
F1,20/05/17,00:00,Toulouse,Dijon,0.0,0.0,D,0.0,0.0,D,16.0,8.0,2.0,5.0,8.0,4.0,11.0,16.0,1.0,2.0,0.0,0.0,
F1,04/08/17,00:00,Monaco,Toulouse,3.0,2.0,H,1.0,1.0,D,17.0,6.0,7.0,3.0,8.0,2.0,12.0,23.0,1.0,3.0,0.0,0.0,
F1,05/08/17,00:00,Lyon,Strasbourg,4.0,0.0,H,1.0,0.0,H,12.0,7.0,7.0,1.0,3.0,4.0,11.0,16.0,2.0,3.0,0.0,0.0,
F1,05/08/17,00:00,Metz,Guingamp,1.0,3.0,A,1.0,1.0,D,6.0,13.0,4.0,5.0,3.0,3.0,9.0,13.0,1.0,2.0,0.0,0.0,
F1,05/08/17,00:00,Montpellier,Caen,1.0,0.0,H,0.0,0.0,D,10.0,8.0,2.0,1.0,9.0,3.0,9.0,11.0,2.0,1.0,0.0,0.0,
F1,05/08/17,00:00,Paris SG,Amiens,2.0,0.0,H,1.0,0.0,H,16.0,7.0,5.0,1.0,8.0,3.0,9.0,12.0,0.0,1.0,0.0,0.0,
F1,05/08/17,00:00,St Etienne,Nice,1.0,0.0,H,1.0,0.0,H,8.0,6.0,3.0,2.0,2.0,7.0,11.0,8.0,2.0,1.0,0.0,0.0,
F1,05/08/17,00:00,Troyes,Rennes,1.0,1.0,D,0.0,0.0,D,11.0,16.0,4.0,4.0,6.0,7.0,13.0,8.0,1.0,0.0,0.0,0.0,
F1,06/08/17,00:00,Angers,Bordeaux,2.0,2.0,D,1.0,1.0,D,9.0,7.0,5.0,4.0,0.0,5.0,16.0,15.0,3.0,2.0,0.0,0.0,
F1,06/08/17,00:00,Lille,Nantes,3.0,0.0,H,0.0,0.0,D,14.0,9.0,5.0,4.0,15.0,3.0,11.0,17.0,2.0,3.0,0.0,0.0,
F1,06/08/17,00:00,Marseille,Dijon,3.0,0.0,H,0.0,0.0,D,18.0,12.0,5.0,1.0,7.0,3.0,7.0,10.0,1.0,0.0,0.0,0.0,
F1,11/08/17,00:00,Nice,Troyes,1.0,2.0,A,0.0,0.0,D,20.0,10.0,6.0,4.0,10.0,4.0,11.0,8.0,2.0,3.0,0.0,0.0,
F1,11/08/17,00:00,Rennes,Lyon,1.0,2.0,A,0.0,0.0,D,17.0,17.0,5.0,8.0,14.0,2.0,9.0,16.0,1.0,3.0,0.0,0.0,
F1,12/08/17,00:00,Amiens,Angers,0.0,2.0,A,0.0,1.0,A,10.0,12.0,1.0,6.0,5.0,5.0,8.0,18.0,3.0,2.0,0.0,0.0,
F1,12/08/17,00:00,Bordeaux,Metz,2.0,0.0,H,1.0,0.0,H,12.0,6.0,5.0,1.0,5.0,1.0,17.0,10.0,1.0,2.0,0.0,0.0,
F1,12/08/17,00:00,Caen,St Etienne,0.0,1.0,A,0.0,0.0,D,10.0,6.0,4.0,4.0,8.0,2.0,12.0,15.0,1.0,1.0,0.0,0.0,
F1,12/08/17,00:00,Nantes,Marseille,0.0,1.0,A,0.0,0.0,D,14.0,13.0,3.0,10.0,6.0,9.0,13.0,12.0,1.0,3.0,0.0,0.0,
F1,12/08/17,00:00,Toulouse,Montpellier,1.0,0.0,H,1.0,0.0,H,8.0,14.0,4.0,1.0,5.0,3.0,25.0,12.0,4.0,3.0,0.0,0.0,
F1,13/08/17,00:00,Dijon,Monaco,1.0,4.0,A,1.0,3.0,A,15.0,16.0,3.0,6.0,6.0,10.0,10.0,12.0,0.0,2.0,0.0,0.0,
F1,13/08/17,00:00,Guingamp,Paris SG,0.0,3.0,A,0.0,0.0,D,4.0,21.0,0.0,8.0,4.0,6.0,9.0,13.0,2.0,2.0,0.0,0.0,
F1,13/08/17,00:00,Strasbourg,Lille,3.0,0.0,H,0.0,0.0,D,22.0,12.0,9.0,2.0,7.0,5.0,8.0,13.0,1.0,2.0,0.0,1.0,
F1,18/08/17,00:00,Metz,Monaco,0.0,1.0,A,0.0,0.0,D,9.0,22.0,5.0,5.0,6.0,6.0,17.0,16.0,2.0,1.0,0.0,0.0,
F1,19/08/17,00:00,Lyon,Bordeaux,3.0,3.0,D,2.0,1.0,H,8.0,16.0,5.0,6.0,0.0,8.0,20.0,16.0,2.0,2.0,1.0,0.0,
F1,19/08/17,00:00,Montpellier,Strasbourg,1.0,1.0,D,0.0,1.0,A,16.0,7.0,5.0,1.0,9.0,2.0,6.0,18.0,2.0,3.0,0.0,0.0,
F1,19/08/17,00:00,Nice,Guingamp,2.0,0.0,H,1.0,0.0,H,14.0,13.0,8.0,1.0,4.0,5.0,12.0,15.0,2.0,2.0,0.0,0.0,
F1,19/08/17,00:00,Rennes,Dijon,2.0,2.0,D,1.0,0.0,H,14.0,12.0,7.0,4.0,7.0,0.0,9.0,13.0,2.0,4.0,0.0,0.0,
F1,19/08/17,00:00,St Etienne,Amiens,3.0,0.0,H,2.0,0.0,H,13.0,16.0,5.0,1.0,3.0,11.0,11.0,12.0,2.0,2.0,0.0,0.0,
F1,19/08/17,00:00,Troyes,Nantes,0.0,1.0,A,0.0,0.0,D,8.0,11.0,1.0,4.0,2.0,10.0,7.0,8.0,1.0,0.0,0.0,1.0,
F1,20/08/17,00:00,Lille,Caen,0.0,2.0,A,0.0,1.0,A,15.0,11.0,4.0,3.0,5.0,3.0,9.0,12.0,2.0,2.0,0.0,0.0,
F1,20/08/17,00:00,Marseille,Angers,1.0,1.0,D,1.0,0.0,H,12.0,11.0,2.0,4.0,11.0,2.0,20.0,7.0,3.0,2.0,1.0,0.0,
F1,20/08/17,00:00,Paris SG,Toulouse,6.0,2.0,H,2.0,1.0,H,24.0,7.0,15.0,1.0,7.0,1.0,8.0,19.0,0.0,4.0,1.0,0.0,
F1,25/08/17,00:00,Paris SG,St Etienne,3.0,0.0,H,1.0,0.0,H,14.0,12.0,4.0,2.0,8.0,3.0,20.0,12.0,2.0,3.0,0.0,0.0,
F1,26/08/17,00:00,Amiens,Nice,3.0,0.0,H,2.0,0.0,H,12.0,12.0,4.0,3.0,3.0,4.0,14.0,7.0,3.0,3.0,0.0,0.0,
F1,26/08/17,00:00,Bordeaux,Troyes,2.0,1.0,H,1.0,0.0,H,12.0,5.0,8.0,2.0,4.0,4.0,9.0,17.0,0.0,1.0,0.0,0.0,
F1,26/08/17,00:00,Caen,Metz,1.0,0.0,H,0.0,0.0,D,16.0,9.0,4.0,2.0,9.0,3.0,11.0,16.0,2.0,2.0,0.0,0.0,
F1,26/08/17,00:00,Dijon,Montpellier,2.0,1.0,H,1.0,0.0,H,7.0,11.0,2.0,2.0,2.0,4.0,18.0,14.0,2.0,2.0,0.0,0.0,
F1,26/08/17,00:00,Nantes,Lyon,0.0,0.0,D,0.0,0.0,D,6.0,16.0,2.0,3.0,1.0,8.0,13.0,11.0,1.0,1.0,0.0,0.0,
F1,26/08/17,00:00,Toulouse,Rennes,3.0,2.0,H,1.0,1.0,D,11.0,14.0,7.0,3.0,3.0,4.0,19.0,22.0,4.0,3.0,0.0,1.0,
F1,27/08/17,00:00,Angers,Lille,1.0,1.0,D,0.0,0.0,D,11.0,13.0,2.0,3.0,7.0,1.0,10.0,10.0,2.0,5.0,0.0,0.0,
F1,27/08/17,00:00,Guingamp,Strasbourg,2.0,0.0,H,0.0,0.0,D,14.0,15.0,6.0,3.0,2.0,7.0,12.0,14.0,1.0,2.0,0.0,0.0,
F1,27/08/17,00:00,Monaco,Marseille,6.0,1.0,H,4.0,0.0,H,14.0,10.0,8.0,3.0,1.0,1.0,11.0,14.0,2.0,3.0,0.0,0.0,
F1,08/09/17,00:00,Lille,Bordeaux,0.0,0.0,D,0.0,0.0,D,8.0,17.0,2.0,1.0,5.0,3.0,11.0,13.0,2.0,4.0,1.0,0.0,
F1,08/09/17,00:00,Metz,Paris SG,1.0,5.0,A,1.0,1.0,D,8.0,23.0,1.0,12.0,6.0,7.0,10.0,8.0,0.0,1.0,1.0,0.0,
F1,09/09/17,00:00,Caen,Dijon,2.0,1.0,H,1.0,1.0,D,12.0,9.0,3.0,4.0,8.0,3.0,19.0,17.0,1.0,2.0,1.0,0.0,
F1,09/09/17,00:00,Montpellier,Nantes,0.0,1.0,A,0.0,0.0,D,11.0,12.0,3.0,4.0,8.0,3.0,7.0,12.0,1.0,2.0,1.0,0.0,
F1,09/09/17,00:00,Nice,Monaco,4.0,0.0,H,2.0,0.0,H,9.0,11.0,5.0,1.0,2.0,11.0,19.0,14.0,2.0,2.0,0.0,0.0,
F1,09/09/17,00:00,Strasbourg,Amiens,0.0,1.0,A,0.0,1.0,A,10.0,8.0,3.0,3.0,6.0,0.0,22.0,14.0,1.0,3.0,1.0,0.0,
F1,09/09/17,00:00,Troyes,Toulouse,0.0,0.0,D,0.0,0.0,D,11.0,7.0,3.0,0.0,4.0,1.0,12.0,13.0,2.0,3.0,0.0,0.0,
F1,10/09/17,00:00,Lyon,Guingamp,2.0,1.0,H,1.0,0.0,H,12.0,13.0,4.0,6.0,3.0,6.0,16.0,16.0,2.0,2.0,0.0,0.0,
F1,10/09/17,00:00,Marseille,Rennes,1.0,3.0,A,0.0,2.0,A,10.0,17.0,4.0,4.0,5.0,2.0,18.0,14.0,6.0,1.0,0.0,0.0,
F1,10/09/17,00:00,St Etienne,Angers,1.0,1.0,D,1.0,1.0,D,8.0,15.0,4.0,6.0,1.0,3.0,9.0,19.0,3.0,2.0,1.0,1.0,
F1,15/09/17,00:00,Toulouse,Bordeaux,0.0,1.0,A,0.0,0.0,D,16.0,14.0,5.0,4.0,3.0,9.0,17.0,10.0,3.0,1.0,0.0,0.0,
F1,16/09/17,00:00,Dijon,St Etienne,0.0,1.0,A,0.0,0.0,D,18.0,16.0,7.0,6.0,1.0,4.0,13.0,14.0,3.0,3.0,0.0,0.0,
F1,16/09/17,00:00,Guingamp,Lille,1.0,0.0,H,0.0,0.0,D,20.0,10.0,4.0,5.0,8.0,8.0,8.0,17.0,1.0,1.0,0.0,0.0,
F1,16/09/17,00:00,Monaco,Strasbourg,3.0,0.0,H,1.0,0.0,H,14.0,10.0,5.0,1.0,5.0,5.0,13.0,12.0,2.0,2.0,0.0,0.0,
F1,16/09/17,00:00,Nantes,Caen,1.0,0.0,H,0.0,0.0,D,8.0,8.0,4.0,1.0,4.0,3.0,12.0,12.0,0.0,2.0,0.0,0.0,
F1,16/09/17,00:00,Troyes,Montpellier,0.0,1.0,A,0.0,1.0,A,7.0,9.0,0.0,3.0,2.0,6.0,19.0,10.0,3.0,3.0,1.0,0.0,
F1,17/09/17,00:00,Amiens,Marseille,0.0,2.0,A,0.0,0.0,D,8.0,22.0,3.0,6.0,6.0,3.0,11.0,15.0,2.0,3.0,0.0,0.0,
F1,17/09/17,00:00,Angers,Metz,0.0,1.0,A,0.0,0.0,D,18.0,10.0,5.0,5.0,4.0,5.0,14.0,14.0,1.0,3.0,0.0,0.0,
F1,17/09/17,00:00,Paris SG,Lyon,2.0,0.0,H,0.0,0.0,D,14.0,12.0,5.0,5.0,9.0,4.0,11.0,13.0,3.0,2.0,0.0,0.0,
F1,17/09/17,00:00,Rennes,Nice,0.0,1.0,A,0.0,0.0,D,17.0,6.0,4.0,3.0,6.0,5.0,17.0,17.0,1.0,5.0,0.0,0.0,
F1,22/09/17,00:00,Lille,Monaco,0.0,4.0,A,0.0,2.0,A,11.0,12.0,2.0,7.0,1.0,1.0,18.0,14.0,1.0,2.0,0.0,0.0,
F1,22/09/17,00:00,Nice,Angers,2.0,2.0,D,1.0,2.0,A,17.0,15.0,3.0,6.0,8.0,1.0,13.0,18.0,4.0,2.0,0.0,0.0,
F1,23/09/17,00:00,Bordeaux,Guingamp,3.0,1.0,H,1.0,0.0,H,21.0,10.0,8.0,4.0,5.0,2.0,14.0,14.0,4.0,2.0,0.0,0.0,
F1,23/09/17,00:00,Caen,Amiens,1.0,0.0,H,0.0,0.0,D,17.0,2.0,4.0,0.0,7.0,3.0,14.0,19.0,1.0,2.0,0.0,0.0,
F1,23/09/17,00:00,Lyon,Dijon,3.0,3.0,D,1.0,1.0,D,20.0,11.0,6.0,6.0,8.0,1.0,17.0,19.0,1.0,5.0,0.0,0.0,
F1,23/09/17,00:00,Metz,Troyes,0.0,1.0,A,0.0,0.0,D,15.0,9.0,7.0,2.0,5.0,4.0,11.0,12.0,3.0,3.0,0.0,1.0,
F1,23/09/17,00:00,Montpellier,Paris SG,0.0,0.0,D,0.0,0.0,D,5.0,10.0,2.0,1.0,2.0,11.0,15.0,13.0,2.0,2.0,0.0,0.0,
F1,24/09/17,00:00,Marseille,Toulouse,2.0,0.0,H,1.0,0.0,H,22.0,8.0,6.0,1.0,12.0,5.0,11.0,10.0,2.0,0.0,0.0,0.0,
F1,24/09/17,00:00,St Etienne,Rennes,2.0,2.0,D,1.0,1.0,D,9.0,9.0,4.0,4.0,9.0,5.0,11.0,14.0,3.0,3.0,1.0,0.0,
F1,24/09/17,00:00,Strasbourg,Nantes,1.0,2.0,A,1.0,2.0,A,21.0,12.0,6.0,5.0,12.0,3.0,7.0,5.0,1.0,1.0,0.0,0.0,
F1,29/09/17,00:00,Monaco,Montpellier,1.0,1.0,D,1.0,0.0,H,8.0,15.0,1.0,3.0,3.0,4.0,19.0,12.0,3.0,1.0,0.0,0.0,
F1,30/09/17,00:00,Dijon,Strasbourg,1.0,1.0,D,0.0,0.0,D,13.0,7.0,6.0,1.0,7.0,4.0,10.0,17.0,0.0,2.0,1.0,0.0,
F1,30/09/17,00:00,Guingamp,Toulouse,1.0,1.0,D,1.0,1.0,D,6.0,11.0,4.0,2.0,6.0,4.0,17.0,18.0,1.0,2.0,0.0,0.0,
F1,30/09/17,00:00,Nantes,Metz,1.0,0.0,H,1.0,0.0,H,15.0,9.0,6.0,1.0,4.0,4.0,14.0,9.0,2.0,4.0,0.0,1.0,
F1,30/09/17,00:00,Paris SG,Bordeaux,6.0,2.0,H,5.0,1.0,H,11.0,17.0,9.0,6.0,1.0,5.0,10.0,18.0,1.0,2.0,0.0,0.0,
F1,30/09/17,00:00,Rennes,Caen,0.0,1.0,A,0.0,1.0,A,9.0,10.0,2.0,3.0,8.0,3.0,14.0,25.0,4.0,1.0,0.0,0.0,
F1,01/10/17,00:00,Angers,Lyon,3.0,3.0,D,1.0,3.0,A,15.0,13.0,4.0,6.0,9.0,4.0,12.0,14.0,2.0,3.0,0.0,1.0,
F1,01/10/17,00:00,Nice,Marseille,2.0,4.0,A,2.0,3.0,A,19.0,17.0,10.0,9.0,9.0,5.0,14.0,16.0,2.0,3.0,0.0,1.0,
F1,01/10/17,00:00,Troyes,St Etienne,2.0,1.0,H,1.0,0.0,H,11.0,14.0,7.0,4.0,5.0,8.0,7.0,17.0,3.0,1.0,1.0,1.0,
F1,13/10/17,00:00,Lyon,Monaco,3.0,2.0,H,2.0,2.0,D,22.0,14.0,7.0,7.0,7.0,5.0,9.0,15.0,4.0,1.0,0.0,0.0,
F1,14/10/17,00:00,Caen,Angers,0.0,2.0,A,0.0,0.0,D,22.0,12.0,5.0,4.0,4.0,4.0,12.0,18.0,1.0,4.0,0.0,0.0,
F1,14/10/17,00:00,Dijon,Paris SG,1.0,2.0,A,0.0,0.0,D,15.0,18.0,5.0,8.0,5.0,9.0,10.0,13.0,3.0,4.0,0.0,0.0,
F1,14/10/17,00:00,Guingamp,Rennes,2.0,0.0,H,0.0,0.0,D,16.0,11.0,9.0,0.0,6.0,5.0,19.0,15.0,3.0,6.0,0.0,1.0,
F1,14/10/17,00:00,Lille,Troyes,2.0,2.0,D,1.0,1.0,D,16.0,10.0,6.0,2.0,3.0,1.0,16.0,12.0,1.0,2.0,1.0,0.0,
F1,14/10/17,00:00,St Etienne,Metz,3.0,1.0,H,0.0,1.0,A,20.0,10.0,5.0,2.0,12.0,5.0,10.0,16.0,2.0,1.0,0.0,0.0,
F1,14/10/17,00:00,Toulouse,Amiens,1.0,0.0,H,1.0,0.0,H,16.0,7.0,6.0,2.0,3.0,0.0,14.0,21.0,1.0,5.0,0.0,1.0,
F1,15/10/17,00:00,Bordeaux,Nantes,1.0,1.0,D,0.0,1.0,A,18.0,14.0,3.0,4.0,6.0,2.0,13.0,15.0,3.0,2.0,0.0,0.0,
F1,15/10/17,00:00,Montpellier,Nice,2.0,0.0,H,0.0,0.0,D,14.0,15.0,4.0,8.0,4.0,7.0,14.0,15.0,3.0,1.0,0.0,0.0,
F1,15/10/17,00:00,Strasbourg,Marseille,3.0,3.0,D,1.0,1.0,D,19.0,20.0,9.0,7.0,4.0,4.0,14.0,9.0,3.0,3.0,0.0,0.0,
F1,20/10/17,00:00,St Etienne,Montpellier,0.0,1.0,A,0.0,1.0,A,21.0,15.0,4.0,4.0,6.0,2.0,25.0,17.0,2.0,3.0,0.0,0.0,
F1,21/10/17,00:00,Amiens,Bordeaux,1.0,0.0,H,0.0,0.0,D,13.0,14.0,4.0,4.0,4.0,3.0,12.0,13.0,3.0,1.0,0.0,0.0,
F1,21/10/17,00:00,Angers,Toulouse,0.0,1.0,A,0.0,1.0,A,14.0,3.0,4.0,1.0,4.0,2.0,11.0,16.0,2.0,4.0,0.0,0.0,
F1,21/10/17,00:00,Metz,Dijon,1.0,2.0,A,1.0,1.0,D,15.0,8.0,5.0,6.0,2.0,5.0,11.0,15.0,1.0,2.0,1.0,0.0,
F1,21/10/17,00:00,Monaco,Caen,2.0,0.0,H,1.0,0.0,H,15.0,8.0,6.0,1.0,7.0,7.0,12.0,17.0,3.0,2.0,0.0,0.0,
F1,21/10/17,00:00,Nantes,Guingamp,2.0,1.0,H,1.0,0.0,H,9.0,10.0,3.0,4.0,3.0,6.0,13.0,12.0,3.0,1.0,0.0,0.0,
F1,21/10/17,00:00,Rennes,Lille,1.0,0.0,H,1.0,0.0,H,9.0,7.0,6.0,1.0,2.0,6.0,13.0,17.0,1.0,2.0,0.0,1.0,
F1,22/10/17,00:00,Marseille,Paris SG,2.0,2.0,D,1.0,1.0,D,11.0,7.0,3.0,3.0,3.0,4.0,18.0,14.0,4.0,3.0,0.0,1.0,
F1,22/10/17,00:00,Nice,Strasbourg,1.0,2.0,A,0.0,1.0,A,14.0,15.0,9.0,6.0,9.0,1.0,5.0,5.0,0.0,1.0,0.0,1.0,
F1,22/10/17,00:00,Troyes,Lyon,0.0,5.0,A,0.0,1.0,A,9.0,14.0,3.0,10.0,4.0,3.0,12.0,13.0,2.0,2.0,1.0,0.0,
F1,27/10/17,00:00,Paris SG,Nice,3.0,0.0,H,2.0,0.0,H,16.0,8.0,8.0,1.0,8.0,2.0,10.0,9.0,0.0,0.0,0.0,0.0,
F1,28/10/17,00:00,Bordeaux,Monaco,0.0,2.0,A,0.0,0.0,D,12.0,12.0,4.0,5.0,6.0,2.0,22.0,12.0,2.0,0.0,0.0,0.0,
F1,28/10/17,00:00,Caen,Troyes,1.0,0.0,H,1.0,0.0,H,16.0,8.0,3.0,3.0,6.0,6.0,12.0,13.0,1.0,3.0,0.0,0.0,
F1,28/10/17,00:00,Dijon,Nantes,1.0,0.0,H,1.0,0.0,H,6.0,10.0,1.0,0.0,1.0,5.0,15.0,19.0,3.0,2.0,0.0,0.0,
F1,28/10/17,00:00,Guingamp,Amiens,1.0,1.0,D,1.0,1.0,D,12.0,7.0,4.0,2.0,5.0,5.0,16.0,20.0,1.0,5.0,0.0,1.0,
F1,28/10/17,00:00,Montpellier,Rennes,0.0,1.0,A,0.0,0.0,D,9.0,7.0,4.0,2.0,4.0,1.0,15.0,17.0,4.0,2.0,0.0,0.0,
F1,28/10/17,00:00,Strasbourg,Angers,2.0,2.0,D,1.0,0.0,H,14.0,5.0,6.0,2.0,4.0,2.0,10.0,12.0,3.0,2.0,0.0,0.0,
F1,29/10/17,00:00,Lille,Marseille,0.0,1.0,A,0.0,1.0,A,18.0,10.0,7.0,3.0,11.0,4.0,18.0,17.0,2.0,3.0,0.0,0.0,
F1,29/10/17,00:00,Lyon,Metz,2.0,0.0,H,2.0,0.0,H,12.0,7.0,4.0,4.0,3.0,2.0,13.0,17.0,0.0,3.0,0.0,0.0,
F1,29/10/17,00:00,Toulouse,St Etienne,0.0,0.0,D,0.0,0.0,D,11.0,4.0,4.0,2.0,7.0,1.0,16.0,19.0,2.0,3.0,0.0,0.0,
F1,03/11/17,00:00,Rennes,Bordeaux,1.0,0.0,H,1.0,0.0,H,6.0,6.0,2.0,0.0,8.0,0.0,14.0,26.0,2.0,5.0,0.0,0.0,
F1,04/11/17,00:00,Angers,Paris SG,0.0,5.0,A,0.0,3.0,A,9.0,15.0,3.0,7.0,2.0,4.0,8.0,13.0,1.0,3.0,0.0,0.0,
F1,04/11/17,00:00,Monaco,Guingamp,6.0,0.0,H,4.0,0.0,H,18.0,12.0,9.0,3.0,4.0,1.0,17.0,9.0,1.0,1.0,0.0,0.0,
F1,04/11/17,00:00,Montpellier,Amiens,1.0,1.0,D,0.0,0.0,D,10.0,12.0,3.0,1.0,3.0,2.0,11.0,12.0,2.0,1.0,0.0,0.0,
F1,04/11/17,00:00,Nantes,Toulouse,2.0,1.0,H,1.0,0.0,H,11.0,10.0,6.0,3.0,9.0,4.0,20.0,16.0,2.0,4.0,0.0,0.0,
F1,04/11/17,00:00,Troyes,Strasbourg,3.0,0.0,H,0.0,0.0,D,13.0,10.0,6.0,2.0,4.0,1.0,18.0,8.0,3.0,1.0,0.0,1.0,
F1,05/11/17,00:00,Marseille,Caen,5.0,0.0,H,1.0,0.0,H,28.0,11.0,11.0,3.0,13.0,6.0,5.0,9.0,0.0,0.0,0.0,0.0,
F1,05/11/17,00:00,Metz,Lille,0.0,3.0,A,0.0,1.0,A,19.0,14.0,5.0,7.0,9.0,0.0,13.0,19.0,3.0,2.0,0.0,0.0,
F1,05/11/17,00:00,Nice,Dijon,1.0,0.0,H,1.0,0.0,H,11.0,13.0,4.0,4.0,6.0,4.0,14.0,9.0,1.0,1.0,1.0,0.0,
F1,05/11/17,00:00,St Etienne,Lyon,0.0,5.0,A,0.0,2.0,A,13.0,13.0,2.0,10.0,5.0,1.0,22.0,17.0,1.0,2.0,1.0,0.0,
F1,17/11/17,00:00,Amiens,Monaco,1.0,1.0,D,1.0,0.0,H,10.0,15.0,2.0,4.0,4.0,4.0,15.0,15.0,2.0,3.0,0.0,0.0,
F1,17/11/17,00:00,Lille,St Etienne,3.0,1.0,H,1.0,1.0,D,12.0,8.0,5.0,3.0,8.0,10.0,10.0,16.0,2.0,3.0,0.0,0.0,
F1,18/11/17,00:00,Dijon,Troyes,3.0,1.0,H,1.0,1.0,D,15.0,11.0,8.0,4.0,4.0,4.0,13.0,12.0,1.0,1.0,0.0,0.0,
F1,18/11/17,00:00,Guingamp,Angers,1.0,1.0,D,1.0,1.0,D,9.0,10.0,2.0,2.0,1.0,7.0,15.0,18.0,4.0,4.0,1.0,0.0,
F1,18/11/17,00:00,Paris SG,Nantes,4.0,1.0,H,2.0,0.0,H,23.0,8.0,10.0,1.0,9.0,2.0,9.0,17.0,2.0,3.0,0.0,0.0,
F1,18/11/17,00:00,Strasbourg,Rennes,2.0,1.0,H,1.0,0.0,H,11.0,13.0,5.0,4.0,6.0,7.0,18.0,8.0,1.0,0.0,0.0,1.0,
F1,18/11/17,00:00,Toulouse,Metz,0.0,0.0,D,0.0,0.0,D,21.0,12.0,3.0,5.0,9.0,4.0,16.0,11.0,2.0,3.0,0.0,1.0,
F1,19/11/17,00:00,Bordeaux,Marseille,1.0,1.0,D,1.0,0.0,H,9.0,14.0,3.0,3.0,3.0,6.0,16.0,14.0,4.0,2.0,0.0,0.0,
F1,19/11/17,00:00,Caen,Nice,1.0,1.0,D,0.0,1.0,A,18.0,12.0,4.0,7.0,12.0,3.0,10.0,11.0,2.0,3.0,0.0,0.0,
F1,19/11/17,00:00,Lyon,Montpellier,0.0,0.0,D,0.0,0.0,D,15.0,15.0,3.0,2.0,9.0,6.0,11.0,9.0,2.0,1.0,0.0,0.0,
F1,20/11/17,00:00,Amiens,Lille,3.0,0.0,H,1.0,0.0,H,8.0,12.0,4.0,1.0,4.0,6.0,12.0,10.0,3.0,2.0,0.0,0.0,
F1,24/11/17,00:00,St Etienne,Strasbourg,2.0,2.0,D,1.0,1.0,D,12.0,10.0,6.0,4.0,7.0,4.0,14.0,10.0,4.0,2.0,0.0,0.0,
F1,25/11/17,00:00,Caen,Bordeaux,1.0,0.0,H,1.0,0.0,H,12.0,10.0,2.0,2.0,4.0,8.0,13.0,14.0,2.0,3.0,0.0,0.0,
F1,25/11/17,00:00,Dijon,Toulouse,3.0,1.0,H,1.0,0.0,H,13.0,12.0,5.0,4.0,6.0,2.0,11.0,16.0,3.0,2.0,0.0,0.0,
F1,25/11/17,00:00,Metz,Amiens,0.0,2.0,A,0.0,1.0,A,21.0,11.0,6.0,2.0,8.0,1.0,17.0,8.0,1.0,0.0,0.0,0.0,
F1,25/11/17,00:00,Montpellier,Lille,3.0,0.0,H,3.0,0.0,H,18.0,10.0,6.0,4.0,6.0,7.0,13.0,14.0,1.0,6.0,0.0,0.0,
F1,25/11/17,00:00,Rennes,Nantes,2.0,1.0,H,0.0,0.0,D,15.0,10.0,5.0,1.0,8.0,2.0,17.0,14.0,3.0,6.0,0.0,1.0,
F1,25/11/17,00:00,Troyes,Angers,3.0,0.0,H,2.0,0.0,H,9.0,7.0,3.0,3.0,4.0,3.0,15.0,15.0,2.0,4.0,0.0,0.0,
F1,26/11/17,00:00,Marseille,Guingamp,1.0,0.0,H,1.0,0.0,H,21.0,4.0,7.0,1.0,6.0,2.0,11.0,13.0,2.0,2.0,0.0,0.0,
F1,26/11/17,00:00,Monaco,Paris SG,1.0,2.0,A,0.0,1.0,A,8.0,18.0,2.0,5.0,1.0,4.0,17.0,13.0,3.0,4.0,0.0,0.0,
F1,26/11/17,00:00,Nice,Lyon,0.0,5.0,A,0.0,4.0,A,10.0,11.0,3.0,7.0,2.0,2.0,19.0,13.0,5.0,3.0,1.0,0.0,
F1,28/11/17,00:00,Amiens,Dijon,2.0,1.0,H,1.0,1.0,D,8.0,16.0,5.0,6.0,3.0,6.0,5.0,14.0,0.0,3.0,0.0,0.0,
F1,28/11/17,00:00,Bordeaux,St Etienne,3.0,0.0,H,2.0,0.0,H,12.0,11.0,6.0,5.0,2.0,6.0,12.0,19.0,1.0,2.0,0.0,0.0,
F1,28/11/17,00:00,Strasbourg,Caen,0.0,0.0,D,0.0,0.0,D,6.0,15.0,3.0,1.0,2.0,3.0,13.0,13.0,1.0,2.0,0.0,0.0,
F1,29/11/17,00:00,Angers,Rennes,1.0,2.0,A,1.0,0.0,H,10.0,8.0,4.0,3.0,7.0,4.0,9.0,11.0,0.0,1.0,0.0,0.0,
F1,29/11/17,00:00,Guingamp,Montpellier,0.0,0.0,D,0.0,0.0,D,10.0,6.0,1.0,4.0,8.0,3.0,15.0,21.0,1.0,3.0,0.0,0.0,
F1,29/11/17,00:00,Lyon,Lille,1.0,2.0,A,1.0,2.0,A,21.0,7.0,5.0,3.0,4.0,2.0,8.0,13.0,0.0,1.0,0.0,0.0,
F1,29/11/17,00:00,Metz,Marseille,0.0,3.0,A,0.0,2.0,A,9.0,21.0,4.0,8.0,0.0,9.0,13.0,8.0,1.0,0.0,0.0,0.0,
F1,29/11/17,00:00,Nantes,Monaco,1.0,0.0,H,0.0,0.0,D,16.0,9.0,5.0,1.0,11.0,5.0,9.0,12.0,0.0,0.0,0.0,0.0,
F1,29/11/17,00:00,Paris SG,Troyes,2.0,0.0,H,0.0,0.0,D,19.0,6.0,6.0,3.0,11.0,1.0,14.0,16.0,0.0,1.0,0.0,0.0,
F1,29/11/17,00:00,Toulouse,Nice,1.0,2.0,A,1.0,0.0,H,14.0,8.0,3.0,4.0,6.0,4.0,16.0,12.0,3.0,4.0,1.0,1.0,
F1,01/12/17,00:00,Dijon,Bordeaux,3.0,2.0,H,1.0,2.0,A,17.0,14.0,5.0,6.0,6.0,4.0,15.0,14.0,2.0,2.0,0.0,0.0,
F1,02/12/17,00:00,Lille,Toulouse,1.0,0.0,H,0.0,0.0,D,10.0,10.0,3.0,3.0,3.0,6.0,17.0,18.0,2.0,3.0,0.0,0.0,
F1,02/12/17,00:00,Monaco,Angers,1.0,0.0,H,1.0,0.0,H,5.0,8.0,3.0,3.0,5.0,3.0,13.0,19.0,3.0,3.0,0.0,0.0,
F1,02/12/17,00:00,Nice,Metz,3.0,1.0,H,1.0,1.0,D,15.0,13.0,7.0,5.0,1.0,5.0,10.0,17.0,0.0,2.0,0.0,0.0,
F1,02/12/17,00:00,Rennes,Amiens,2.0,0.0,H,0.0,0.0,D,25.0,6.0,5.0,2.0,16.0,0.0,10.0,7.0,1.0,5.0,0.0,0.0,
F1,02/12/17,00:00,Strasbourg,Paris SG,2.0,1.0,H,1.0,1.0,D,5.0,29.0,2.0,5.0,0.0,13.0,20.0,5.0,4.0,3.0,0.0,0.0,
F1,02/12/17,00:00,Troyes,Guingamp,0.0,1.0,A,0.0,1.0,A,14.0,11.0,3.0,5.0,5.0,3.0,13.0,9.0,2.0,2.0,1.0,1.0,
F1,03/12/17,00:00,Caen,Lyon,1.0,2.0,A,0.0,1.0,A,19.0,11.0,4.0,4.0,9.0,4.0,18.0,15.0,1.0,3.0,0.0,0.0,
F1,03/12/17,00:00,Montpellier,Marseille,1.0,1.0,D,1.0,1.0,D,13.0,6.0,4.0,2.0,1.0,3.0,9.0,23.0,4.0,2.0,0.0,0.0,
F1,03/12/17,00:00,St Etienne,Nantes,1.0,1.0,D,1.0,0.0,H,13.0,22.0,4.0,6.0,5.0,9.0,18.0,10.0,4.0,1.0,0.0,0.0,
F1,08/12/17,00:00,Bordeaux,Strasbourg,0.0,3.0,A,0.0,2.0,A,12.0,10.0,2.0,4.0,10.0,5.0,14.0,10.0,3.0,1.0,0.0,0.0,
F1,09/12/17,00:00,Angers,Montpellier,1.0,1.0,D,0.0,0.0,D,13.0,10.0,4.0,6.0,5.0,4.0,15.0,10.0,3.0,2.0,0.0,0.0,
F1,09/12/17,00:00,Guingamp,Dijon,4.0,0.0,H,2.0,0.0,H,17.0,8.0,9.0,1.0,18.0,2.0,5.0,7.0,0.0,0.0,0.0,1.0,
F1,09/12/17,00:00,Metz,Rennes,1.0,1.0,D,1.0,0.0,H,13.0,5.0,6.0,4.0,5.0,6.0,14.0,11.0,3.0,3.0,0.0,0.0,
F1,09/12/17,00:00,Monaco,Troyes,3.0,2.0,H,0.0,1.0,A,19.0,5.0,6.0,3.0,16.0,1.0,14.0,22.0,4.0,5.0,0.0,0.0,
F1,09/12/17,00:00,Paris SG,Lille,3.0,1.0,H,1.0,0.0,H,14.0,7.0,5.0,2.0,5.0,4.0,14.0,19.0,2.0,2.0,0.0,0.0,
F1,09/12/17,00:00,Toulouse,Caen,2.0,0.0,H,0.0,0.0,D,10.0,11.0,3.0,3.0,4.0,5.0,15.0,10.0,1.0,2.0,0.0,0.0,
F1,10/12/17,00:00,Amiens,Lyon,1.0,2.0,A,1.0,0.0,H,14.0,12.0,6.0,3.0,2.0,2.0,11.0,15.0,1.0,2.0,0.0,0.0,
F1,10/12/17,00:00,Marseille,St Etienne,3.0,0.0,H,1.0,0.0,H,18.0,5.0,7.0,1.0,7.0,2.0,13.0,10.0,1.0,2.0,0.0,1.0,
F1,10/12/17,00:00,Nantes,Nice,1.0,2.0,A,1.0,1.0,D,22.0,12.0,4.0,5.0,5.0,3.0,13.0,12.0,1.0,4.0,0.0,0.0,
F1,15/12/17,00:00,St Etienne,Monaco,0.0,4.0,A,0.0,2.0,A,5.0,22.0,3.0,9.0,4.0,4.0,11.0,11.0,1.0,0.0,1.0,0.0,
F1,16/12/17,00:00,Caen,Guingamp,0.0,0.0,D,0.0,0.0,D,11.0,8.0,2.0,5.0,5.0,4.0,20.0,13.0,2.0,4.0,0.0,0.0,
F1,16/12/17,00:00,Dijon,Lille,3.0,0.0,H,3.0,0.0,H,13.0,9.0,8.0,5.0,3.0,4.0,14.0,9.0,1.0,1.0,0.0,0.0,
F1,16/12/17,00:00,Montpellier,Metz,1.0,3.0,A,1.0,1.0,D,9.0,6.0,3.0,4.0,3.0,2.0,10.0,21.0,1.0,2.0,0.0,0.0,
F1,16/12/17,00:00,Rennes,Paris SG,1.0,4.0,A,0.0,2.0,A,14.0,21.0,2.0,10.0,4.0,11.0,16.0,10.0,4.0,3.0,1.0,1.0,
F1,16/12/17,00:00,Strasbourg,Toulouse,2.0,1.0,H,1.0,1.0,D,9.0,11.0,5.0,3.0,5.0,5.0,17.0,15.0,2.0,4.0,0.0,0.0,
F1,16/12/17,00:00,Troyes,Amiens,1.0,0.0,H,0.0,0.0,D,19.0,11.0,7.0,3.0,9.0,0.0,18.0,14.0,4.0,2.0,0.0,0.0,
F1,17/12/17,00:00,Lyon,Marseille,2.0,0.0,H,1.0,0.0,H,8.0,19.0,5.0,5.0,5.0,10.0,10.0,19.0,0.0,2.0,0.0,0.0,
F1,17/12/17,00:00,Nantes,Angers,1.0,0.0,H,1.0,0.0,H,10.0,7.0,4.0,0.0,3.0,6.0,9.0,15.0,3.0,2.0,1.0,0.0,
F1,17/12/17,00:00,Nice,Bordeaux,1.0,0.0,H,1.0,0.0,H,11.0,10.0,3.0,1.0,2.0,4.0,10.0,15.0,1.0,2.0,0.0,0.0,
F1,20/12/17,00:00,Amiens,Nantes,0.0,1.0,A,0.0,0.0,D,12.0,14.0,5.0,5.0,5.0,2.0,17.0,13.0,3.0,2.0,0.0,0.0,
F1,20/12/17,00:00,Angers,Dijon,2.0,1.0,H,1.0,1.0,D,24.0,16.0,11.0,3.0,7.0,3.0,16.0,18.0,3.0,4.0,0.0,1.0,
F1,20/12/17,00:00,Bordeaux,Montpellier,0.0,2.0,A,0.0,0.0,D,8.0,14.0,1.0,6.0,4.0,2.0,14.0,13.0,3.0,3.0,0.0,0.0,
F1,20/12/17,00:00,Guingamp,St Etienne,2.0,1.0,H,0.0,0.0,D,27.0,3.0,6.0,3.0,10.0,0.0,13.0,13.0,3.0,2.0,0.0,1.0,
F1,20/12/17,00:00,Lille,Nice,1.0,1.0,D,0.0,1.0,A,5.0,8.0,1.0,3.0,3.0,4.0,18.0,11.0,2.0,4.0,0.0,0.0,
F1,20/12/17,00:00,Marseille,Troyes,3.0,1.0,H,1.0,1.0,D,20.0,8.0,8.0,3.0,8.0,2.0,11.0,13.0,1.0,0.0,0.0,0.0,
F1,20/12/17,00:00,Metz,Strasbourg,3.0,0.0,H,0.0,0.0,D,26.0,7.0,9.0,2.0,10.0,8.0,17.0,13.0,4.0,1.0,0.0,0.0,
F1,20/12/17,00:00,Monaco,Rennes,2.0,1.0,H,1.0,0.0,H,14.0,8.0,4.0,2.0,8.0,1.0,21.0,19.0,3.0,2.0,0.0,0.0,
F1,20/12/17,00:00,Paris SG,Caen,3.0,1.0,H,1.0,0.0,H,21.0,9.0,7.0,4.0,5.0,6.0,7.0,12.0,2.0,2.0,0.0,0.0,
F1,20/12/17,00:00,Toulouse,Lyon,1.0,2.0,A,0.0,1.0,A,17.0,14.0,5.0,10.0,8.0,4.0,16.0,11.0,3.0,2.0,0.0,0.0,
F1,12/01/18,00:00,Strasbourg,Guingamp,0.0,2.0,A,0.0,2.0,A,14.0,10.0,3.0,5.0,7.0,7.0,14.0,14.0,1.0,2.0,0.0,0.0,
F1,13/01/18,00:00,Caen,Lille,0.0,1.0,A,0.0,1.0,A,15.0,12.0,7.0,5.0,5.0,3.0,15.0,11.0,3.0,3.0,1.0,1.0,
F1,13/01/18,00:00,Dijon,Metz,1.0,1.0,D,1.0,0.0,H,12.0,12.0,7.0,6.0,6.0,7.0,10.0,15.0,2.0,2.0,1.0,0.0,
F1,13/01/18,00:00,Montpellier,Monaco,0.0,0.0,D,0.0,0.0,D,16.0,13.0,4.0,6.0,10.0,6.0,15.0,10.0,5.0,1.0,0.0,0.0,
F1,13/01/18,00:00,Nice,Amiens,1.0,0.0,H,0.0,0.0,D,20.0,9.0,7.0,3.0,7.0,1.0,10.0,13.0,1.0,0.0,0.0,0.0,
F1,13/01/18,00:00,Rennes,Marseille,0.0,3.0,A,0.0,2.0,A,13.0,18.0,3.0,5.0,3.0,2.0,8.0,18.0,1.0,2.0,0.0,0.0,
F1,13/01/18,00:00,Troyes,Bordeaux,0.0,1.0,A,0.0,1.0,A,8.0,10.0,3.0,4.0,2.0,2.0,15.0,13.0,4.0,0.0,0.0,0.0,
F1,14/01/18,00:00,Lyon,Angers,1.0,1.0,D,0.0,1.0,A,19.0,9.0,7.0,2.0,12.0,1.0,11.0,18.0,2.0,4.0,0.0,1.0,
F1,14/01/18,00:00,Nantes,Paris SG,0.0,1.0,A,0.0,1.0,A,13.0,20.0,3.0,3.0,2.0,5.0,17.0,11.0,3.0,2.0,1.0,0.0,
F1,14/01/18,00:00,St Etienne,Toulouse,2.0,0.0,H,1.0,0.0,H,11.0,19.0,5.0,8.0,4.0,10.0,14.0,22.0,1.0,3.0,0.0,0.0,
F1,16/01/18,00:00,Bordeaux,Caen,0.0,2.0,A,0.0,0.0,D,13.0,10.0,5.0,3.0,7.0,2.0,13.0,12.0,3.0,5.0,1.0,0.0,
F1,16/01/18,00:00,Marseille,Strasbourg,2.0,0.0,H,0.0,0.0,D,15.0,4.0,7.0,2.0,7.0,4.0,6.0,15.0,2.0,3.0,0.0,0.0,
F1,16/01/18,00:00,Monaco,Nice,2.0,2.0,D,1.0,0.0,H,6.0,9.0,3.0,5.0,6.0,3.0,10.0,12.0,4.0,4.0,0.0,0.0,
F1,17/01/18,00:00,Amiens,Montpellier,1.0,1.0,D,0.0,1.0,A,13.0,16.0,3.0,5.0,2.0,3.0,10.0,6.0,2.0,1.0,0.0,0.0,
F1,17/01/18,00:00,Angers,Troyes,3.0,1.0,H,1.0,0.0,H,12.0,8.0,5.0,2.0,8.0,2.0,15.0,17.0,0.0,5.0,0.0,0.0,
F1,17/01/18,00:00,Guingamp,Lyon,0.0,2.0,A,0.0,1.0,A,8.0,21.0,3.0,13.0,3.0,11.0,20.0,16.0,2.0,2.0,0.0,0.0,
F1,17/01/18,00:00,Lille,Rennes,1.0,2.0,A,1.0,0.0,H,11.0,22.0,3.0,12.0,2.0,9.0,15.0,4.0,1.0,0.0,0.0,0.0,
F1,17/01/18,00:00,Metz,St Etienne,3.0,0.0,H,2.0,0.0,H,19.0,7.0,12.0,4.0,6.0,3.0,14.0,11.0,1.0,4.0,0.0,1.0,
F1,17/01/18,00:00,Paris SG,Dijon,8.0,0.0,H,4.0,0.0,H,23.0,6.0,14.0,1.0,9.0,4.0,8.0,16.0,0.0,1.0,0.0,0.0,
F1,17/01/18,00:00,Toulouse,Nantes,1.0,1.0,D,0.0,1.0,A,15.0,11.0,3.0,2.0,3.0,2.0,17.0,16.0,2.0,4.0,0.0,0.0,
F1,19/01/18,00:00,Caen,Marseille,0.0,2.0,A,0.0,0.0,D,5.0,12.0,2.0,4.0,1.0,4.0,18.0,15.0,2.0,3.0,0.0,0.0,
F1,20/01/18,00:00,Amiens,Guingamp,3.0,1.0,H,1.0,1.0,D,13.0,6.0,6.0,1.0,7.0,3.0,9.0,11.0,0.0,2.0,0.0,0.0,
F1,20/01/18,00:00,Montpellier,Toulouse,2.0,1.0,H,1.0,1.0,D,22.0,9.0,5.0,3.0,5.0,4.0,18.0,13.0,1.0,4.0,0.0,1.0,
F1,20/01/18,00:00,Nantes,Bordeaux,0.0,1.0,A,0.0,1.0,A,14.0,9.0,4.0,3.0,3.0,5.0,19.0,11.0,1.0,2.0,0.0,0.0,
F1,20/01/18,00:00,Rennes,Angers,1.0,0.0,H,0.0,0.0,D,9.0,9.0,2.0,3.0,5.0,4.0,13.0,17.0,3.0,5.0,0.0,1.0,
F1,20/01/18,00:00,Strasbourg,Dijon,3.0,2.0,H,2.0,2.0,D,16.0,12.0,9.0,5.0,5.0,1.0,17.0,22.0,1.0,1.0,0.0,0.0,
F1,20/01/18,00:00,Troyes,Lille,1.0,0.0,H,1.0,0.0,H,7.0,9.0,2.0,1.0,5.0,6.0,13.0,10.0,0.0,2.0,0.0,0.0,
F1,21/01/18,00:00,Lyon,Paris SG,2.0,1.0,H,1.0,1.0,D,11.0,11.0,6.0,3.0,3.0,7.0,16.0,11.0,2.0,3.0,0.0,1.0,
F1,21/01/18,00:00,Monaco,Metz,3.0,1.0,H,1.0,0.0,H,13.0,3.0,6.0,2.0,6.0,3.0,11.0,15.0,1.0,1.0,0.0,1.0,
F1,21/01/18,00:00,Nice,St Etienne,1.0,0.0,H,1.0,0.0,H,7.0,9.0,2.0,2.0,4.0,4.0,15.0,23.0,3.0,1.0,0.0,0.0,
F1,26/01/18,00:00,Dijon,Rennes,2.0,1.0,H,1.0,1.0,D,14.0,13.0,4.0,4.0,3.0,5.0,10.0,17.0,3.0,2.0,0.0,0.0,
F1,27/01/18,00:00,Angers,Amiens,1.0,0.0,H,1.0,0.0,H,16.0,3.0,7.0,0.0,5.0,4.0,14.0,19.0,1.0,3.0,0.0,0.0,
F1,27/01/18,00:00,Guingamp,Nantes,0.0,3.0,A,0.0,0.0,D,6.0,13.0,0.0,5.0,3.0,9.0,9.0,17.0,2.0,3.0,0.0,0.0,
F1,27/01/18,00:00,Metz,Nice,2.0,1.0,H,0.0,0.0,D,15.0,13.0,5.0,5.0,4.0,2.0,26.0,19.0,4.0,5.0,0.0,1.0,
F1,27/01/18,00:00,Paris SG,Montpellier,4.0,0.0,H,2.0,0.0,H,11.0,16.0,7.0,3.0,2.0,10.0,16.0,11.0,1.0,2.0,0.0,0.0,
F1,27/01/18,00:00,St Etienne,Caen,2.0,1.0,H,1.0,1.0,D,12.0,14.0,4.0,3.0,3.0,8.0,12.0,17.0,2.0,1.0,0.0,0.0,
F1,27/01/18,00:00,Toulouse,Troyes,1.0,0.0,H,1.0,0.0,H,20.0,1.0,7.0,0.0,6.0,2.0,11.0,15.0,1.0,4.0,0.0,1.0,
F1,28/01/18,00:00,Bordeaux,Lyon,3.0,1.0,H,3.0,1.0,H,9.0,9.0,4.0,4.0,2.0,1.0,17.0,12.0,3.0,3.0,1.0,0.0,
F1,28/01/18,00:00,Lille,Strasbourg,2.0,1.0,H,0.0,0.0,D,8.0,11.0,5.0,2.0,6.0,2.0,5.0,11.0,1.0,1.0,0.0,0.0,
F1,28/01/18,00:00,Marseille,Monaco,2.0,2.0,D,1.0,1.0,D,17.0,9.0,6.0,3.0,5.0,7.0,20.0,15.0,3.0,2.0,0.0,0.0,
F1,02/02/18,00:00,Marseille,Metz,6.0,3.0,H,3.0,0.0,H,18.0,18.0,10.0,8.0,3.0,5.0,9.0,17.0,1.0,0.0,0.0,0.0,
F1,03/02/18,00:00,Amiens,St Etienne,0.0,2.0,A,0.0,0.0,D,8.0,16.0,0.0,8.0,3.0,4.0,10.0,16.0,2.0,1.0,0.0,0.0,
F1,03/02/18,00:00,Lille,Paris SG,0.0,3.0,A,0.0,1.0,A,10.0,19.0,3.0,9.0,3.0,9.0,11.0,4.0,1.0,1.0,0.0,0.0,
F1,03/02/18,00:00,Montpellier,Angers,2.0,1.0,H,1.0,1.0,D,8.0,8.0,3.0,2.0,5.0,1.0,10.0,10.0,0.0,2.0,0.0,0.0,
F1,03/02/18,00:00,Nice,Toulouse,0.0,1.0,A,0.0,0.0,D,14.0,6.0,2.0,1.0,11.0,1.0,14.0,13.0,2.0,2.0,0.0,0.0,
F1,03/02/18,00:00,Strasbourg,Bordeaux,0.0,2.0,A,0.0,1.0,A,9.0,7.0,0.0,4.0,7.0,2.0,13.0,15.0,1.0,4.0,0.0,0.0,
F1,04/02/18,00:00,Caen,Nantes,3.0,2.0,H,1.0,1.0,D,16.0,14.0,7.0,4.0,6.0,4.0,11.0,9.0,1.0,2.0,0.0,0.0,
F1,04/02/18,00:00,Monaco,Lyon,3.0,2.0,H,2.0,2.0,D,12.0,13.0,7.0,4.0,3.0,7.0,18.0,15.0,3.0,3.0,1.0,0.0,
F1,04/02/18,00:00,Rennes,Guingamp,0.0,1.0,A,0.0,0.0,D,13.0,11.0,5.0,4.0,4.0,4.0,20.0,12.0,2.0,4.0,0.0,0.0,
F1,09/02/18,00:00,St Etienne,Marseille,2.0,2.0,D,1.0,2.0,A,7.0,12.0,3.0,4.0,2.0,7.0,12.0,12.0,0.0,0.0,0.0,0.0,
F1,10/02/18,00:00,Angers,Monaco,0.0,4.0,A,0.0,2.0,A,11.0,10.0,1.0,6.0,4.0,3.0,11.0,6.0,1.0,0.0,0.0,0.0,
F1,10/02/18,00:00,Bordeaux,Amiens,3.0,2.0,H,2.0,0.0,H,14.0,19.0,4.0,6.0,7.0,11.0,11.0,13.0,0.0,1.0,0.0,0.0,
F1,10/02/18,00:00,Dijon,Nice,3.0,2.0,H,0.0,0.0,D,11.0,14.0,3.0,5.0,4.0,8.0,14.0,14.0,2.0,3.0,0.0,0.0,
F1,10/02/18,00:00,Guingamp,Caen,0.0,0.0,D,0.0,0.0,D,6.0,12.0,1.0,2.0,1.0,7.0,12.0,17.0,1.0,2.0,0.0,0.0,
F1,10/02/18,00:00,Metz,Montpellier,0.0,1.0,A,0.0,1.0,A,12.0,16.0,5.0,8.0,11.0,6.0,15.0,11.0,2.0,1.0,0.0,0.0,
F1,10/02/18,00:00,Toulouse,Paris SG,0.0,1.0,A,0.0,0.0,D,3.0,21.0,1.0,6.0,0.0,10.0,20.0,13.0,4.0,2.0,0.0,0.0,
F1,11/02/18,00:00,Lyon,Rennes,0.0,2.0,A,0.0,1.0,A,19.0,6.0,6.0,3.0,10.0,1.0,16.0,8.0,2.0,1.0,0.0,0.0,
F1,11/02/18,00:00,Nantes,Lille,2.0,2.0,D,1.0,0.0,H,20.0,7.0,6.0,4.0,5.0,7.0,9.0,11.0,0.0,1.0,0.0,0.0,
F1,11/02/18,00:00,Strasbourg,Troyes,2.0,1.0,H,0.0,0.0,D,12.0,12.0,2.0,4.0,4.0,6.0,9.0,14.0,2.0,2.0,0.0,0.0,
F1,16/02/18,00:00,Monaco,Dijon,4.0,0.0,H,1.0,0.0,H,14.0,7.0,5.0,4.0,5.0,5.0,11.0,13.0,2.0,1.0,0.0,0.0,
F1,17/02/18,00:00,Amiens,Toulouse,0.0,0.0,D,0.0,0.0,D,6.0,12.0,1.0,5.0,2.0,6.0,11.0,15.0,1.0,0.0,1.0,0.0,
F1,17/02/18,00:00,Angers,St Etienne,0.0,1.0,A,0.0,0.0,D,19.0,10.0,4.0,3.0,10.0,5.0,14.0,14.0,1.0,2.0,0.0,0.0,
F1,17/02/18,00:00,Caen,Rennes,2.0,2.0,D,1.0,2.0,A,18.0,11.0,6.0,5.0,12.0,11.0,4.0,8.0,2.0,0.0,0.0,0.0,
F1,17/02/18,00:00,Montpellier,Guingamp,1.0,1.0,D,0.0,1.0,A,19.0,4.0,5.0,1.0,4.0,2.0,8.0,15.0,1.0,1.0,0.0,0.0,
F1,17/02/18,00:00,Paris SG,Strasbourg,5.0,2.0,H,3.0,1.0,H,20.0,12.0,11.0,2.0,4.0,6.0,9.0,15.0,2.0,3.0,0.0,0.0,
F1,17/02/18,00:00,Troyes,Metz,1.0,0.0,H,0.0,0.0,D,18.0,10.0,9.0,4.0,10.0,4.0,9.0,9.0,1.0,2.0,0.0,0.0,
F1,18/02/18,00:00,Lille,Lyon,2.0,2.0,D,0.0,2.0,A,14.0,13.0,5.0,5.0,7.0,3.0,12.0,9.0,0.0,4.0,0.0,0.0,
F1,18/02/18,00:00,Marseille,Bordeaux,1.0,0.0,H,1.0,0.0,H,12.0,5.0,8.0,1.0,7.0,4.0,11.0,12.0,2.0,2.0,0.0,0.0,
F1,18/02/18,00:00,Nice,Nantes,1.0,1.0,D,1.0,1.0,D,12.0,9.0,4.0,3.0,14.0,4.0,13.0,9.0,2.0,0.0,0.0,0.0,
F1,20/02/18,00:00,Troyes,Dijon,0.0,0.0,D,0.0,0.0,D,9.0,7.0,3.0,1.0,8.0,6.0,15.0,12.0,2.0,1.0,0.0,0.0,
F1,23/02/18,00:00,Strasbourg,Montpellier,0.0,0.0,D,0.0,0.0,D,11.0,8.0,3.0,2.0,4.0,3.0,17.0,11.0,2.0,3.0,0.0,0.0,
F1,24/02/18,00:00,Dijon,Caen,2.0,0.0,H,1.0,0.0,H,13.0,13.0,3.0,2.0,5.0,8.0,6.0,16.0,1.0,4.0,0.0,0.0,
F1,24/02/18,00:00,Guingamp,Metz,2.0,2.0,D,1.0,1.0,D,17.0,5.0,8.0,2.0,5.0,5.0,15.0,16.0,3.0,4.0,0.0,0.0,
F1,24/02/18,00:00,Lille,Angers,1.0,2.0,A,0.0,0.0,D,14.0,14.0,3.0,9.0,4.0,5.0,12.0,11.0,0.0,2.0,0.0,0.0,
F1,24/02/18,00:00,Nantes,Amiens,0.0,1.0,A,0.0,1.0,A,27.0,8.0,4.0,1.0,8.0,6.0,10.0,16.0,2.0,2.0,0.0,0.0,
F1,24/02/18,00:00,Rennes,Troyes,2.0,0.0,H,0.0,0.0,D,11.0,8.0,6.0,0.0,5.0,5.0,9.0,11.0,3.0,1.0,0.0,1.0,
F1,24/02/18,00:00,Toulouse,Monaco,3.0,3.0,D,1.0,1.0,D,9.0,9.0,6.0,5.0,6.0,6.0,13.0,15.0,1.0,3.0,0.0,0.0,
F1,25/02/18,00:00,Bordeaux,Nice,0.0,0.0,D,0.0,0.0,D,23.0,3.0,6.0,0.0,6.0,0.0,17.0,17.0,2.0,2.0,0.0,0.0,
F1,25/02/18,00:00,Lyon,St Etienne,1.0,1.0,D,1.0,0.0,H,9.0,8.0,5.0,2.0,3.0,7.0,9.0,23.0,1.0,3.0,0.0,0.0,
F1,25/02/18,00:00,Paris SG,Marseille,3.0,0.0,H,2.0,0.0,H,10.0,15.0,3.0,6.0,3.0,6.0,21.0,18.0,6.0,5.0,0.0,0.0,
F1,02/03/18,00:00,Monaco,Bordeaux,2.0,1.0,H,1.0,1.0,D,18.0,6.0,5.0,1.0,7.0,3.0,9.0,13.0,0.0,1.0,0.0,0.0,
F1,02/03/18,00:00,Nice,Lille,2.0,1.0,H,1.0,0.0,H,23.0,12.0,10.0,5.0,8.0,4.0,9.0,12.0,3.0,1.0,0.0,0.0,
F1,03/03/18,00:00,Amiens,Rennes,0.0,2.0,A,0.0,1.0,A,14.0,18.0,3.0,5.0,6.0,3.0,19.0,16.0,2.0,3.0,0.0,0.0,
F1,03/03/18,00:00,Angers,Guingamp,3.0,0.0,H,1.0,0.0,H,15.0,12.0,6.0,3.0,6.0,3.0,14.0,8.0,1.0,1.0,0.0,0.0,
F1,03/03/18,00:00,Metz,Toulouse,1.0,1.0,D,1.0,0.0,H,12.0,18.0,1.0,4.0,4.0,9.0,7.0,14.0,0.0,4.0,1.0,0.0,
F1,03/03/18,00:00,St Etienne,Dijon,2.0,2.0,D,1.0,1.0,D,13.0,9.0,7.0,5.0,8.0,6.0,10.0,15.0,0.0,4.0,0.0,0.0,
F1,03/03/18,00:00,Troyes,Paris SG,0.0,2.0,A,0.0,0.0,D,10.0,20.0,2.0,13.0,2.0,4.0,7.0,6.0,3.0,1.0,0.0,0.0,
F1,04/03/18,00:00,Caen,Strasbourg,2.0,0.0,H,1.0,0.0,H,7.0,11.0,4.0,2.0,5.0,3.0,14.0,12.0,4.0,2.0,0.0,0.0,
F1,04/03/18,00:00,Marseille,Nantes,1.0,1.0,D,0.0,1.0,A,22.0,9.0,5.0,3.0,8.0,4.0,7.0,19.0,3.0,4.0,0.0,1.0,
F1,04/03/18,00:00,Montpellier,Lyon,1.0,1.0,D,1.0,0.0,H,10.0,19.0,5.0,4.0,4.0,4.0,15.0,6.0,2.0,2.0,0.0,0.0,
F1,09/03/18,00:00,Strasbourg,Monaco,1.0,3.0,A,1.0,3.0,A,29.0,10.0,5.0,4.0,5.0,3.0,13.0,14.0,0.0,1.0,0.0,0.0,
F1,10/03/18,00:00,Bordeaux,Angers,0.0,0.0,D,0.0,0.0,D,12.0,9.0,2.0,0.0,3.0,2.0,10.0,6.0,0.0,0.0,0.0,0.0,
F1,10/03/18,00:00,Dijon,Amiens,1.0,1.0,D,0.0,1.0,A,10.0,10.0,3.0,4.0,5.0,1.0,12.0,13.0,3.0,0.0,0.0,0.0,
F1,10/03/18,00:00,Lille,Montpellier,1.0,1.0,D,1.0,0.0,H,5.0,13.0,2.0,4.0,3.0,6.0,17.0,12.0,2.0,2.0,0.0,0.0,
F1,10/03/18,00:00,Nantes,Troyes,1.0,0.0,H,0.0,0.0,D,19.0,8.0,3.0,0.0,5.0,3.0,6.0,6.0,0.0,1.0,0.0,0.0,
F1,10/03/18,00:00,Paris SG,Metz,5.0,0.0,H,4.0,0.0,H,18.0,6.0,10.0,3.0,9.0,2.0,10.0,10.0,0.0,1.0,0.0,0.0,
F1,10/03/18,00:00,Rennes,St Etienne,1.0,1.0,D,0.0,1.0,A,18.0,9.0,7.0,3.0,8.0,4.0,16.0,14.0,0.0,4.0,0.0,0.0,
F1,11/03/18,00:00,Guingamp,Nice,2.0,5.0,A,1.0,1.0,D,12.0,17.0,6.0,5.0,6.0,5.0,24.0,8.0,3.0,1.0,0.0,0.0,
F1,11/03/18,00:00,Lyon,Caen,1.0,0.0,H,0.0,0.0,D,20.0,6.0,4.0,1.0,4.0,2.0,3.0,8.0,1.0,1.0,0.0,0.0,
F1,11/03/18,00:00,Toulouse,Marseille,1.0,2.0,A,1.0,1.0,D,9.0,23.0,4.0,9.0,3.0,7.0,16.0,19.0,2.0,3.0,0.0,0.0,
F1,14/03/18,00:00,Paris SG,Angers,2.0,1.0,H,2.0,0.0,H,14.0,20.0,7.0,8.0,7.0,8.0,7.0,11.0,1.0,2.0,1.0,0.0,
F1,16/03/18,00:00,Monaco,Lille,2.0,1.0,H,1.0,1.0,D,10.0,14.0,4.0,5.0,4.0,2.0,13.0,10.0,2.0,0.0,0.0,0.0,
F1,17/03/18,00:00,Amiens,Troyes,1.0,1.0,D,1.0,0.0,H,8.0,11.0,1.0,5.0,4.0,4.0,13.0,11.0,1.0,1.0,0.0,0.0,
F1,17/03/18,00:00,Angers,Caen,3.0,0.0,H,2.0,0.0,H,13.0,8.0,6.0,2.0,1.0,4.0,11.0,9.0,1.0,2.0,0.0,0.0,
F1,17/03/18,00:00,Bordeaux,Rennes,0.0,2.0,A,0.0,0.0,D,9.0,6.0,2.0,3.0,4.0,2.0,13.0,8.0,2.0,1.0,0.0,0.0,
F1,17/03/18,00:00,Montpellier,Dijon,2.0,2.0,D,0.0,1.0,A,18.0,10.0,11.0,7.0,4.0,5.0,16.0,13.0,1.0,4.0,0.0,0.0,
F1,17/03/18,00:00,Toulouse,Strasbourg,2.0,2.0,D,0.0,0.0,D,11.0,12.0,6.0,4.0,6.0,2.0,12.0,11.0,2.0,1.0,0.0,0.0,
F1,18/03/18,00:00,Marseille,Lyon,2.0,3.0,A,1.0,1.0,D,10.0,11.0,5.0,6.0,2.0,4.0,12.0,14.0,2.0,3.0,0.0,0.0,
F1,18/03/18,00:00,Metz,Nantes,1.0,1.0,D,1.0,1.0,D,8.0,15.0,4.0,4.0,3.0,4.0,7.0,10.0,2.0,0.0,0.0,0.0,
F1,18/03/18,00:00,Nice,Paris SG,1.0,2.0,A,1.0,1.0,D,14.0,19.0,4.0,7.0,5.0,4.0,8.0,12.0,0.0,1.0,0.0,0.0,
F1,18/03/18,00:00,St Etienne,Guingamp,2.0,0.0,H,1.0,0.0,H,16.0,9.0,6.0,3.0,7.0,5.0,16.0,12.0,2.0,3.0,0.0,0.0,
F1,31/03/18,00:00,Dijon,Marseille,1.0,3.0,A,0.0,1.0,A,12.0,11.0,2.0,5.0,6.0,6.0,11.0,15.0,2.0,3.0,1.0,0.0,
F1,01/04/18,00:00,Caen,Montpellier,1.0,3.0,A,0.0,2.0,A,8.0,9.0,5.0,6.0,4.0,4.0,22.0,11.0,2.0,2.0,0.0,0.0,
F1,01/04/18,00:00,Guingamp,Bordeaux,2.0,1.0,H,0.0,0.0,D,14.0,15.0,6.0,6.0,5.0,5.0,12.0,14.0,1.0,2.0,0.0,0.0,
F1,01/04/18,00:00,Lille,Amiens,0.0,1.0,A,0.0,0.0,D,15.0,10.0,3.0,2.0,3.0,3.0,9.0,15.0,0.0,2.0,0.0,0.0,
F1,01/04/18,00:00,Lyon,Toulouse,2.0,0.0,H,2.0,0.0,H,20.0,10.0,5.0,6.0,8.0,3.0,14.0,9.0,1.0,1.0,0.0,0.0,
F1,01/04/18,00:00,Nantes,St Etienne,0.0,3.0,A,0.0,1.0,A,20.0,15.0,4.0,8.0,6.0,4.0,16.0,12.0,3.0,0.0,0.0,0.0,
F1,01/04/18,00:00,Strasbourg,Metz,2.0,2.0,D,1.0,1.0,D,18.0,11.0,5.0,5.0,5.0,1.0,16.0,23.0,5.0,4.0,1.0,1.0,
F1,01/04/18,00:00,Troyes,Nice,0.0,2.0,A,0.0,1.0,A,11.0,15.0,3.0,6.0,8.0,5.0,16.0,5.0,1.0,0.0,0.0,0.0,
F1,04/04/18,00:00,Rennes,Monaco,1.0,1.0,D,1.0,1.0,D,20.0,8.0,7.0,2.0,8.0,1.0,28.0,17.0,0.0,2.0,0.0,0.0,
F1,06/04/18,00:00,St Etienne,Paris SG,1.0,1.0,D,1.0,0.0,H,16.0,8.0,5.0,2.0,11.0,3.0,5.0,16.0,1.0,4.0,0.0,1.0,
F1,07/04/18,00:00,Amiens,Caen,3.0,0.0,H,2.0,0.0,H,11.0,14.0,4.0,7.0,7.0,4.0,14.0,14.0,3.0,1.0,0.0,0.0,
F1,07/04/18,00:00,Angers,Strasbourg,1.0,1.0,D,1.0,0.0,H,3.0,11.0,2.0,5.0,2.0,9.0,10.0,17.0,1.0,1.0,0.0,0.0,
F1,07/04/18,00:00,Bordeaux,Lille,2.0,1.0,H,2.0,1.0,H,15.0,7.0,6.0,1.0,7.0,2.0,14.0,12.0,1.0,3.0,0.0,1.0,
F1,07/04/18,00:00,Guingamp,Troyes,4.0,0.0,H,1.0,0.0,H,15.0,8.0,10.0,4.0,9.0,10.0,11.0,12.0,1.0,1.0,0.0,0.0,
F1,07/04/18,00:00,Monaco,Nantes,2.0,1.0,H,2.0,1.0,H,6.0,10.0,3.0,4.0,7.0,5.0,12.0,11.0,4.0,3.0,0.0,0.0,
F1,07/04/18,00:00,Toulouse,Dijon,0.0,1.0,A,0.0,1.0,A,20.0,8.0,5.0,3.0,10.0,3.0,15.0,15.0,2.0,1.0,0.0,0.0,
F1,08/04/18,00:00,Marseille,Montpellier,0.0,0.0,D,0.0,0.0,D,12.0,6.0,3.0,2.0,6.0,2.0,14.0,12.0,2.0,1.0,0.0,0.0,
F1,08/04/18,00:00,Metz,Lyon,0.0,5.0,A,0.0,2.0,A,10.0,14.0,5.0,6.0,4.0,3.0,18.0,7.0,2.0,0.0,0.0,0.0,
F1,08/04/18,00:00,Nice,Rennes,1.0,1.0,D,1.0,1.0,D,10.0,9.0,2.0,3.0,5.0,2.0,7.0,12.0,4.0,4.0,0.0,0.0,
F1,13/04/18,00:00,Angers,Nice,1.0,1.0,D,0.0,0.0,D,12.0,15.0,3.0,7.0,4.0,8.0,14.0,5.0,1.0,3.0,0.0,0.0,
F1,14/04/18,00:00,Lille,Guingamp,2.0,2.0,D,0.0,0.0,D,10.0,6.0,3.0,3.0,2.0,3.0,15.0,15.0,2.0,1.0,0.0,0.0,
F1,14/04/18,00:00,Lyon,Amiens,3.0,0.0,H,1.0,0.0,H,25.0,5.0,8.0,2.0,7.0,5.0,9.0,11.0,0.0,0.0,0.0,0.0,
F1,14/04/18,00:00,Nantes,Dijon,1.0,1.0,D,1.0,0.0,H,15.0,12.0,2.0,4.0,6.0,4.0,14.0,9.0,0.0,0.0,0.0,0.0,
F1,14/04/18,00:00,Rennes,Metz,1.0,2.0,A,1.0,0.0,H,14.0,7.0,3.0,6.0,7.0,3.0,6.0,17.0,1.0,4.0,0.0,0.0,
F1,14/04/18,00:00,Strasbourg,St Etienne,0.0,1.0,A,0.0,0.0,D,16.0,5.0,6.0,1.0,10.0,1.0,11.0,10.0,3.0,1.0,0.0,0.0,
F1,15/04/18,00:00,Montpellier,Bordeaux,1.0,3.0,A,0.0,1.0,A,19.0,9.0,5.0,4.0,6.0,2.0,9.0,8.0,3.0,2.0,0.0,0.0,
F1,15/04/18,00:00,Paris SG,Monaco,7.0,1.0,H,4.0,1.0,H,12.0,11.0,7.0,2.0,4.0,2.0,8.0,8.0,1.0,3.0,0.0,0.0,
F1,15/04/18,00:00,Troyes,Marseille,2.0,3.0,A,1.0,1.0,D,12.0,21.0,7.0,9.0,5.0,8.0,15.0,8.0,2.0,2.0,0.0,0.0,
F1,20/04/18,00:00,Dijon,Lyon,2.0,5.0,A,1.0,1.0,D,17.0,17.0,5.0,11.0,9.0,5.0,11.0,12.0,1.0,2.0,0.0,0.0,
F1,20/04/18,00:00,Nantes,Rennes,1.0,1.0,D,1.0,0.0,H,13.0,18.0,7.0,9.0,5.0,8.0,17.0,12.0,6.0,2.0,1.0,0.0,
F1,21/04/18,00:00,Amiens,Strasbourg,3.0,1.0,H,1.0,0.0,H,7.0,15.0,5.0,2.0,2.0,6.0,20.0,11.0,4.0,2.0,0.0,0.0,
F1,21/04/18,00:00,Guingamp,Monaco,3.0,1.0,H,2.0,0.0,H,24.0,4.0,12.0,1.0,10.0,1.0,13.0,17.0,0.0,2.0,0.0,1.0,
F1,21/04/18,00:00,Marseille,Lille,5.0,1.0,H,4.0,0.0,H,19.0,14.0,8.0,3.0,3.0,6.0,9.0,8.0,0.0,1.0,0.0,0.0,
F1,21/04/18,00:00,Metz,Caen,1.0,1.0,D,0.0,0.0,D,15.0,5.0,3.0,4.0,7.0,2.0,9.0,11.0,2.0,1.0,0.0,0.0,
F1,21/04/18,00:00,Toulouse,Angers,2.0,0.0,H,1.0,0.0,H,14.0,7.0,8.0,0.0,6.0,2.0,11.0,11.0,1.0,2.0,0.0,0.0,
F1,22/04/18,00:00,Bordeaux,Paris SG,0.0,1.0,A,0.0,0.0,D,21.0,10.0,8.0,2.0,8.0,5.0,15.0,8.0,0.0,1.0,0.0,0.0,
F1,22/04/18,00:00,Nice,Montpellier,1.0,0.0,H,0.0,0.0,D,16.0,5.0,4.0,2.0,3.0,3.0,10.0,13.0,0.0,0.0,0.0,0.0,
F1,22/04/18,00:00,St Etienne,Troyes,2.0,1.0,H,0.0,1.0,A,18.0,6.0,6.0,3.0,7.0,2.0,5.0,21.0,0.0,2.0,0.0,0.0,
F1,25/04/18,00:00,Caen,Toulouse,0.0,0.0,D,0.0,0.0,D,9.0,5.0,0.0,2.0,1.0,2.0,9.0,11.0,2.0,1.0,0.0,0.0,
F1,27/04/18,00:00,Montpellier,St Etienne,0.0,1.0,A,0.0,1.0,A,25.0,7.0,5.0,5.0,9.0,1.0,9.0,7.0,0.0,2.0,0.0,0.0,
F1,28/04/18,00:00,Bordeaux,Dijon,3.0,1.0,H,1.0,0.0,H,10.0,10.0,4.0,3.0,4.0,4.0,14.0,12.0,1.0,0.0,0.0,0.0,
F1,28/04/18,00:00,Lille,Metz,3.0,1.0,H,2.0,0.0,H,15.0,14.0,9.0,4.0,3.0,5.0,11.0,12.0,0.0,2.0,0.0,0.0,
F1,28/04/18,00:00,Lyon,Nantes,2.0,0.0,H,1.0,0.0,H,25.0,12.0,11.0,4.0,6.0,4.0,7.0,14.0,1.0,1.0,0.0,0.0,
F1,28/04/18,00:00,Monaco,Amiens,0.0,0.0,D,0.0,0.0,D,16.0,7.0,1.0,1.0,6.0,6.0,9.0,13.0,1.0,2.0,1.0,1.0,
F1,28/04/18,00:00,Strasbourg,Nice,1.0,1.0,D,1.0,0.0,H,9.0,11.0,2.0,7.0,3.0,8.0,18.0,13.0,2.0,4.0,0.0,0.0,
F1,28/04/18,00:00,Troyes,Caen,3.0,1.0,H,2.0,1.0,H,5.0,13.0,3.0,2.0,4.0,5.0,8.0,16.0,1.0,2.0,0.0,0.0,
F1,29/04/18,00:00,Angers,Marseille,1.0,1.0,D,0.0,1.0,A,14.0,13.0,6.0,5.0,4.0,9.0,9.0,9.0,1.0,3.0,0.0,0.0,
F1,29/04/18,00:00,Paris SG,Guingamp,2.0,2.0,D,0.0,1.0,A,14.0,22.0,3.0,5.0,7.0,7.0,11.0,9.0,2.0,0.0,0.0,0.0,
F1,29/04/18,00:00,Rennes,Toulouse,2.0,1.0,H,1.0,1.0,D,6.0,12.0,3.0,2.0,2.0,7.0,11.0,14.0,2.0,1.0,1.0,0.0,
F1,04/05/18,00:00,Amiens,Paris SG,2.0,2.0,D,0.0,1.0,A,12.0,23.0,5.0,8.0,3.0,13.0,14.0,10.0,2.0,0.0,0.0,0.0,
F1,06/05/18,00:00,Caen,Monaco,1.0,2.0,A,1.0,1.0,D,16.0,17.0,5.0,4.0,6.0,8.0,14.0,16.0,1.0,2.0,1.0,0.0,
F1,06/05/18,00:00,Dijon,Guingamp,3.0,1.0,H,1.0,0.0,H,19.0,4.0,9.0,1.0,4.0,3.0,10.0,9.0,1.0,1.0,0.0,0.0,
F1,06/05/18,00:00,Lyon,Troyes,3.0,0.0,H,2.0,0.0,H,17.0,13.0,5.0,4.0,6.0,8.0,9.0,9.0,2.0,2.0,0.0,0.0,
F1,06/05/18,00:00,Marseille,Nice,2.0,1.0,H,1.0,1.0,D,18.0,11.0,8.0,2.0,9.0,4.0,18.0,12.0,1.0,1.0,0.0,0.0,
F1,06/05/18,00:00,Metz,Angers,1.0,2.0,A,1.0,0.0,H,8.0,17.0,4.0,4.0,2.0,7.0,12.0,11.0,1.0,0.0,0.0,0.0,
F1,06/05/18,00:00,Nantes,Montpellier,0.0,2.0,A,0.0,0.0,D,11.0,12.0,2.0,7.0,7.0,3.0,14.0,8.0,0.0,3.0,0.0,0.0,
F1,06/05/18,00:00,Rennes,Strasbourg,2.0,1.0,H,1.0,0.0,H,14.0,7.0,2.0,3.0,5.0,5.0,10.0,11.0,1.0,1.0,0.0,0.0,
F1,06/05/18,00:00,St Etienne,Bordeaux,1.0,3.0,A,1.0,2.0,A,16.0,11.0,3.0,5.0,5.0,2.0,12.0,12.0,2.0,3.0,0.0,0.0,
F1,06/05/18,00:00,Toulouse,Lille,2.0,3.0,A,2.0,1.0,H,6.0,17.0,4.0,8.0,1.0,3.0,14.0,16.0,4.0,2.0,1.0,0.0,
F1,11/05/18,00:00,Guingamp,Marseille,3.0,3.0,D,1.0,2.0,A,22.0,16.0,7.0,5.0,6.0,11.0,20.0,15.0,2.0,0.0,0.0,1.0,
F1,12/05/18,00:00,Amiens,Metz,2.0,0.0,H,1.0,0.0,H,9.0,13.0,2.0,1.0,3.0,8.0,14.0,15.0,1.0,2.0,0.0,0.0,
F1,12/05/18,00:00,Angers,Nantes,0.0,2.0,A,0.0,0.0,D,14.0,12.0,2.0,2.0,5.0,4.0,7.0,11.0,0.0,1.0,0.0,0.0,
F1,12/05/18,00:00,Bordeaux,Toulouse,4.0,2.0,H,1.0,1.0,D,15.0,10.0,6.0,4.0,6.0,6.0,8.0,20.0,1.0,3.0,0.0,0.0,
F1,12/05/18,00:00,Lille,Dijon,2.0,1.0,H,2.0,1.0,H,13.0,12.0,3.0,7.0,4.0,4.0,8.0,11.0,0.0,2.0,0.0,0.0,
F1,12/05/18,00:00,Monaco,St Etienne,1.0,0.0,H,0.0,0.0,D,18.0,11.0,5.0,3.0,6.0,5.0,14.0,11.0,1.0,1.0,1.0,0.0,
F1,12/05/18,00:00,Montpellier,Troyes,1.0,1.0,D,0.0,1.0,A,22.0,9.0,3.0,2.0,11.0,1.0,10.0,9.0,0.0,0.0,0.0,0.0,
F1,12/05/18,00:00,Nice,Caen,4.0,1.0,H,3.0,0.0,H,21.0,12.0,8.0,5.0,4.0,7.0,10.0,18.0,0.0,1.0,0.0,1.0,
F1,12/05/18,00:00,Paris SG,Rennes,0.0,2.0,A,0.0,0.0,D,14.0,10.0,5.0,2.0,7.0,7.0,12.0,12.0,1.0,0.0,0.0,0.0,
F1,12/05/18,00:00,Strasbourg,Lyon,3.0,2.0,H,1.0,0.0,H,9.0,8.0,4.0,3.0,2.0,1.0,25.0,20.0,5.0,1.0,0.0,0.0,
F1,19/05/18,00:00,Caen,Paris SG,0.0,0.0,D,0.0,0.0,D,11.0,7.0,6.0,2.0,2.0,3.0,15.0,18.0,3.0,1.0,0.0,0.0,
F1,19/05/18,00:00,Dijon,Angers,2.0,1.0,H,1.0,0.0,H,7.0,16.0,1.0,8.0,1.0,9.0,17.0,7.0,1.0,2.0,0.0,0.0,
F1,19/05/18,00:00,Lyon,Nice,3.0,2.0,H,0.0,1.0,A,23.0,11.0,8.0,4.0,8.0,7.0,15.0,13.0,3.0,3.0,0.0,0.0,
F1,19/05/18,00:00,Marseille,Amiens,2.0,1.0,H,2.0,1.0,H,27.0,5.0,11.0,2.0,7.0,3.0,12.0,12.0,0.0,0.0,0.0,0.0,
F1,19/05/18,00:00,Metz,Bordeaux,0.0,4.0,A,0.0,3.0,A,7.0,15.0,0.0,7.0,4.0,6.0,11.0,16.0,3.0,0.0,0.0,1.0,
F1,19/05/18,00:00,Nantes,Strasbourg,1.0,0.0,H,1.0,0.0,H,9.0,10.0,2.0,2.0,2.0,7.0,6.0,12.0,0.0,0.0,0.0,0.0,
F1,19/05/18,00:00,Rennes,Montpellier,1.0,1.0,D,1.0,1.0,D,9.0,9.0,1.0,6.0,8.0,4.0,10.0,12.0,0.0,1.0,0.0,1.0,
F1,19/05/18,00:00,St Etienne,Lille,5.0,0.0,H,3.0,0.0,H,14.0,11.0,7.0,3.0,7.0,4.0,6.0,5.0,1.0,0.0,0.0,0.0,
F1,19/05/18,00:00,Toulouse,Guingamp,2.0,1.0,H,0.0,0.0,D,17.0,13.0,7.0,6.0,9.0,5.0,9.0,14.0,3.0,2.0,0.0,0.0,
F1,19/05/18,00:00,Troyes,Monaco,0.0,3.0,A,0.0,1.0,A,12.0,21.0,4.0,14.0,6.0,2.0,14.0,13.0,1.0,1.0,0.0,0.0,
F1,10/08/2018,00:00,Marseille,Toulouse,4.0,0.0,H,1.0,0.0,H,23.0,5.0,10.0,1.0,5.0,1.0,7.0,20.0,1.0,3.0,0.0,0.0,
F1,11/08/2018,00:00,Angers,Nimes,3.0,4.0,A,1.0,1.0,D,21.0,14.0,7.0,5.0,5.0,1.0,20.0,12.0,2.0,2.0,0.0,1.0,
F1,11/08/2018,00:00,Lille,Rennes,3.0,1.0,H,1.0,1.0,D,15.0,8.0,6.0,2.0,2.0,6.0,12.0,13.0,1.0,0.0,0.0,0.0,
F1,11/08/2018,00:00,Montpellier,Dijon,1.0,2.0,A,1.0,0.0,H,16.0,9.0,7.0,4.0,4.0,2.0,15.0,21.0,2.0,2.0,0.0,0.0,
F1,11/08/2018,00:00,Nantes,Monaco,1.0,3.0,A,0.0,0.0,D,16.0,11.0,4.0,6.0,7.0,2.0,8.0,15.0,1.0,0.0,0.0,0.0,
F1,11/08/2018,00:00,Nice,Reims,0.0,1.0,A,0.0,1.0,A,19.0,5.0,1.0,3.0,10.0,2.0,13.0,14.0,1.0,2.0,0.0,0.0,
F1,11/08/2018,00:00,St Etienne,Guingamp,2.0,1.0,H,1.0,0.0,H,11.0,11.0,6.0,5.0,6.0,9.0,14.0,11.0,3.0,1.0,0.0,0.0,
F1,12/08/2018,00:00,Bordeaux,Strasbourg,0.0,2.0,A,0.0,0.0,D,5.0,17.0,2.0,6.0,3.0,10.0,6.0,12.0,1.0,0.0,1.0,0.0,
F1,12/08/2018,00:00,Lyon,Amiens,2.0,0.0,H,1.0,0.0,H,15.0,10.0,7.0,1.0,10.0,1.0,9.0,17.0,0.0,2.0,0.0,0.0,
F1,12/08/2018,00:00,Paris SG,Caen,3.0,0.0,H,2.0,0.0,H,11.0,5.0,8.0,1.0,6.0,3.0,13.0,7.0,1.0,0.0,0.0,0.0,
F1,17/08/2018,00:00,Reims,Lyon,1.0,0.0,H,1.0,0.0,H,7.0,19.0,2.0,5.0,0.0,4.0,11.0,10.0,2.0,0.0,0.0,0.0,
F1,18/08/2018,00:00,Amiens,Montpellier,1.0,2.0,A,0.0,0.0,D,11.0,7.0,2.0,3.0,6.0,2.0,15.0,15.0,1.0,3.0,0.0,0.0,
F1,18/08/2018,00:00,Caen,Nice,1.0,1.0,D,0.0,0.0,D,13.0,16.0,4.0,5.0,5.0,10.0,22.0,11.0,2.0,2.0,0.0,0.0,
F1,18/08/2018,00:00,Dijon,Nantes,2.0,0.0,H,1.0,0.0,H,14.0,7.0,7.0,0.0,3.0,4.0,18.0,13.0,0.0,1.0,0.0,1.0,
F1,18/08/2018,00:00,Guingamp,Paris SG,1.0,3.0,A,1.0,0.0,H,11.0,17.0,3.0,7.0,4.0,7.0,15.0,16.0,0.0,1.0,0.0,0.0,
F1,18/08/2018,00:00,Monaco,Lille,0.0,0.0,D,0.0,0.0,D,10.0,13.0,1.0,4.0,8.0,4.0,10.0,14.0,0.0,0.0,0.0,0.0,
F1,18/08/2018,00:00,Rennes,Angers,1.0,0.0,H,0.0,0.0,D,5.0,7.0,2.0,0.0,3.0,0.0,8.0,11.0,1.0,2.0,0.0,0.0,
F1,19/08/2018,00:00,Nimes,Marseille,3.0,1.0,H,1.0,0.0,H,14.0,10.0,7.0,5.0,6.0,7.0,11.0,11.0,3.0,1.0,0.0,0.0,
F1,19/08/2018,00:00,Strasbourg,St Etienne,1.0,1.0,D,0.0,0.0,D,11.0,9.0,5.0,2.0,7.0,2.0,11.0,7.0,1.0,2.0,0.0,1.0,
F1,19/08/2018,00:00,Toulouse,Bordeaux,2.0,1.0,H,1.0,0.0,H,13.0,15.0,5.0,8.0,1.0,2.0,10.0,11.0,1.0,1.0,0.0,0.0,
F1,24/08/2018,00:00,Lyon,Strasbourg,2.0,0.0,H,1.0,0.0,H,22.0,9.0,10.0,1.0,5.0,4.0,13.0,13.0,1.0,2.0,0.0,0.0,
F1,25/08/2018,00:00,Amiens,Reims,4.0,1.0,H,1.0,0.0,H,14.0,7.0,8.0,3.0,4.0,2.0,18.0,17.0,1.0,1.0,0.0,1.0,
F1,25/08/2018,00:00,Montpellier,St Etienne,0.0,0.0,D,0.0,0.0,D,14.0,9.0,1.0,2.0,6.0,3.0,12.0,14.0,3.0,0.0,0.0,0.0,
F1,25/08/2018,00:00,Nantes,Caen,1.0,1.0,D,0.0,1.0,A,16.0,3.0,3.0,2.0,3.0,1.0,16.0,16.0,2.0,3.0,0.0,1.0,
F1,25/08/2018,00:00,Nice,Dijon,0.0,4.0,A,0.0,0.0,D,16.0,9.0,3.0,5.0,5.0,3.0,11.0,19.0,2.0,3.0,0.0,0.0,
F1,25/08/2018,00:00,Paris SG,Angers,3.0,1.0,H,1.0,1.0,D,13.0,11.0,5.0,6.0,9.0,1.0,10.0,2.0,2.0,0.0,0.0,0.0,
F1,25/08/2018,00:00,Toulouse,Nimes,1.0,0.0,H,0.0,0.0,D,10.0,9.0,5.0,0.0,3.0,3.0,17.0,21.0,1.0,3.0,0.0,0.0,
F1,26/08/2018,00:00,Bordeaux,Monaco,2.0,1.0,H,0.0,0.0,D,14.0,15.0,6.0,5.0,5.0,8.0,10.0,14.0,1.0,2.0,0.0,0.0,
F1,26/08/2018,00:00,Lille,Guingamp,3.0,0.0,H,2.0,0.0,H,13.0,13.0,7.0,4.0,4.0,4.0,13.0,13.0,2.0,1.0,0.0,1.0,
F1,26/08/2018,00:00,Marseille,Rennes,2.0,2.0,D,0.0,2.0,A,8.0,7.0,3.0,2.0,8.0,4.0,16.0,15.0,1.0,1.0,0.0,0.0,
F1,31/08/2018,00:00,Lyon,Nice,0.0,1.0,A,0.0,0.0,D,29.0,8.0,9.0,1.0,10.0,5.0,6.0,14.0,0.0,2.0,0.0,0.0,
F1,01/09/2018,00:00,Angers,Lille,1.0,0.0,H,0.0,0.0,D,6.0,17.0,3.0,4.0,4.0,5.0,14.0,8.0,0.0,1.0,1.0,0.0,
F1,01/09/2018,00:00,Dijon,Caen,0.0,2.0,A,0.0,1.0,A,15.0,9.0,2.0,4.0,9.0,5.0,11.0,13.0,0.0,3.0,0.0,0.0,
F1,01/09/2018,00:00,Guingamp,Toulouse,1.0,2.0,A,1.0,2.0,A,23.0,5.0,5.0,4.0,11.0,4.0,12.0,13.0,3.0,2.0,0.0,1.0,
F1,01/09/2018,00:00,Nimes,Paris SG,2.0,4.0,A,0.0,2.0,A,14.0,7.0,6.0,5.0,3.0,4.0,12.0,11.0,1.0,3.0,1.0,1.0,
F1,01/09/2018,00:00,Reims,Montpellier,0.0,1.0,A,0.0,0.0,D,21.0,9.0,6.0,3.0,5.0,5.0,11.0,11.0,0.0,0.0,0.0,0.0,
F1,01/09/2018,00:00,Strasbourg,Nantes,2.0,3.0,A,1.0,2.0,A,10.0,14.0,5.0,5.0,1.0,3.0,12.0,12.0,1.0,2.0,0.0,0.0,
F1,02/09/2018,00:00,Monaco,Marseille,2.0,3.0,A,0.0,1.0,A,8.0,15.0,4.0,5.0,1.0,5.0,11.0,16.0,1.0,1.0,0.0,0.0,
F1,02/09/2018,00:00,Rennes,Bordeaux,2.0,0.0,H,2.0,0.0,H,16.0,8.0,8.0,1.0,6.0,5.0,12.0,14.0,0.0,3.0,0.0,0.0,
F1,02/09/2018,00:00,St Etienne,Amiens,0.0,0.0,D,0.0,0.0,D,19.0,9.0,5.0,2.0,14.0,1.0,11.0,12.0,3.0,2.0,0.0,0.0,
F1,14/09/2018,00:00,Nice,Rennes,2.0,1.0,H,0.0,0.0,D,13.0,10.0,4.0,3.0,3.0,2.0,10.0,19.0,4.0,1.0,0.0,0.0,
F1,14/09/2018,00:00,Paris SG,St Etienne,4.0,0.0,H,1.0,0.0,H,16.0,11.0,9.0,2.0,7.0,4.0,12.0,13.0,1.0,1.0,0.0,0.0,
F1,15/09/2018,00:00,Amiens,Lille,2.0,3.0,A,0.0,1.0,A,8.0,18.0,4.0,9.0,3.0,3.0,12.0,21.0,1.0,2.0,0.0,0.0,
F1,15/09/2018,00:00,Caen,Lyon,2.0,2.0,D,0.0,1.0,A,18.0,17.0,4.0,6.0,2.0,4.0,15.0,13.0,1.0,2.0,2.0,0.0,
F1,15/09/2018,00:00,Dijon,Angers,1.0,3.0,A,1.0,3.0,A,11.0,13.0,3.0,6.0,4.0,6.0,11.0,13.0,2.0,2.0,0.0,0.0,
F1,15/09/2018,00:00,Montpellier,Strasbourg,1.0,1.0,D,0.0,0.0,D,10.0,7.0,3.0,1.0,5.0,5.0,15.0,14.0,1.0,2.0,0.0,0.0,
F1,15/09/2018,00:00,Toulouse,Monaco,1.0,1.0,D,0.0,0.0,D,13.0,12.0,6.0,2.0,6.0,3.0,17.0,17.0,2.0,3.0,0.0,0.0,
F1,16/09/2018,00:00,Bordeaux,Nimes,3.0,3.0,D,1.0,2.0,A,15.0,14.0,4.0,5.0,8.0,3.0,12.0,9.0,2.0,0.0,0.0,0.0,
F1,16/09/2018,00:00,Marseille,Guingamp,4.0,0.0,H,0.0,0.0,D,17.0,2.0,6.0,0.0,8.0,1.0,7.0,9.0,1.0,1.0,0.0,0.0,
F1,16/09/2018,00:00,Nantes,Reims,0.0,0.0,D,0.0,0.0,D,12.0,7.0,6.0,0.0,7.0,7.0,13.0,12.0,3.0,4.0,0.0,0.0,
F1,21/09/2018,00:00,Monaco,Nimes,1.0,1.0,D,1.0,1.0,D,15.0,9.0,4.0,2.0,5.0,5.0,15.0,15.0,1.0,2.0,0.0,0.0,
F1,22/09/2018,00:00,Angers,Toulouse,0.0,0.0,D,0.0,0.0,D,16.0,7.0,4.0,0.0,4.0,4.0,14.0,14.0,1.0,2.0,0.0,0.0,
F1,22/09/2018,00:00,Lille,Nantes,2.0,1.0,H,1.0,0.0,H,11.0,11.0,8.0,4.0,4.0,1.0,15.0,12.0,3.0,4.0,0.0,0.0,
F1,22/09/2018,00:00,Montpellier,Nice,1.0,0.0,H,1.0,0.0,H,12.0,9.0,5.0,2.0,6.0,5.0,14.0,11.0,3.0,2.0,0.0,0.0,
F1,22/09/2018,00:00,Reims,Dijon,0.0,0.0,D,0.0,0.0,D,11.0,6.0,2.0,0.0,9.0,3.0,15.0,14.0,1.0,1.0,0.0,0.0,
F1,22/09/2018,00:00,St Etienne,Caen,2.0,1.0,H,0.0,1.0,A,23.0,9.0,7.0,2.0,9.0,6.0,3.0,20.0,2.0,3.0,0.0,0.0,
F1,22/09/2018,00:00,Strasbourg,Amiens,3.0,1.0,H,0.0,1.0,A,13.0,8.0,6.0,3.0,1.0,1.0,16.0,13.0,1.0,4.0,0.0,0.0,
F1,23/09/2018,00:00,Guingamp,Bordeaux,1.0,3.0,A,0.0,0.0,D,18.0,11.0,5.0,6.0,6.0,4.0,14.0,17.0,1.0,4.0,0.0,0.0,
F1,23/09/2018,00:00,Lyon,Marseille,4.0,2.0,H,1.0,1.0,D,17.0,9.0,5.0,3.0,3.0,7.0,7.0,12.0,1.0,2.0,0.0,1.0,
F1,23/09/2018,00:00,Rennes,Paris SG,1.0,3.0,A,1.0,1.0,D,14.0,15.0,4.0,6.0,9.0,4.0,11.0,17.0,2.0,3.0,0.0,0.0,
F1,25/09/2018,00:00,Monaco,Angers,0.0,1.0,A,0.0,1.0,A,7.0,6.0,0.0,3.0,5.0,4.0,13.0,12.0,1.0,2.0,0.0,0.0,
F1,25/09/2018,00:00,Nantes,Nice,1.0,2.0,A,0.0,1.0,A,10.0,12.0,3.0,5.0,8.0,8.0,12.0,15.0,1.0,2.0,0.0,0.0,
F1,25/09/2018,00:00,Toulouse,St Etienne,2.0,3.0,A,0.0,1.0,A,20.0,14.0,6.0,8.0,4.0,2.0,13.0,14.0,1.0,2.0,0.0,0.0,
F1,26/09/2018,00:00,Amiens,Rennes,2.0,1.0,H,0.0,0.0,D,12.0,15.0,3.0,2.0,9.0,6.0,11.0,18.0,0.0,2.0,0.0,1.0,
F1,26/09/2018,00:00,Bordeaux,Lille,1.0,0.0,H,1.0,0.0,H,7.0,15.0,3.0,6.0,3.0,4.0,13.0,19.0,1.0,3.0,0.0,1.0,
F1,26/09/2018,00:00,Caen,Montpellier,2.0,2.0,D,1.0,1.0,D,11.0,16.0,3.0,6.0,4.0,6.0,10.0,14.0,2.0,2.0,0.0,1.0,
F1,26/09/2018,00:00,Dijon,Lyon,0.0,3.0,A,0.0,3.0,A,30.0,16.0,6.0,5.0,8.0,2.0,12.0,11.0,2.0,2.0,1.0,1.0,
F1,26/09/2018,00:00,Marseille,Strasbourg,3.0,2.0,H,2.0,1.0,H,13.0,9.0,5.0,5.0,3.0,2.0,12.0,13.0,3.0,3.0,1.0,0.0,
F1,26/09/2018,00:00,Nimes,Guingamp,0.0,0.0,D,0.0,0.0,D,7.0,9.0,2.0,3.0,4.0,3.0,11.0,12.0,3.0,3.0,0.0,0.0,
F1,26/09/2018,00:00,Paris SG,Reims,4.0,1.0,H,3.0,1.0,H,15.0,9.0,7.0,3.0,8.0,4.0,12.0,13.0,0.0,1.0,0.0,0.0,
F1,28/09/2018,00:00,St Etienne,Monaco,2.0,0.0,H,1.0,0.0,H,16.0,20.0,5.0,7.0,6.0,3.0,8.0,9.0,0.0,1.0,0.0,0.0,
F1,29/09/2018,00:00,Angers,Guingamp,0.0,1.0,A,0.0,1.0,A,11.0,11.0,4.0,5.0,1.0,4.0,15.0,13.0,3.0,3.0,0.0,0.0,
F1,29/09/2018,00:00,Caen,Amiens,1.0,0.0,H,1.0,0.0,H,12.0,7.0,4.0,2.0,7.0,4.0,15.0,11.0,2.0,2.0,0.0,1.0,
F1,29/09/2018,00:00,Lyon,Nantes,1.0,1.0,D,1.0,0.0,H,20.0,19.0,7.0,4.0,10.0,10.0,15.0,12.0,3.0,4.0,0.0,0.0,
F1,29/09/2018,00:00,Nice,Paris SG,0.0,3.0,A,0.0,1.0,A,9.0,21.0,1.0,8.0,3.0,7.0,13.0,12.0,3.0,2.0,1.0,0.0,
F1,29/09/2018,00:00,Reims,Bordeaux,0.0,0.0,D,0.0,0.0,D,9.0,7.0,0.0,3.0,7.0,1.0,16.0,23.0,2.0,3.0,0.0,0.0,
F1,29/09/2018,00:00,Strasbourg,Dijon,3.0,0.0,H,1.0,0.0,H,7.0,14.0,5.0,1.0,0.0,5.0,11.0,17.0,1.0,3.0,0.0,0.0,
F1,30/09/2018,00:00,Lille,Marseille,3.0,0.0,H,0.0,0.0,D,16.0,8.0,4.0,3.0,5.0,2.0,8.0,14.0,1.0,3.0,0.0,0.0,
F1,30/09/2018,00:00,Montpellier,Nimes,3.0,0.0,H,2.0,0.0,H,19.0,11.0,6.0,3.0,4.0,1.0,15.0,18.0,2.0,3.0,0.0,0.0,
F1,30/09/2018,00:00,Rennes,Toulouse,1.0,1.0,D,0.0,0.0,D,22.0,5.0,7.0,2.0,7.0,3.0,17.0,14.0,1.0,4.0,0.0,1.0,
F1,05/10/2018,00:00,Toulouse,Nice,1.0,1.0,D,0.0,1.0,A,13.0,11.0,2.0,2.0,3.0,2.0,17.0,14.0,1.0,2.0,0.0,0.0,
F1,06/10/2018,00:00,Amiens,Dijon,1.0,0.0,H,1.0,0.0,H,8.0,10.0,2.0,3.0,6.0,2.0,19.0,18.0,0.0,0.0,0.0,0.0,
F1,06/10/2018,00:00,Angers,Strasbourg,2.0,2.0,D,0.0,2.0,A,24.0,9.0,6.0,4.0,6.0,1.0,11.0,13.0,1.0,5.0,0.0,0.0,
F1,06/10/2018,00:00,Guingamp,Montpellier,1.0,1.0,D,0.0,1.0,A,7.0,11.0,2.0,5.0,3.0,4.0,11.0,17.0,0.0,3.0,1.0,1.0,
F1,06/10/2018,00:00,Lille,St Etienne,3.0,1.0,H,1.0,1.0,D,12.0,6.0,5.0,2.0,1.0,4.0,8.0,10.0,2.0,1.0,0.0,0.0,
F1,06/10/2018,00:00,Nimes,Reims,0.0,0.0,D,0.0,0.0,D,17.0,9.0,5.0,2.0,9.0,1.0,13.0,11.0,1.0,1.0,0.0,0.0,
F1,07/10/2018,00:00,Bordeaux,Nantes,3.0,0.0,H,3.0,0.0,H,16.0,12.0,7.0,2.0,4.0,6.0,19.0,15.0,1.0,1.0,0.0,0.0,
F1,07/10/2018,00:00,Marseille,Caen,2.0,0.0,H,2.0,0.0,H,17.0,7.0,6.0,2.0,4.0,2.0,14.0,14.0,3.0,5.0,0.0,0.0,
F1,07/10/2018,00:00,Monaco,Rennes,1.0,2.0,A,0.0,1.0,A,8.0,11.0,2.0,4.0,2.0,3.0,18.0,16.0,5.0,1.0,1.0,0.0,
F1,07/10/2018,00:00,Paris SG,Lyon,5.0,0.0,H,1.0,0.0,H,14.0,16.0,8.0,6.0,2.0,10.0,11.0,16.0,2.0,4.0,1.0,1.0,
F1,19/10/2018,00:00,Lyon,Nimes,2.0,0.0,H,1.0,0.0,H,13.0,23.0,5.0,6.0,7.0,7.0,10.0,11.0,1.0,2.0,0.0,0.0,
F1,20/10/2018,00:00,Caen,Guingamp,0.0,0.0,D,0.0,0.0,D,4.0,7.0,2.0,2.0,3.0,2.0,17.0,5.0,0.0,0.0,0.0,0.0,
F1,20/10/2018,00:00,Dijon,Lille,1.0,2.0,A,0.0,2.0,A,17.0,8.0,7.0,3.0,10.0,5.0,20.0,13.0,2.0,2.0,0.0,0.0,
F1,20/10/2018,00:00,Nantes,Toulouse,4.0,0.0,H,2.0,0.0,H,18.0,5.0,9.0,2.0,4.0,3.0,12.0,13.0,3.0,1.0,0.0,0.0,
F1,20/10/2018,00:00,Paris SG,Amiens,5.0,0.0,H,2.0,0.0,H,16.0,8.0,8.0,2.0,10.0,5.0,12.0,10.0,0.0,0.0,0.0,0.0,
F1,20/10/2018,00:00,Reims,Angers,1.0,1.0,D,0.0,1.0,A,12.0,16.0,5.0,6.0,8.0,6.0,13.0,7.0,1.0,0.0,0.0,0.0,
F1,20/10/2018,00:00,Strasbourg,Monaco,2.0,1.0,H,1.0,0.0,H,8.0,12.0,5.0,5.0,4.0,6.0,13.0,11.0,2.0,3.0,0.0,1.0,
F1,21/10/2018,00:00,Montpellier,Bordeaux,2.0,0.0,H,1.0,0.0,H,13.0,12.0,4.0,3.0,2.0,3.0,13.0,11.0,2.0,3.0,0.0,0.0,
F1,21/10/2018,00:00,Nice,Marseille,0.0,1.0,A,0.0,1.0,A,14.0,9.0,3.0,1.0,5.0,7.0,12.0,9.0,3.0,1.0,0.0,0.0,
F1,21/10/2018,00:00,St Etienne,Rennes,1.0,1.0,D,1.0,1.0,D,8.0,15.0,2.0,5.0,2.0,4.0,13.0,11.0,1.0,1.0,0.0,0.0,
F1,26/10/2018,00:00,Nimes,St Etienne,1.0,1.0,D,0.0,1.0,A,13.0,13.0,6.0,5.0,7.0,4.0,6.0,15.0,1.0,3.0,0.0,0.0,
F1,27/10/2018,00:00,Amiens,Nantes,1.0,2.0,A,0.0,1.0,A,18.0,12.0,8.0,5.0,10.0,2.0,16.0,10.0,1.0,2.0,0.0,0.0,
F1,27/10/2018,00:00,Angers,Lyon,1.0,2.0,A,0.0,0.0,D,14.0,9.0,4.0,5.0,7.0,0.0,9.0,10.0,2.0,5.0,1.0,0.0,
F1,27/10/2018,00:00,Guingamp,Strasbourg,1.0,1.0,D,1.0,0.0,H,10.0,12.0,4.0,5.0,6.0,5.0,10.0,14.0,1.0,1.0,0.0,0.0,
F1,27/10/2018,00:00,Lille,Caen,1.0,0.0,H,0.0,0.0,D,11.0,5.0,4.0,1.0,9.0,4.0,13.0,20.0,0.0,2.0,0.0,0.0,
F1,27/10/2018,00:00,Monaco,Dijon,2.0,2.0,D,1.0,1.0,D,12.0,11.0,5.0,3.0,6.0,4.0,15.0,14.0,2.0,3.0,0.0,0.0,
F1,27/10/2018,00:00,Toulouse,Montpellier,0.0,3.0,A,0.0,2.0,A,15.0,22.0,4.0,8.0,5.0,7.0,13.0,13.0,2.0,1.0,0.0,0.0,
F1,28/10/2018,00:00,Bordeaux,Nice,0.0,1.0,A,0.0,0.0,D,23.0,13.0,7.0,2.0,5.0,2.0,13.0,13.0,2.0,3.0,0.0,0.0,
F1,28/10/2018,00:00,Marseille,Paris SG,0.0,2.0,A,0.0,0.0,D,12.0,11.0,2.0,5.0,5.0,7.0,8.0,11.0,4.0,2.0,0.0,0.0,
F1,28/10/2018,00:00,Rennes,Reims,0.0,2.0,A,0.0,1.0,A,11.0,6.0,5.0,3.0,11.0,2.0,16.0,17.0,3.0,2.0,0.0,0.0,
F1,02/11/2018,00:00,Paris SG,Lille,2.0,1.0,H,0.0,0.0,D,19.0,6.0,5.0,2.0,8.0,0.0,16.0,12.0,2.0,3.0,0.0,0.0,
F1,03/11/2018,00:00,Caen,Rennes,1.0,2.0,A,0.0,0.0,D,12.0,22.0,3.0,10.0,2.0,4.0,13.0,11.0,1.0,2.0,0.0,0.0,
F1,03/11/2018,00:00,Dijon,Nimes,0.0,4.0,A,0.0,2.0,A,23.0,11.0,7.0,6.0,7.0,3.0,12.0,13.0,1.0,0.0,0.0,0.0,
F1,03/11/2018,00:00,Lyon,Bordeaux,1.0,1.0,D,1.0,0.0,H,6.0,17.0,2.0,3.0,5.0,5.0,18.0,16.0,1.0,1.0,0.0,0.0,
F1,03/11/2018,00:00,Nice,Amiens,1.0,0.0,H,1.0,0.0,H,7.0,13.0,4.0,7.0,1.0,4.0,8.0,9.0,1.0,0.0,0.0,0.0,
F1,03/11/2018,00:00,Reims,Monaco,1.0,0.0,H,1.0,0.0,H,8.0,5.0,4.0,1.0,2.0,4.0,12.0,16.0,0.0,3.0,1.0,1.0,
F1,03/11/2018,00:00,Strasbourg,Toulouse,1.0,1.0,D,0.0,0.0,D,18.0,5.0,2.0,2.0,10.0,3.0,8.0,4.0,2.0,1.0,0.0,0.0,
F1,04/11/2018,00:00,Montpellier,Marseille,3.0,0.0,H,0.0,0.0,D,14.0,11.0,6.0,2.0,2.0,6.0,12.0,14.0,0.0,3.0,0.0,0.0,
F1,04/11/2018,00:00,Nantes,Guingamp,5.0,0.0,H,1.0,0.0,H,19.0,4.0,10.0,0.0,8.0,5.0,10.0,13.0,0.0,2.0,0.0,0.0,
F1,04/11/2018,00:00,St Etienne,Angers,4.0,3.0,H,2.0,2.0,D,18.0,10.0,9.0,6.0,9.0,5.0,8.0,10.0,1.0,1.0,0.0,0.0,
F1,09/11/2018,00:00,Lille,Strasbourg,0.0,0.0,D,0.0,0.0,D,22.0,4.0,8.0,1.0,7.0,0.0,9.0,14.0,0.0,2.0,0.0,0.0,
F1,10/11/2018,00:00,Angers,Montpellier,1.0,0.0,H,0.0,0.0,D,10.0,10.0,3.0,3.0,5.0,3.0,16.0,13.0,1.0,2.0,0.0,0.0,
F1,10/11/2018,00:00,Guingamp,Lyon,2.0,4.0,A,1.0,0.0,H,9.0,19.0,2.0,6.0,6.0,0.0,13.0,18.0,1.0,2.0,0.0,0.0,
F1,10/11/2018,00:00,Nimes,Nice,0.0,1.0,A,0.0,0.0,D,8.0,13.0,3.0,8.0,4.0,6.0,11.0,16.0,4.0,5.0,2.0,0.0,
F1,10/11/2018,00:00,St Etienne,Reims,2.0,0.0,H,2.0,0.0,H,14.0,14.0,5.0,3.0,5.0,6.0,10.0,21.0,3.0,1.0,0.0,0.0,
F1,10/11/2018,00:00,Toulouse,Amiens,0.0,1.0,A,0.0,1.0,A,23.0,7.0,6.0,2.0,7.0,3.0,11.0,15.0,3.0,1.0,0.0,0.0,
F1,11/11/2018,00:00,Bordeaux,Caen,0.0,0.0,D,0.0,0.0,D,16.0,9.0,6.0,1.0,3.0,6.0,12.0,14.0,4.0,3.0,0.0,0.0,
F1,11/11/2018,00:00,Marseille,Dijon,2.0,0.0,H,1.0,0.0,H,16.0,9.0,3.0,3.0,10.0,4.0,9.0,17.0,0.0,2.0,0.0,0.0,
F1,11/11/2018,00:00,Monaco,Paris SG,0.0,4.0,A,0.0,2.0,A,15.0,14.0,2.0,9.0,6.0,9.0,15.0,10.0,0.0,0.0,0.0,0.0,
F1,11/11/2018,00:00,Rennes,Nantes,1.0,1.0,D,1.0,1.0,D,14.0,7.0,4.0,3.0,8.0,4.0,15.0,17.0,4.0,3.0,0.0,0.0,
F1,23/11/2018,00:00,Lyon,St Etienne,1.0,0.0,H,0.0,0.0,D,13.0,16.0,1.0,3.0,6.0,8.0,10.0,16.0,1.0,2.0,1.0,0.0,
F1,24/11/2018,00:00,Caen,Monaco,0.0,1.0,A,0.0,0.0,D,9.0,10.0,1.0,4.0,7.0,4.0,16.0,20.0,2.0,3.0,0.0,0.0,
F1,24/11/2018,00:00,Dijon,Bordeaux,0.0,0.0,D,0.0,0.0,D,14.0,11.0,4.0,0.0,6.0,6.0,18.0,12.0,2.0,1.0,0.0,0.0,
F1,24/11/2018,00:00,Nantes,Angers,1.0,1.0,D,0.0,1.0,A,24.0,7.0,8.0,1.0,8.0,2.0,13.0,12.0,2.0,3.0,0.0,0.0,
F1,24/11/2018,00:00,Paris SG,Toulouse,1.0,0.0,H,1.0,0.0,H,9.0,11.0,2.0,3.0,7.0,6.0,12.0,9.0,0.0,0.0,0.0,0.0,
F1,24/11/2018,00:00,Reims,Guingamp,2.0,1.0,H,1.0,0.0,H,10.0,6.0,3.0,4.0,5.0,2.0,12.0,10.0,1.0,4.0,0.0,0.0,
F1,24/11/2018,00:00,Strasbourg,Nimes,0.0,1.0,A,0.0,0.0,D,12.0,14.0,4.0,3.0,7.0,8.0,12.0,8.0,3.0,1.0,1.0,0.0,
F1,25/11/2018,00:00,Amiens,Marseille,1.0,3.0,A,1.0,1.0,D,9.0,21.0,3.0,9.0,5.0,8.0,14.0,11.0,2.0,2.0,0.0,0.0,
F1,25/11/2018,00:00,Montpellier,Rennes,2.0,2.0,D,1.0,1.0,D,15.0,16.0,4.0,7.0,2.0,5.0,13.0,16.0,3.0,1.0,0.0,0.0,
F1,25/11/2018,00:00,Nice,Lille,2.0,0.0,H,1.0,0.0,H,11.0,9.0,4.0,2.0,4.0,12.0,10.0,18.0,1.0,4.0,0.0,0.0,
F1,30/11/2018,00:00,St Etienne,Nantes,3.0,0.0,H,0.0,0.0,D,16.0,7.0,4.0,1.0,8.0,1.0,16.0,17.0,1.0,2.0,0.0,0.0,
F1,01/12/2018,00:00,Angers,Caen,1.0,1.0,D,0.0,0.0,D,11.0,8.0,4.0,3.0,6.0,2.0,15.0,8.0,1.0,2.0,0.0,0.0,
F1,01/12/2018,00:00,Guingamp,Nice,0.0,0.0,D,0.0,0.0,D,12.0,10.0,2.0,1.0,4.0,1.0,6.0,11.0,1.0,1.0,0.0,0.0,
F1,01/12/2018,00:00,Lille,Lyon,2.0,2.0,D,2.0,0.0,H,13.0,18.0,6.0,5.0,4.0,6.0,14.0,8.0,2.0,1.0,0.0,0.0,
F1,01/12/2018,00:00,Monaco,Montpellier,1.0,2.0,A,1.0,0.0,H,13.0,15.0,2.0,3.0,4.0,3.0,6.0,20.0,0.0,0.0,0.0,0.0,
F1,01/12/2018,00:00,Nimes,Amiens,3.0,0.0,H,1.0,0.0,H,13.0,9.0,7.0,2.0,5.0,2.0,10.0,12.0,1.0,4.0,0.0,0.0,
F1,02/12/2018,00:00,Bordeaux,Paris SG,2.0,2.0,D,0.0,1.0,A,18.0,9.0,4.0,2.0,4.0,4.0,12.0,12.0,1.0,2.0,0.0,0.0,
F1,02/12/2018,00:00,Marseille,Reims,0.0,0.0,D,0.0,0.0,D,16.0,12.0,5.0,4.0,13.0,1.0,16.0,12.0,2.0,1.0,0.0,0.0,
F1,02/12/2018,00:00,Rennes,Strasbourg,1.0,4.0,A,1.0,2.0,A,12.0,14.0,2.0,8.0,10.0,3.0,8.0,10.0,3.0,1.0,0.0,0.0,
F1,02/12/2018,00:00,Toulouse,Dijon,2.0,2.0,D,0.0,1.0,A,12.0,14.0,3.0,5.0,2.0,5.0,12.0,17.0,1.0,3.0,1.0,0.0,
F1,04/12/2018,00:00,Amiens,Monaco,0.0,2.0,A,0.0,1.0,A,15.0,6.0,2.0,4.0,5.0,2.0,21.0,17.0,2.0,3.0,1.0,0.0,
F1,04/12/2018,00:00,Montpellier,Lille,0.0,1.0,A,0.0,1.0,A,16.0,13.0,4.0,6.0,8.0,8.0,15.0,10.0,2.0,2.0,0.0,0.0,
F1,04/12/2018,00:00,Nice,Angers,0.0,0.0,D,0.0,0.0,D,16.0,8.0,5.0,2.0,7.0,2.0,10.0,17.0,3.0,1.0,0.0,1.0,
F1,05/12/2018,00:00,Bordeaux,St Etienne,3.0,2.0,H,1.0,1.0,D,13.0,14.0,5.0,4.0,3.0,7.0,13.0,12.0,2.0,3.0,0.0,0.0,
F1,05/12/2018,00:00,Caen,Nimes,1.0,2.0,A,0.0,1.0,A,11.0,23.0,3.0,7.0,0.0,6.0,19.0,14.0,1.0,3.0,0.0,0.0,
F1,05/12/2018,00:00,Dijon,Guingamp,2.0,1.0,H,1.0,0.0,H,9.0,21.0,3.0,9.0,2.0,9.0,19.0,17.0,6.0,1.0,1.0,0.0,
F1,05/12/2018,00:00,Lyon,Rennes,0.0,2.0,A,0.0,2.0,A,15.0,10.0,8.0,2.0,5.0,2.0,14.0,12.0,1.0,0.0,0.0,0.0,
F1,05/12/2018,00:00,Nantes,Marseille,3.0,2.0,H,2.0,2.0,D,11.0,8.0,4.0,3.0,8.0,7.0,16.0,11.0,0.0,1.0,0.0,0.0,
F1,05/12/2018,00:00,Reims,Toulouse,0.0,1.0,A,0.0,1.0,A,22.0,7.0,7.0,3.0,10.0,3.0,15.0,22.0,3.0,6.0,0.0,1.0,
F1,05/12/2018,00:00,Strasbourg,Paris SG,1.0,1.0,D,1.0,0.0,H,4.0,20.0,2.0,5.0,3.0,11.0,12.0,14.0,2.0,3.0,0.0,0.0,
F1,08/12/2018,00:00,Guingamp,Amiens,1.0,2.0,A,0.0,0.0,D,16.0,11.0,2.0,3.0,12.0,0.0,16.0,15.0,1.0,4.0,1.0,0.0,
F1,08/12/2018,00:00,Rennes,Dijon,2.0,0.0,H,0.0,0.0,D,21.0,7.0,10.0,3.0,8.0,4.0,10.0,16.0,1.0,2.0,0.0,0.0,
F1,09/12/2018,00:00,Lille,Reims,1.0,1.0,D,0.0,0.0,D,12.0,8.0,3.0,3.0,5.0,4.0,14.0,24.0,1.0,3.0,0.0,0.0,
F1,09/12/2018,00:00,Strasbourg,Caen,2.0,2.0,D,2.0,1.0,H,10.0,5.0,4.0,3.0,8.0,4.0,11.0,13.0,1.0,1.0,0.0,0.0,
F1,15/12/2018,00:00,Reims,Strasbourg,2.0,1.0,H,1.0,0.0,H,12.0,5.0,5.0,3.0,6.0,3.0,19.0,16.0,1.0,1.0,0.0,0.0,
F1,16/12/2018,00:00,Lyon,Monaco,3.0,0.0,H,2.0,0.0,H,21.0,4.0,11.0,1.0,7.0,1.0,14.0,9.0,1.0,2.0,0.0,1.0,
F1,16/12/2018,00:00,Nice,St Etienne,1.0,1.0,D,0.0,0.0,D,23.0,11.0,7.0,4.0,7.0,6.0,6.0,20.0,2.0,3.0,1.0,1.0,
F1,16/12/2018,00:00,Nimes,Lille,2.0,3.0,A,0.0,2.0,A,17.0,7.0,6.0,6.0,6.0,2.0,21.0,12.0,3.0,3.0,0.0,1.0,
F1,18/12/2018,00:00,Caen,Toulouse,2.0,1.0,H,1.0,1.0,D,13.0,7.0,7.0,2.0,2.0,3.0,15.0,27.0,2.0,2.0,0.0,0.0,
F1,22/12/2018,00:00,Angers,Marseille,1.0,1.0,D,1.0,0.0,H,15.0,14.0,4.0,2.0,6.0,4.0,9.0,14.0,1.0,3.0,0.0,0.0,
F1,22/12/2018,00:00,Lille,Toulouse,1.0,2.0,A,1.0,0.0,H,17.0,6.0,5.0,3.0,6.0,7.0,11.0,18.0,3.0,4.0,0.0,0.0,
F1,22/12/2018,00:00,Monaco,Guingamp,0.0,2.0,A,0.0,0.0,D,5.0,9.0,2.0,3.0,8.0,6.0,19.0,15.0,2.0,4.0,0.0,0.0,
F1,22/12/2018,00:00,Montpellier,Lyon,1.0,1.0,D,0.0,0.0,D,13.0,10.0,4.0,3.0,6.0,2.0,20.0,11.0,2.0,1.0,0.0,0.0,
F1,22/12/2018,00:00,Paris SG,Nantes,1.0,0.0,H,0.0,0.0,D,23.0,11.0,3.0,2.0,9.0,1.0,7.0,11.0,2.0,0.0,0.0,0.0,
F1,22/12/2018,00:00,Reims,Caen,2.0,2.0,D,1.0,2.0,A,19.0,7.0,11.0,2.0,10.0,2.0,9.0,16.0,3.0,3.0,0.0,0.0,
F1,22/12/2018,00:00,Rennes,Nimes,4.0,0.0,H,2.0,0.0,H,13.0,18.0,7.0,6.0,2.0,7.0,11.0,13.0,1.0,2.0,0.0,0.0,
F1,22/12/2018,00:00,St Etienne,Dijon,3.0,0.0,H,1.0,0.0,H,18.0,7.0,9.0,2.0,5.0,3.0,13.0,17.0,4.0,3.0,0.0,0.0,
F1,22/12/2018,00:00,Strasbourg,Nice,2.0,0.0,H,2.0,0.0,H,11.0,9.0,5.0,4.0,2.0,4.0,15.0,12.0,2.0,0.0,0.0,0.0,
F1,23/12/2018,00:00,Bordeaux,Amiens,1.0,1.0,D,1.0,0.0,H,9.0,8.0,4.0,4.0,6.0,6.0,10.0,10.0,0.0,2.0,0.0,0.0,
F1,08/01/2019,00:00,Amiens,Angers,0.0,0.0,D,0.0,0.0,D,21.0,7.0,5.0,2.0,4.0,7.0,13.0,7.0,0.0,1.0,0.0,0.0,
F1,08/01/2019,00:00,Nantes,Montpellier,2.0,0.0,H,0.0,0.0,D,16.0,9.0,5.0,2.0,4.0,3.0,17.0,9.0,1.0,2.0,0.0,1.0,
F1,11/01/2019,00:00,Caen,Lille,1.0,3.0,A,0.0,2.0,A,9.0,12.0,3.0,7.0,4.0,2.0,14.0,18.0,3.0,1.0,0.0,1.0,
F1,11/01/2019,00:00,Lyon,Reims,1.0,1.0,D,0.0,1.0,A,15.0,9.0,5.0,5.0,8.0,0.0,14.0,7.0,0.0,1.0,0.0,0.0,
F1,12/01/2019,00:00,Amiens,Paris SG,0.0,3.0,A,0.0,0.0,D,4.0,20.0,1.0,9.0,1.0,8.0,16.0,16.0,3.0,0.0,1.0,0.0,
F1,12/01/2019,00:00,Guingamp,St Etienne,0.0,1.0,A,0.0,1.0,A,11.0,4.0,2.0,2.0,9.0,4.0,10.0,12.0,0.0,1.0,0.0,0.0,
F1,12/01/2019,00:00,Nice,Bordeaux,1.0,0.0,H,1.0,0.0,H,9.0,18.0,3.0,4.0,5.0,5.0,17.0,17.0,2.0,3.0,0.0,0.0,
F1,13/01/2019,00:00,Dijon,Montpellier,1.0,1.0,D,0.0,0.0,D,13.0,13.0,7.0,6.0,3.0,7.0,21.0,14.0,2.0,0.0,0.0,0.0,
F1,13/01/2019,00:00,Marseille,Monaco,1.0,1.0,D,1.0,1.0,D,14.0,8.0,3.0,3.0,6.0,3.0,12.0,10.0,2.0,1.0,0.0,0.0,
F1,13/01/2019,00:00,Nantes,Rennes,0.0,1.0,A,0.0,1.0,A,24.0,6.0,3.0,1.0,4.0,3.0,13.0,16.0,5.0,3.0,0.0,0.0,
F1,13/01/2019,00:00,Toulouse,Strasbourg,1.0,2.0,A,1.0,1.0,D,17.0,12.0,4.0,5.0,7.0,4.0,9.0,8.0,1.0,1.0,0.0,0.0,
F1,15/01/2019,00:00,Angers,Bordeaux,1.0,2.0,A,0.0,1.0,A,19.0,9.0,8.0,4.0,9.0,7.0,10.0,9.0,1.0,0.0,0.0,0.0,
F1,16/01/2019,00:00,Guingamp,Rennes,2.0,1.0,H,1.0,0.0,H,7.0,17.0,2.0,3.0,7.0,4.0,10.0,14.0,2.0,3.0,0.0,0.0,
F1,16/01/2019,00:00,Monaco,Nice,1.0,1.0,D,0.0,1.0,A,13.0,6.0,5.0,2.0,10.0,2.0,13.0,9.0,2.0,2.0,0.0,1.0,
F1,16/01/2019,00:00,Nimes,Nantes,1.0,0.0,H,0.0,0.0,D,10.0,11.0,2.0,3.0,5.0,4.0,13.0,11.0,0.0,0.0,0.0,0.0,
F1,16/01/2019,00:00,St Etienne,Marseille,2.0,1.0,H,0.0,1.0,A,11.0,15.0,5.0,4.0,4.0,2.0,13.0,14.0,0.0,0.0,0.0,0.0,
F1,16/01/2019,00:00,Toulouse,Lyon,2.0,2.0,D,1.0,0.0,H,6.0,22.0,4.0,5.0,4.0,10.0,12.0,10.0,4.0,3.0,0.0,0.0,
F1,18/01/2019,00:00,Lille,Amiens,2.0,1.0,H,1.0,1.0,D,17.0,2.0,3.0,1.0,4.0,3.0,8.0,18.0,0.0,3.0,0.0,0.0,
F1,19/01/2019,00:00,Monaco,Strasbourg,1.0,5.0,A,1.0,2.0,A,9.0,16.0,5.0,6.0,3.0,7.0,13.0,9.0,4.0,2.0,1.0,1.0,
F1,19/01/2019,00:00,Nimes,Toulouse,0.0,1.0,A,0.0,1.0,A,18.0,11.0,6.0,4.0,8.0,2.0,17.0,13.0,3.0,1.0,0.0,0.0,
F1,19/01/2019,00:00,Paris SG,Guingamp,9.0,0.0,H,3.0,0.0,H,26.0,2.0,12.0,0.0,8.0,1.0,11.0,7.0,1.0,0.0,0.0,0.0,
F1,19/01/2019,00:00,Reims,Nice,1.0,1.0,D,1.0,0.0,H,10.0,9.0,2.0,5.0,2.0,7.0,16.0,10.0,0.0,3.0,0.0,0.0,
F1,20/01/2019,00:00,Angers,Nantes,1.0,0.0,H,0.0,0.0,D,4.0,13.0,3.0,4.0,3.0,6.0,9.0,20.0,2.0,3.0,0.0,0.0,
F1,20/01/2019,00:00,Bordeaux,Dijon,1.0,0.0,H,0.0,0.0,D,13.0,10.0,5.0,3.0,2.0,2.0,12.0,13.0,3.0,3.0,0.0,1.0,
F1,20/01/2019,00:00,Caen,Marseille,0.0,1.0,A,0.0,0.0,D,9.0,9.0,4.0,1.0,5.0,4.0,19.0,16.0,6.0,3.0,1.0,0.0,
F1,20/01/2019,00:00,Rennes,Montpellier,0.0,0.0,D,0.0,0.0,D,16.0,13.0,1.0,3.0,6.0,0.0,13.0,18.0,2.0,2.0,0.0,0.0,
F1,20/01/2019,00:00,St Etienne,Lyon,1.0,2.0,A,1.0,0.0,H,15.0,23.0,9.0,7.0,4.0,4.0,18.0,7.0,2.0,2.0,0.0,0.0,
F1,23/01/2019,00:00,Nimes,Angers,3.0,1.0,H,2.0,0.0,H,15.0,11.0,6.0,4.0,9.0,2.0,12.0,9.0,1.0,2.0,0.0,0.0,
F1,25/01/2019,00:00,Marseille,Lille,1.0,2.0,A,0.0,1.0,A,15.0,9.0,5.0,3.0,9.0,6.0,14.0,7.0,5.0,3.0,1.0,0.0,
F1,26/01/2019,00:00,Dijon,Monaco,2.0,0.0,H,1.0,0.0,H,13.0,18.0,7.0,5.0,3.0,5.0,15.0,9.0,3.0,2.0,0.0,1.0,
F1,26/01/2019,00:00,Guingamp,Reims,0.0,1.0,A,0.0,1.0,A,6.0,7.0,2.0,3.0,4.0,4.0,12.0,13.0,1.0,2.0,1.0,0.0,
F1,26/01/2019,00:00,Nice,Nimes,2.0,0.0,H,1.0,0.0,H,15.0,14.0,7.0,7.0,6.0,4.0,10.0,13.0,1.0,3.0,0.0,0.0,
F1,26/01/2019,00:00,Strasbourg,Bordeaux,1.0,0.0,H,0.0,0.0,D,10.0,11.0,5.0,1.0,5.0,4.0,19.0,18.0,2.0,2.0,0.0,0.0,
F1,27/01/2019,00:00,Amiens,Lyon,0.0,1.0,A,0.0,0.0,D,12.0,18.0,2.0,11.0,3.0,4.0,17.0,15.0,1.0,3.0,0.0,0.0,
F1,27/01/2019,00:00,Montpellier,Caen,2.0,0.0,H,0.0,0.0,D,11.0,9.0,6.0,1.0,4.0,3.0,15.0,17.0,1.0,1.0,0.0,0.0,
F1,27/01/2019,00:00,Paris SG,Rennes,4.0,1.0,H,1.0,1.0,D,16.0,10.0,7.0,3.0,2.0,1.0,8.0,7.0,1.0,2.0,0.0,0.0,
F1,27/01/2019,00:00,Toulouse,Angers,0.0,0.0,D,0.0,0.0,D,14.0,13.0,4.0,3.0,4.0,5.0,13.0,11.0,1.0,1.0,0.0,0.0,
F1,30/01/2019,00:00,Nantes,St Etienne,1.0,1.0,D,0.0,0.0,D,13.0,10.0,3.0,4.0,7.0,6.0,12.0,12.0,2.0,1.0,1.0,1.0,
F1,01/02/2019,00:00,Lille,Nice,4.0,0.0,H,2.0,0.0,H,15.0,5.0,7.0,2.0,4.0,1.0,16.0,7.0,2.0,0.0,0.0,1.0,
F1,02/02/2019,00:00,Angers,Dijon,1.0,0.0,H,1.0,0.0,H,12.0,7.0,5.0,2.0,4.0,8.0,14.0,11.0,0.0,0.0,0.0,0.0,
F1,02/02/2019,00:00,Monaco,Toulouse,2.0,1.0,H,1.0,1.0,D,13.0,10.0,3.0,3.0,6.0,5.0,11.0,16.0,2.0,3.0,0.0,0.0,
F1,02/02/2019,00:00,Reims,Marseille,2.0,1.0,H,1.0,0.0,H,9.0,13.0,4.0,5.0,6.0,5.0,11.0,15.0,3.0,0.0,0.0,0.0,
F1,02/02/2019,00:00,Rennes,Amiens,1.0,0.0,H,0.0,0.0,D,15.0,8.0,4.0,1.0,7.0,4.0,11.0,12.0,1.0,3.0,0.0,0.0,
F1,03/02/2019,00:00,Lyon,Paris SG,2.0,1.0,H,1.0,1.0,D,14.0,16.0,10.0,9.0,6.0,8.0,10.0,12.0,1.0,2.0,0.0,0.0,
F1,03/02/2019,00:00,Nimes,Montpellier,1.0,1.0,D,1.0,0.0,H,12.0,11.0,5.0,4.0,5.0,3.0,20.0,23.0,2.0,1.0,0.0,0.0,
F1,05/02/2019,00:00,Marseille,Bordeaux,1.0,0.0,H,1.0,0.0,H,24.0,6.0,7.0,1.0,4.0,2.0,18.0,13.0,3.0,2.0,0.0,1.0,
F1,08/02/2019,00:00,Dijon,Marseille,1.0,2.0,A,1.0,0.0,H,10.0,18.0,4.0,8.0,3.0,12.0,11.0,11.0,3.0,3.0,0.0,0.0,
F1,09/02/2019,00:00,Amiens,Caen,1.0,0.0,H,0.0,0.0,D,10.0,11.0,1.0,4.0,4.0,2.0,12.0,14.0,0.0,0.0,0.0,0.0,
F1,09/02/2019,00:00,Paris SG,Bordeaux,1.0,0.0,H,1.0,0.0,H,10.0,8.0,3.0,3.0,4.0,8.0,14.0,21.0,3.0,3.0,0.0,0.0,
F1,09/02/2019,00:00,Strasbourg,Angers,1.0,2.0,A,0.0,1.0,A,16.0,8.0,7.0,3.0,5.0,3.0,14.0,13.0,2.0,3.0,0.0,0.0,
F1,10/02/2019,00:00,Guingamp,Lille,0.0,2.0,A,0.0,0.0,D,7.0,9.0,1.0,3.0,7.0,4.0,15.0,11.0,2.0,1.0,0.0,0.0,
F1,10/02/2019,00:00,Montpellier,Monaco,2.0,2.0,D,0.0,1.0,A,12.0,10.0,3.0,5.0,5.0,3.0,16.0,20.0,1.0,6.0,0.0,1.0,
F1,10/02/2019,00:00,Nantes,Nimes,2.0,4.0,A,2.0,0.0,H,15.0,13.0,4.0,4.0,9.0,4.0,10.0,11.0,1.0,2.0,0.0,0.0,
F1,10/02/2019,00:00,Nice,Lyon,1.0,0.0,H,0.0,0.0,D,11.0,23.0,4.0,5.0,4.0,14.0,7.0,13.0,2.0,2.0,0.0,0.0,
F1,10/02/2019,00:00,Rennes,St Etienne,3.0,0.0,H,1.0,0.0,H,15.0,15.0,5.0,3.0,6.0,8.0,7.0,8.0,0.0,4.0,0.0,1.0,
F1,10/02/2019,00:00,Toulouse,Reims,1.0,1.0,D,0.0,0.0,D,9.0,9.0,3.0,3.0,3.0,3.0,18.0,13.0,2.0,4.0,0.0,0.0,
F1,13/02/2019,00:00,Caen,Nantes,0.0,1.0,A,0.0,0.0,D,14.0,13.0,1.0,4.0,4.0,8.0,17.0,11.0,4.0,3.0,0.0,1.0,
F1,13/02/2019,00:00,St Etienne,Strasbourg,2.0,1.0,H,2.0,0.0,H,11.0,9.0,6.0,2.0,3.0,4.0,11.0,28.0,0.0,5.0,0.0,0.0,
F1,15/02/2019,00:00,Lyon,Guingamp,2.0,1.0,H,2.0,1.0,H,18.0,14.0,9.0,3.0,7.0,2.0,5.0,10.0,2.0,1.0,0.0,0.0,
F1,15/02/2019,00:00,Nimes,Dijon,2.0,0.0,H,1.0,0.0,H,14.0,12.0,6.0,2.0,5.0,4.0,10.0,17.0,2.0,5.0,0.0,1.0,
F1,16/02/2019,00:00,Angers,Nice,3.0,0.0,H,1.0,0.0,H,12.0,13.0,4.0,4.0,8.0,5.0,12.0,8.0,0.0,2.0,0.0,0.0,
F1,16/02/2019,00:00,Marseille,Amiens,2.0,0.0,H,2.0,0.0,H,16.0,10.0,5.0,2.0,3.0,6.0,15.0,15.0,1.0,0.0,0.0,0.0,
F1,16/02/2019,00:00,Monaco,Nantes,1.0,0.0,H,1.0,0.0,H,11.0,6.0,6.0,2.0,2.0,3.0,13.0,22.0,4.0,2.0,0.0,0.0,
F1,17/02/2019,00:00,Bordeaux,Toulouse,2.0,1.0,H,1.0,0.0,H,8.0,20.0,4.0,5.0,7.0,5.0,14.0,20.0,2.0,2.0,0.0,0.0,
F1,17/02/2019,00:00,Caen,Strasbourg,0.0,0.0,D,0.0,0.0,D,11.0,15.0,2.0,3.0,8.0,6.0,6.0,13.0,0.0,3.0,0.0,0.0,
F1,17/02/2019,00:00,Lille,Montpellier,0.0,0.0,D,0.0,0.0,D,12.0,8.0,3.0,2.0,1.0,4.0,10.0,12.0,3.0,3.0,0.0,0.0,
F1,17/02/2019,00:00,Reims,Rennes,2.0,0.0,H,1.0,0.0,H,7.0,10.0,4.0,1.0,2.0,4.0,13.0,10.0,1.0,1.0,0.0,0.0,
F1,17/02/2019,00:00,St Etienne,Paris SG,0.0,1.0,A,0.0,0.0,D,11.0,11.0,2.0,3.0,4.0,5.0,8.0,18.0,1.0,5.0,0.0,0.0,
F1,20/02/2019,00:00,Bordeaux,Guingamp,0.0,0.0,D,0.0,0.0,D,11.0,13.0,4.0,1.0,8.0,7.0,7.0,12.0,2.0,2.0,0.0,0.0,
F1,20/02/2019,00:00,Paris SG,Montpellier,5.0,1.0,H,2.0,1.0,H,18.0,15.0,9.0,7.0,8.0,3.0,11.0,11.0,2.0,1.0,0.0,0.0,
F1,22/02/2019,00:00,Dijon,St Etienne,0.0,1.0,A,0.0,0.0,D,11.0,16.0,2.0,6.0,4.0,5.0,13.0,7.0,0.0,0.0,0.0,0.0,
F1,22/02/2019,00:00,Strasbourg,Lille,1.0,1.0,D,0.0,1.0,A,9.0,15.0,2.0,5.0,6.0,2.0,16.0,13.0,1.0,1.0,0.0,0.0,
F1,23/02/2019,00:00,Amiens,Nice,1.0,0.0,H,1.0,0.0,H,11.0,7.0,4.0,0.0,4.0,4.0,13.0,15.0,0.0,2.0,0.0,0.0,
F1,23/02/2019,00:00,Guingamp,Angers,1.0,0.0,H,0.0,0.0,D,8.0,8.0,3.0,1.0,6.0,2.0,11.0,12.0,2.0,2.0,0.0,0.0,
F1,23/02/2019,00:00,Paris SG,Nimes,3.0,0.0,H,1.0,0.0,H,21.0,8.0,7.0,3.0,9.0,7.0,15.0,10.0,3.0,0.0,0.0,0.0,
F1,24/02/2019,00:00,Monaco,Lyon,2.0,0.0,H,2.0,0.0,H,11.0,9.0,5.0,3.0,3.0,6.0,20.0,18.0,3.0,1.0,0.0,0.0,
F1,24/02/2019,00:00,Montpellier,Reims,2.0,4.0,A,1.0,1.0,D,19.0,15.0,4.0,8.0,5.0,2.0,13.0,12.0,0.0,1.0,0.0,0.0,
F1,24/02/2019,00:00,Nantes,Bordeaux,1.0,0.0,H,0.0,0.0,D,19.0,7.0,8.0,2.0,11.0,1.0,12.0,14.0,2.0,2.0,0.0,0.0,
F1,24/02/2019,00:00,Rennes,Marseille,1.0,1.0,D,1.0,0.0,H,16.0,9.0,3.0,2.0,7.0,2.0,14.0,15.0,4.0,3.0,0.0,1.0,
F1,24/02/2019,00:00,Toulouse,Caen,1.0,1.0,D,0.0,1.0,A,12.0,13.0,8.0,4.0,6.0,2.0,14.0,15.0,2.0,3.0,0.0,1.0,
F1,02/03/2019,00:00,Angers,Monaco,2.0,2.0,D,2.0,0.0,H,13.0,12.0,4.0,5.0,2.0,3.0,8.0,15.0,2.0,3.0,0.0,0.0,
F1,02/03/2019,00:00,Caen,Paris SG,1.0,2.0,A,0.0,0.0,D,7.0,25.0,2.0,7.0,2.0,8.0,13.0,13.0,2.0,1.0,0.0,0.0,
F1,02/03/2019,00:00,Reims,Amiens,2.0,2.0,D,0.0,2.0,A,10.0,8.0,4.0,2.0,6.0,3.0,11.0,11.0,1.0,1.0,0.0,0.0,
F1,03/03/2019,00:00,Guingamp,Nantes,0.0,0.0,D,0.0,0.0,D,7.0,9.0,1.0,3.0,3.0,1.0,19.0,13.0,1.0,2.0,0.0,0.0,
F1,03/03/2019,00:00,Lille,Dijon,1.0,0.0,H,0.0,0.0,D,14.0,6.0,1.0,1.0,9.0,5.0,9.0,15.0,0.0,1.0,0.0,0.0,
F1,03/03/2019,00:00,Lyon,Toulouse,5.0,1.0,H,3.0,1.0,H,21.0,5.0,10.0,2.0,8.0,1.0,12.0,14.0,0.0,2.0,0.0,1.0,
F1,03/03/2019,00:00,Marseille,St Etienne,2.0,0.0,H,2.0,0.0,H,12.0,7.0,7.0,2.0,3.0,5.0,8.0,22.0,2.0,2.0,0.0,0.0,
F1,03/03/2019,00:00,Nice,Strasbourg,1.0,0.0,H,1.0,0.0,H,9.0,10.0,2.0,1.0,5.0,3.0,4.0,14.0,0.0,0.0,1.0,1.0,
F1,05/03/2019,00:00,Bordeaux,Montpellier,1.0,2.0,A,1.0,1.0,D,15.0,8.0,4.0,5.0,12.0,2.0,14.0,15.0,1.0,1.0,0.0,0.0,
F1,09/03/2019,00:00,Amiens,Nimes,2.0,1.0,H,0.0,0.0,D,21.0,14.0,6.0,2.0,4.0,5.0,15.0,15.0,2.0,1.0,1.0,0.0,
F1,09/03/2019,00:00,Dijon,Reims,1.0,1.0,D,1.0,1.0,D,5.0,26.0,1.0,5.0,4.0,6.0,18.0,14.0,1.0,1.0,1.0,0.0,
F1,09/03/2019,00:00,Monaco,Bordeaux,1.0,1.0,D,0.0,0.0,D,16.0,9.0,9.0,3.0,4.0,3.0,12.0,12.0,5.0,2.0,0.0,0.0,
F1,09/03/2019,00:00,Strasbourg,Lyon,2.0,2.0,D,0.0,1.0,A,17.0,21.0,7.0,8.0,5.0,6.0,17.0,12.0,1.0,2.0,0.0,0.0,
F1,10/03/2019,00:00,Marseille,Nice,1.0,0.0,H,0.0,0.0,D,12.0,6.0,6.0,1.0,9.0,0.0,17.0,16.0,2.0,1.0,0.0,0.0,
F1,10/03/2019,00:00,Montpellier,Angers,2.0,2.0,D,2.0,0.0,H,8.0,12.0,4.0,6.0,5.0,8.0,12.0,10.0,3.0,0.0,0.0,1.0,
F1,10/03/2019,00:00,Rennes,Caen,3.0,1.0,H,1.0,1.0,D,11.0,6.0,6.0,1.0,5.0,4.0,11.0,16.0,2.0,4.0,0.0,1.0,
F1,10/03/2019,00:00,St Etienne,Lille,0.0,1.0,A,0.0,0.0,D,7.0,14.0,1.0,8.0,9.0,4.0,10.0,12.0,4.0,3.0,2.0,0.0,
F1,10/03/2019,00:00,Toulouse,Guingamp,1.0,0.0,H,1.0,0.0,H,19.0,4.0,4.0,0.0,8.0,2.0,12.0,15.0,1.0,2.0,0.0,1.0,
F1,12/03/2019,00:00,Dijon,Paris SG,0.0,4.0,A,0.0,2.0,A,9.0,16.0,2.0,7.0,3.0,5.0,16.0,5.0,2.0,1.0,0.0,0.0,
F1,15/03/2019,00:00,Lille,Monaco,0.0,1.0,A,0.0,0.0,D,12.0,12.0,3.0,8.0,5.0,3.0,14.0,18.0,3.0,2.0,0.0,0.0,
F1,15/03/2019,00:00,Nice,Toulouse,1.0,1.0,D,1.0,0.0,H,10.0,18.0,2.0,3.0,2.0,6.0,8.0,20.0,0.0,2.0,0.0,0.0,
F1,16/03/2019,00:00,Angers,Amiens,0.0,0.0,D,0.0,0.0,D,11.0,8.0,3.0,4.0,2.0,1.0,14.0,18.0,1.0,4.0,0.0,0.0,
F1,16/03/2019,00:00,Caen,St Etienne,0.0,5.0,A,0.0,3.0,A,2.0,13.0,1.0,7.0,0.0,8.0,18.0,12.0,0.0,0.0,0.0,0.0,
F1,16/03/2019,00:00,Guingamp,Dijon,1.0,0.0,H,0.0,0.0,D,14.0,12.0,2.0,4.0,6.0,4.0,8.0,9.0,0.0,2.0,0.0,0.0,
F1,16/03/2019,00:00,Nimes,Strasbourg,2.0,2.0,D,0.0,1.0,A,15.0,6.0,4.0,2.0,7.0,1.0,11.0,17.0,4.0,5.0,0.0,0.0,
F1,17/03/2019,00:00,Bordeaux,Rennes,1.0,1.0,D,0.0,0.0,D,14.0,10.0,4.0,3.0,3.0,9.0,13.0,11.0,2.0,3.0,0.0,0.0,
F1,17/03/2019,00:00,Lyon,Montpellier,3.0,2.0,H,1.0,1.0,D,23.0,10.0,13.0,4.0,8.0,6.0,7.0,11.0,1.0,2.0,0.0,0.0,
F1,17/03/2019,00:00,Paris SG,Marseille,3.0,1.0,H,1.0,0.0,H,8.0,3.0,6.0,2.0,7.0,3.0,11.0,19.0,4.0,3.0,0.0,1.0,
F1,17/03/2019,00:00,Reims,Nantes,1.0,0.0,H,0.0,0.0,D,10.0,7.0,2.0,1.0,7.0,3.0,8.0,16.0,4.0,3.0,0.0,1.0,
F1,29/03/2019,00:00,Rennes,Lyon,0.0,1.0,A,0.0,0.0,D,12.0,18.0,2.0,5.0,2.0,6.0,13.0,19.0,2.0,3.0,0.0,0.0,
F1,30/03/2019,00:00,Marseille,Angers,2.0,2.0,D,2.0,1.0,H,11.0,14.0,5.0,4.0,3.0,7.0,18.0,10.0,4.0,1.0,1.0,0.0,
F1,31/03/2019,00:00,Amiens,Bordeaux,0.0,0.0,D,0.0,0.0,D,12.0,5.0,3.0,0.0,7.0,1.0,8.0,21.0,1.0,3.0,0.0,0.0,
F1,31/03/2019,00:00,Dijon,Nice,0.0,1.0,A,0.0,0.0,D,14.0,12.0,1.0,6.0,8.0,5.0,17.0,11.0,3.0,1.0,1.0,0.0,
F1,31/03/2019,00:00,Monaco,Caen,0.0,1.0,A,0.0,1.0,A,24.0,7.0,6.0,2.0,13.0,0.0,12.0,14.0,1.0,2.0,0.0,0.0,
F1,31/03/2019,00:00,Nantes,Lille,2.0,3.0,A,0.0,0.0,D,8.0,10.0,2.0,3.0,3.0,6.0,15.0,21.0,2.0,3.0,0.0,0.0,
F1,31/03/2019,00:00,Toulouse,Paris SG,0.0,1.0,A,0.0,0.0,D,9.0,10.0,3.0,4.0,6.0,6.0,13.0,14.0,2.0,1.0,0.0,0.0,
F1,01/04/2019,00:00,St Etienne,Nimes,2.0,1.0,H,1.0,1.0,D,14.0,15.0,9.0,6.0,5.0,7.0,7.0,8.0,3.0,4.0,0.0,0.0,
F1,03/04/2019,00:00,Montpellier,Guingamp,2.0,0.0,H,1.0,0.0,H,17.0,8.0,7.0,3.0,5.0,8.0,12.0,7.0,0.0,2.0,0.0,0.0,
F1,03/04/2019,00:00,Strasbourg,Reims,4.0,0.0,H,1.0,0.0,H,13.0,10.0,9.0,3.0,4.0,9.0,15.0,13.0,2.0,3.0,1.0,0.0,
F1,05/04/2019,00:00,Bordeaux,Marseille,2.0,0.0,H,1.0,0.0,H,7.0,20.0,7.0,5.0,1.0,11.0,16.0,13.0,2.0,3.0,1.0,0.0,
F1,06/04/2019,00:00,Amiens,St Etienne,2.0,2.0,D,1.0,1.0,D,5.0,26.0,4.0,6.0,1.0,7.0,10.0,13.0,2.0,2.0,1.0,0.0,
F1,06/04/2019,00:00,Angers,Rennes,3.0,3.0,D,0.0,1.0,A,17.0,7.0,9.0,5.0,4.0,2.0,11.0,13.0,3.0,4.0,0.0,0.0,
F1,06/04/2019,00:00,Guingamp,Monaco,1.0,1.0,D,1.0,0.0,H,11.0,18.0,2.0,5.0,3.0,9.0,17.0,14.0,4.0,5.0,0.0,0.0,
F1,06/04/2019,00:00,Lyon,Dijon,1.0,3.0,A,1.0,2.0,A,27.0,8.0,6.0,4.0,8.0,3.0,14.0,17.0,1.0,2.0,0.0,0.0,
F1,06/04/2019,00:00,Nimes,Caen,2.0,0.0,H,0.0,0.0,D,12.0,5.0,7.0,1.0,4.0,2.0,19.0,16.0,1.0,4.0,0.0,0.0,
F1,07/04/2019,00:00,Nice,Montpellier,1.0,0.0,H,1.0,0.0,H,15.0,16.0,5.0,4.0,6.0,3.0,11.0,14.0,1.0,1.0,0.0,0.0,
F1,07/04/2019,00:00,Paris SG,Strasbourg,2.0,2.0,D,1.0,2.0,A,21.0,9.0,6.0,4.0,10.0,5.0,7.0,10.0,0.0,2.0,0.0,0.0,
F1,07/04/2019,00:00,Reims,Lille,1.0,1.0,D,0.0,0.0,D,10.0,11.0,3.0,4.0,6.0,4.0,15.0,12.0,2.0,2.0,0.0,0.0,
F1,07/04/2019,00:00,Toulouse,Nantes,1.0,0.0,H,0.0,0.0,D,14.0,19.0,5.0,1.0,4.0,5.0,19.0,11.0,3.0,1.0,0.0,1.0,
F1,09/04/2019,00:00,Nimes,Rennes,3.0,1.0,H,1.0,1.0,D,19.0,8.0,8.0,3.0,5.0,3.0,10.0,12.0,2.0,2.0,1.0,1.0,
F1,12/04/2019,00:00,Dijon,Amiens,0.0,0.0,D,0.0,0.0,D,18.0,4.0,5.0,1.0,8.0,1.0,13.0,11.0,3.0,3.0,0.0,1.0,
F1,12/04/2019,00:00,Nantes,Lyon,2.0,1.0,H,1.0,1.0,D,14.0,11.0,5.0,4.0,6.0,7.0,9.0,11.0,2.0,1.0,0.0,0.0,
F1,13/04/2019,00:00,Caen,Angers,0.0,1.0,A,0.0,0.0,D,8.0,13.0,2.0,5.0,1.0,3.0,14.0,13.0,4.0,1.0,0.0,0.0,
F1,13/04/2019,00:00,Marseille,Nimes,2.0,1.0,H,0.0,0.0,D,14.0,8.0,4.0,3.0,4.0,6.0,11.0,15.0,1.0,2.0,0.0,0.0,
F1,13/04/2019,00:00,Monaco,Reims,0.0,0.0,D,0.0,0.0,D,27.0,10.0,6.0,3.0,18.0,3.0,12.0,13.0,2.0,0.0,0.0,0.0,
F1,13/04/2019,00:00,Strasbourg,Guingamp,3.0,3.0,D,1.0,1.0,D,11.0,15.0,6.0,5.0,1.0,4.0,12.0,14.0,1.0,2.0,0.0,0.0,
F1,14/04/2019,00:00,Lille,Paris SG,5.0,1.0,H,1.0,1.0,D,15.0,10.0,6.0,5.0,2.0,2.0,10.0,11.0,1.0,3.0,0.0,1.0,
F1,14/04/2019,00:00,Montpellier,Toulouse,2.0,1.0,H,0.0,0.0,D,16.0,6.0,5.0,2.0,4.0,3.0,12.0,16.0,2.0,1.0,0.0,0.0,
F1,14/04/2019,00:00,Rennes,Nice,0.0,0.0,D,0.0,0.0,D,14.0,7.0,7.0,2.0,4.0,2.0,13.0,8.0,2.0,1.0,0.0,0.0,
F1,14/04/2019,00:00,St Etienne,Bordeaux,3.0,0.0,H,0.0,0.0,D,14.0,5.0,6.0,1.0,8.0,4.0,13.0,13.0,2.0,0.0,0.0,0.0,
F1,17/04/2019,00:00,Nantes,Paris SG,3.0,2.0,H,2.0,1.0,H,15.0,9.0,8.0,6.0,4.0,4.0,13.0,14.0,1.0,3.0,0.0,0.0,
F1,19/04/2019,00:00,Dijon,Rennes,3.0,2.0,H,1.0,0.0,H,12.0,10.0,10.0,4.0,6.0,6.0,17.0,19.0,2.0,3.0,0.0,0.0,
F1,19/04/2019,00:00,Lyon,Angers,2.0,1.0,H,2.0,0.0,H,24.0,11.0,11.0,3.0,7.0,7.0,9.0,5.0,0.0,2.0,0.0,0.0,
F1,20/04/2019,00:00,Guingamp,Marseille,1.0,3.0,A,0.0,2.0,A,9.0,15.0,3.0,6.0,3.0,5.0,16.0,13.0,2.0,3.0,0.0,0.0,
F1,20/04/2019,00:00,Nice,Caen,0.0,1.0,A,0.0,0.0,D,21.0,7.0,8.0,2.0,11.0,4.0,7.0,15.0,2.0,3.0,0.0,0.0,
F1,20/04/2019,00:00,Nimes,Bordeaux,2.0,1.0,H,1.0,1.0,D,8.0,11.0,2.0,2.0,3.0,6.0,14.0,22.0,0.0,4.0,0.0,0.0,
F1,20/04/2019,00:00,Strasbourg,Montpellier,1.0,3.0,A,1.0,2.0,A,6.0,20.0,1.0,7.0,3.0,5.0,16.0,12.0,2.0,2.0,0.0,0.0,
F1,21/04/2019,00:00,Nantes,Amiens,3.0,2.0,H,0.0,0.0,D,10.0,8.0,4.0,4.0,4.0,1.0,14.0,12.0,2.0,3.0,0.0,0.0,
F1,21/04/2019,00:00,Paris SG,Monaco,3.0,1.0,H,2.0,0.0,H,10.0,15.0,5.0,4.0,3.0,4.0,13.0,9.0,0.0,1.0,0.0,0.0,
F1,21/04/2019,00:00,Reims,St Etienne,0.0,2.0,A,0.0,1.0,A,8.0,14.0,1.0,3.0,1.0,6.0,16.0,7.0,3.0,0.0,0.0,0.0,
F1,21/04/2019,00:00,Toulouse,Lille,0.0,0.0,D,0.0,0.0,D,10.0,16.0,2.0,4.0,2.0,3.0,16.0,18.0,2.0,3.0,0.0,0.0,
F1,26/04/2019,00:00,Bordeaux,Lyon,2.0,3.0,A,2.0,1.0,H,10.0,18.0,2.0,5.0,2.0,3.0,15.0,11.0,3.0,3.0,1.0,0.0,
F1,28/04/2019,00:00,Amiens,Strasbourg,0.0,0.0,D,0.0,0.0,D,8.0,7.0,1.0,1.0,3.0,1.0,12.0,21.0,1.0,3.0,0.0,0.0,
F1,28/04/2019,00:00,Angers,Reims,1.0,1.0,D,0.0,0.0,D,10.0,5.0,5.0,4.0,4.0,0.0,6.0,16.0,0.0,3.0,0.0,0.0,
F1,28/04/2019,00:00,Caen,Dijon,1.0,0.0,H,0.0,0.0,D,14.0,12.0,2.0,3.0,5.0,3.0,17.0,19.0,1.0,4.0,0.0,0.0,
F1,28/04/2019,00:00,Lille,Nimes,5.0,0.0,H,0.0,0.0,D,14.0,8.0,8.0,3.0,1.0,4.0,8.0,14.0,1.0,2.0,0.0,0.0,
F1,28/04/2019,00:00,Marseille,Nantes,1.0,2.0,A,1.0,1.0,D,17.0,14.0,2.0,6.0,7.0,4.0,13.0,14.0,4.0,1.0,0.0,0.0,
F1,28/04/2019,00:00,Nice,Guingamp,3.0,0.0,H,1.0,0.0,H,15.0,14.0,5.0,3.0,2.0,4.0,12.0,19.0,4.0,3.0,0.0,0.0,
F1,28/04/2019,00:00,St Etienne,Toulouse,2.0,0.0,H,2.0,0.0,H,14.0,12.0,7.0,3.0,5.0,6.0,17.0,15.0,1.0,2.0,0.0,0.0,
F1,30/04/2019,00:00,Montpellier,Paris SG,3.0,2.0,H,1.0,1.0,D,15.0,8.0,9.0,3.0,9.0,3.0,17.0,15.0,3.0,4.0,0.0,0.0,
F1,01/05/2019,00:00,Rennes,Monaco,2.0,2.0,D,2.0,0.0,H,10.0,16.0,4.0,5.0,5.0,9.0,13.0,12.0,2.0,2.0,0.0,0.0,
F1,03/05/2019,00:00,Strasbourg,Marseille,1.0,1.0,D,0.0,0.0,D,7.0,13.0,4.0,2.0,0.0,4.0,12.0,15.0,1.0,2.0,0.0,0.0,
F1,04/05/2019,00:00,Bordeaux,Angers,0.0,1.0,A,0.0,1.0,A,10.0,9.0,2.0,1.0,5.0,1.0,17.0,14.0,2.0,0.0,0.0,0.0,
F1,04/05/2019,00:00,Guingamp,Caen,0.0,0.0,D,0.0,0.0,D,10.0,1.0,1.0,0.0,5.0,0.0,24.0,14.0,1.0,4.0,0.0,0.0,
F1,04/05/2019,00:00,Paris SG,Nice,1.0,1.0,D,0.0,0.0,D,17.0,8.0,5.0,2.0,9.0,1.0,15.0,14.0,2.0,3.0,0.0,0.0,
F1,04/05/2019,00:00,Reims,Nimes,0.0,3.0,A,0.0,2.0,A,8.0,15.0,2.0,5.0,3.0,5.0,17.0,7.0,3.0,2.0,0.0,0.0,
F1,05/05/2019,00:00,Lyon,Lille,2.0,2.0,D,1.0,0.0,H,20.0,13.0,8.0,6.0,5.0,4.0,13.0,18.0,0.0,2.0,0.0,0.0,
F1,05/05/2019,00:00,Monaco,St Etienne,2.0,3.0,A,1.0,0.0,H,13.0,8.0,5.0,3.0,2.0,8.0,12.0,16.0,3.0,5.0,0.0,0.0,
F1,05/05/2019,00:00,Montpellier,Amiens,1.0,1.0,D,0.0,0.0,D,13.0,4.0,4.0,1.0,5.0,0.0,14.0,22.0,1.0,2.0,0.0,0.0,
F1,05/05/2019,00:00,Nantes,Dijon,3.0,0.0,H,0.0,0.0,D,22.0,8.0,5.0,3.0,3.0,2.0,9.0,13.0,0.0,2.0,0.0,1.0,
F1,05/05/2019,00:00,Toulouse,Rennes,2.0,2.0,D,1.0,1.0,D,19.0,11.0,4.0,3.0,6.0,6.0,20.0,15.0,3.0,3.0,0.0,0.0,
F1,10/05/2019,00:00,St Etienne,Montpellier,0.0,1.0,A,0.0,0.0,D,16.0,11.0,5.0,4.0,11.0,1.0,11.0,18.0,3.0,4.0,1.0,1.0,
F1,11/05/2019,00:00,Amiens,Toulouse,0.0,0.0,D,0.0,0.0,D,19.0,7.0,3.0,2.0,3.0,3.0,13.0,21.0,2.0,4.0,0.0,0.0,
F1,11/05/2019,00:00,Angers,Paris SG,1.0,2.0,A,0.0,1.0,A,14.0,9.0,4.0,4.0,2.0,3.0,27.0,18.0,0.0,0.0,0.0,1.0,
F1,11/05/2019,00:00,Caen,Reims,3.0,2.0,H,3.0,1.0,H,14.0,15.0,10.0,4.0,4.0,9.0,7.0,19.0,1.0,2.0,0.0,0.0,
F1,11/05/2019,00:00,Dijon,Strasbourg,2.0,1.0,H,1.0,0.0,H,13.0,17.0,6.0,8.0,2.0,7.0,12.0,13.0,1.0,1.0,0.0,0.0,
F1,11/05/2019,00:00,Nice,Nantes,1.0,1.0,D,0.0,1.0,A,8.0,13.0,2.0,3.0,4.0,1.0,13.0,13.0,2.0,3.0,0.0,0.0,
F1,11/05/2019,00:00,Nimes,Monaco,1.0,0.0,H,1.0,0.0,H,12.0,12.0,4.0,5.0,5.0,9.0,19.0,19.0,1.0,4.0,0.0,0.0,
F1,12/05/2019,00:00,Lille,Bordeaux,1.0,0.0,H,1.0,0.0,H,6.0,5.0,4.0,1.0,3.0,4.0,6.0,12.0,2.0,4.0,0.0,1.0,
F1,12/05/2019,00:00,Marseille,Lyon,0.0,3.0,A,0.0,1.0,A,17.0,15.0,6.0,5.0,4.0,1.0,16.0,11.0,3.0,1.0,1.0,0.0,
F1,12/05/2019,00:00,Rennes,Guingamp,1.0,1.0,D,1.0,0.0,H,7.0,23.0,4.0,9.0,6.0,8.0,12.0,12.0,3.0,1.0,1.0,0.0,
F1,18/05/2019,00:00,Bordeaux,Reims,0.0,1.0,A,0.0,1.0,A,13.0,9.0,4.0,2.0,10.0,0.0,11.0,15.0,0.0,1.0,0.0,0.0,
F1,18/05/2019,00:00,Guingamp,Nimes,2.0,2.0,D,2.0,0.0,H,18.0,21.0,9.0,4.0,5.0,5.0,17.0,12.0,2.0,2.0,0.0,0.0,
F1,18/05/2019,00:00,Lille,Angers,5.0,0.0,H,2.0,0.0,H,18.0,13.0,12.0,3.0,3.0,6.0,13.0,12.0,1.0,3.0,0.0,0.0,
F1,18/05/2019,00:00,Lyon,Caen,4.0,0.0,H,0.0,0.0,D,16.0,7.0,8.0,2.0,4.0,4.0,10.0,11.0,3.0,1.0,0.0,0.0,
F1,18/05/2019,00:00,Monaco,Amiens,2.0,0.0,H,1.0,0.0,H,10.0,9.0,3.0,3.0,4.0,5.0,22.0,13.0,5.0,2.0,0.0,0.0,
F1,18/05/2019,00:00,Montpellier,Nantes,1.0,1.0,D,0.0,1.0,A,16.0,10.0,2.0,2.0,4.0,3.0,13.0,11.0,0.0,3.0,0.0,0.0,
F1,18/05/2019,00:00,Paris SG,Dijon,4.0,0.0,H,3.0,0.0,H,17.0,13.0,7.0,3.0,2.0,5.0,13.0,4.0,1.0,1.0,0.0,0.0,
F1,18/05/2019,00:00,St Etienne,Nice,3.0,0.0,H,1.0,0.0,H,11.0,19.0,5.0,5.0,2.0,9.0,17.0,14.0,0.0,3.0,0.0,0.0,
F1,18/05/2019,00:00,Strasbourg,Rennes,0.0,2.0,A,0.0,1.0,A,19.0,11.0,6.0,6.0,11.0,1.0,10.0,14.0,1.0,2.0,0.0,0.0,
F1,18/05/2019,00:00,Toulouse,Marseille,2.0,5.0,A,1.0,1.0,D,19.0,21.0,5.0,8.0,5.0,9.0,4.0,11.0,1.0,2.0,0.0,0.0,
F1,24/05/2019,00:00,Amiens,Guingamp,2.0,1.0,H,1.0,0.0,H,19.0,16.0,9.0,4.0,3.0,3.0,7.0,15.0,0.0,0.0,0.0,0.0,
F1,24/05/2019,00:00,Angers,St Etienne,1.0,1.0,D,0.0,0.0,D,14.0,15.0,5.0,4.0,7.0,8.0,12.0,4.0,1.0,1.0,0.0,0.0,
F1,24/05/2019,00:00,Caen,Bordeaux,0.0,1.0,A,0.0,1.0,A,14.0,12.0,1.0,5.0,6.0,3.0,21.0,22.0,1.0,1.0,0.0,0.0,
F1,24/05/2019,00:00,Dijon,Toulouse,2.0,1.0,H,0.0,1.0,A,12.0,13.0,6.0,3.0,4.0,5.0,9.0,11.0,2.0,2.0,0.0,0.0,
F1,24/05/2019,00:00,Marseille,Montpellier,1.0,0.0,H,0.0,0.0,D,10.0,14.0,3.0,4.0,7.0,13.0,12.0,9.0,2.0,0.0,1.0,0.0,
F1,24/05/2019,00:00,Nantes,Strasbourg,0.0,1.0,A,0.0,0.0,D,21.0,5.0,1.0,1.0,4.0,4.0,7.0,8.0,2.0,1.0,0.0,0.0,
F1,24/05/2019,00:00,Nice,Monaco,2.0,0.0,H,1.0,0.0,H,8.0,11.0,2.0,4.0,3.0,4.0,13.0,10.0,2.0,3.0,0.0,0.0,
F1,24/05/2019,00:00,Nimes,Lyon,2.0,3.0,A,2.0,1.0,H,17.0,19.0,8.0,8.0,11.0,9.0,8.0,8.0,1.0,1.0,0.0,0.0,
F1,24/05/2019,00:00,Reims,Paris SG,3.0,1.0,H,1.0,0.0,H,10.0,13.0,6.0,2.0,4.0,5.0,14.0,8.0,2.0,1.0,0.0,0.0,
F1,24/05/2019,00:00,Rennes,Lille,3.0,1.0,H,1.0,1.0,D,13.0,14.0,8.0,7.0,4.0,7.0,10.0,10.0,1.0,2.0,0.0,1.0,
F1,09/08/2019,19:45,Monaco,Lyon,0.0,3.0,A,0.0,2.0,A,7.0,13.0,1.0,3.0,2.0,5.0,10.0,17.0,2.0,2.0,1.0,0.0,
F1,10/08/2019,16:30,Marseille,Reims,0.0,2.0,A,0.0,0.0,D,10.0,8.0,2.0,5.0,5.0,3.0,18.0,8.0,1.0,0.0,0.0,0.0,
F1,10/08/2019,19:00,Angers,Bordeaux,3.0,1.0,H,3.0,1.0,H,14.0,8.0,4.0,3.0,4.0,3.0,11.0,15.0,2.0,1.0,0.0,0.0,
F1,10/08/2019,19:00,Brest,Toulouse,1.0,1.0,D,1.0,0.0,H,16.0,13.0,5.0,3.0,4.0,7.0,11.0,14.0,0.0,0.0,0.0,0.0,
F1,10/08/2019,19:00,Dijon,St Etienne,1.0,2.0,A,1.0,2.0,A,15.0,12.0,7.0,4.0,12.0,5.0,17.0,10.0,0.0,2.0,0.0,0.0,
F1,10/08/2019,19:00,Montpellier,Rennes,0.0,1.0,A,0.0,1.0,A,24.0,9.0,5.0,3.0,7.0,1.0,20.0,19.0,3.0,3.0,0.0,1.0,
F1,10/08/2019,19:00,Nice,Amiens,2.0,1.0,H,1.0,0.0,H,17.0,8.0,6.0,2.0,7.0,3.0,10.0,8.0,3.0,4.0,0.0,1.0,
F1,11/08/2019,14:00,Lille,Nantes,2.0,1.0,H,1.0,0.0,H,13.0,13.0,3.0,3.0,5.0,11.0,13.0,17.0,2.0,4.0,0.0,0.0,
F1,11/08/2019,16:00,Strasbourg,Metz,1.0,1.0,D,1.0,0.0,H,13.0,7.0,2.0,3.0,3.0,4.0,6.0,12.0,0.0,1.0,0.0,0.0,
F1,11/08/2019,20:00,Paris SG,Nimes,3.0,0.0,H,1.0,0.0,H,12.0,5.0,5.0,1.0,2.0,6.0,17.0,8.0,2.0,0.0,0.0,0.0,
F1,16/08/2019,19:45,Lyon,Angers,6.0,0.0,H,3.0,0.0,H,11.0,10.0,9.0,3.0,2.0,5.0,7.0,14.0,1.0,2.0,0.0,0.0,
F1,17/08/2019,16:30,Nantes,Marseille,0.0,0.0,D,0.0,0.0,D,13.0,9.0,6.0,2.0,7.0,3.0,16.0,18.0,0.0,3.0,0.0,0.0,
F1,17/08/2019,19:00,Amiens,Lille,1.0,0.0,H,0.0,0.0,D,8.0,10.0,3.0,1.0,3.0,10.0,13.0,7.0,1.0,1.0,0.0,1.0,
F1,17/08/2019,19:00,Bordeaux,Montpellier,1.0,1.0,D,0.0,1.0,A,13.0,10.0,4.0,4.0,3.0,5.0,15.0,21.0,2.0,1.0,0.0,0.0,
F1,17/08/2019,19:00,Metz,Monaco,3.0,0.0,H,1.0,0.0,H,18.0,12.0,10.0,6.0,6.0,4.0,16.0,7.0,1.0,2.0,0.0,1.0,
F1,17/08/2019,19:00,Nimes,Nice,1.0,2.0,A,1.0,2.0,A,18.0,6.0,5.0,3.0,2.0,1.0,21.0,12.0,5.0,5.0,2.0,1.0,
F1,17/08/2019,19:00,Toulouse,Dijon,1.0,0.0,H,0.0,0.0,D,18.0,18.0,7.0,5.0,7.0,5.0,11.0,5.0,2.0,0.0,0.0,0.0,
F1,18/08/2019,14:00,St Etienne,Brest,1.0,1.0,D,0.0,1.0,A,19.0,9.0,5.0,4.0,4.0,2.0,16.0,8.0,1.0,2.0,0.0,0.0,
F1,18/08/2019,16:00,Reims,Strasbourg,0.0,0.0,D,0.0,0.0,D,11.0,4.0,1.0,1.0,2.0,4.0,18.0,19.0,2.0,0.0,0.0,0.0,
F1,18/08/2019,20:00,Rennes,Paris SG,2.0,1.0,H,1.0,1.0,D,11.0,9.0,4.0,2.0,4.0,7.0,15.0,19.0,1.0,5.0,0.0,0.0,
F1,24/08/2019,19:00,Amiens,Nantes,1.0,2.0,A,0.0,0.0,D,3.0,25.0,1.0,6.0,2.0,5.0,9.0,13.0,1.0,1.0,1.0,0.0,
F1,24/08/2019,19:00,Angers,Metz,3.0,0.0,H,2.0,0.0,H,15.0,4.0,5.0,2.0,2.0,1.0,15.0,8.0,1.0,2.0,0.0,0.0,
F1,24/08/2019,19:00,Brest,Reims,1.0,0.0,H,0.0,0.0,D,8.0,10.0,4.0,2.0,6.0,5.0,18.0,14.0,1.0,1.0,0.0,0.0,
F1,24/08/2019,19:00,Dijon,Bordeaux,0.0,2.0,A,0.0,1.0,A,10.0,10.0,1.0,3.0,3.0,7.0,12.0,18.0,0.0,2.0,0.0,0.0,
F1,25/08/2019,14:00,Monaco,Nimes,2.0,2.0,D,2.0,0.0,H,16.0,14.0,6.0,4.0,6.0,7.0,14.0,17.0,2.0,1.0,1.0,0.0,
F1,25/08/2019,16:00,Strasbourg,Rennes,0.0,2.0,A,0.0,1.0,A,19.0,7.0,3.0,4.0,6.0,0.0,13.0,13.0,4.0,2.0,1.0,0.0,
F1,25/08/2019,20:00,Paris SG,Toulouse,4.0,0.0,H,0.0,0.0,D,21.0,3.0,11.0,0.0,12.0,1.0,8.0,13.0,0.0,1.0,0.0,0.0,
F1,27/08/2019,18:00,Montpellier,Lyon,1.0,0.0,H,1.0,0.0,H,19.0,14.0,5.0,4.0,8.0,2.0,14.0,11.0,2.0,4.0,0.0,1.0,
F1,28/08/2019,18:00,Lille,St Etienne,3.0,0.0,H,1.0,0.0,H,16.0,9.0,7.0,4.0,3.0,3.0,9.0,12.0,0.0,0.0,0.0,0.0,
F1,28/08/2019,20:00,Nice,Marseille,1.0,2.0,A,0.0,1.0,A,12.0,12.0,3.0,5.0,4.0,3.0,7.0,13.0,1.0,1.0,0.0,0.0,
F1,30/08/2019,19:45,Metz,Paris SG,0.0,2.0,A,0.0,2.0,A,7.0,10.0,2.0,4.0,4.0,7.0,11.0,13.0,1.0,0.0,0.0,0.0,
F1,31/08/2019,16:30,Lyon,Bordeaux,1.0,1.0,D,1.0,0.0,H,10.0,18.0,3.0,6.0,4.0,5.0,12.0,14.0,4.0,3.0,1.0,0.0,
F1,31/08/2019,19:00,Angers,Dijon,2.0,0.0,H,0.0,0.0,D,12.0,5.0,3.0,2.0,5.0,3.0,11.0,17.0,0.0,2.0,0.0,0.0,
F1,31/08/2019,19:00,Nantes,Montpellier,1.0,0.0,H,0.0,0.0,D,14.0,8.0,7.0,1.0,6.0,2.0,14.0,12.0,2.0,2.0,0.0,0.0,
F1,31/08/2019,19:00,Nimes,Brest,3.0,0.0,H,2.0,0.0,H,21.0,7.0,8.0,3.0,8.0,2.0,11.0,17.0,3.0,4.0,0.0,0.0,
F1,31/08/2019,19:00,Toulouse,Amiens,2.0,0.0,H,0.0,0.0,D,13.0,10.0,4.0,1.0,4.0,3.0,15.0,8.0,0.0,1.0,0.0,0.0,
F1,01/09/2019,14:00,Reims,Lille,2.0,0.0,H,0.0,0.0,D,12.0,11.0,5.0,3.0,5.0,1.0,19.0,15.0,3.0,2.0,0.0,1.0,
F1,01/09/2019,14:00,Rennes,Nice,1.0,2.0,A,1.0,0.0,H,11.0,11.0,3.0,7.0,8.0,6.0,13.0,13.0,2.0,3.0,0.0,0.0,
F1,01/09/2019,16:00,Strasbourg,Monaco,2.0,2.0,D,1.0,2.0,A,14.0,16.0,5.0,6.0,6.0,4.0,14.0,17.0,4.0,3.0,0.0,0.0,
F1,01/09/2019,20:00,Marseille,St Etienne,1.0,0.0,H,1.0,0.0,H,9.0,12.0,2.0,3.0,5.0,6.0,16.0,7.0,5.0,2.0,0.0,0.0,
F1,13/09/2019,18:00,Lille,Angers,2.0,1.0,H,1.0,0.0,H,13.0,8.0,4.0,4.0,4.0,4.0,3.0,16.0,1.0,2.0,0.0,0.0,
F1,13/09/2019,19:45,Amiens,Lyon,2.0,2.0,D,1.0,2.0,A,11.0,12.0,2.0,6.0,4.0,1.0,12.0,14.0,3.0,2.0,0.0,0.0,
F1,14/09/2019,16:30,Paris SG,Strasbourg,1.0,0.0,H,0.0,0.0,D,16.0,6.0,7.0,3.0,5.0,2.0,12.0,12.0,2.0,2.0,0.0,0.0,
F1,14/09/2019,19:00,Bordeaux,Metz,2.0,0.0,H,2.0,0.0,H,15.0,15.0,6.0,3.0,4.0,6.0,18.0,15.0,2.0,2.0,0.0,0.0,
F1,14/09/2019,19:00,Brest,Rennes,0.0,0.0,D,0.0,0.0,D,10.0,9.0,2.0,2.0,2.0,4.0,10.0,12.0,2.0,2.0,0.0,0.0,
F1,14/09/2019,19:00,Dijon,Nimes,0.0,0.0,D,0.0,0.0,D,16.0,7.0,2.0,3.0,6.0,0.0,14.0,11.0,3.0,1.0,0.0,0.0,
F1,14/09/2019,19:00,Montpellier,Nice,2.0,1.0,H,1.0,1.0,D,17.0,13.0,8.0,5.0,8.0,1.0,17.0,11.0,2.0,2.0,0.0,0.0,
F1,15/09/2019,14:00,Nantes,Reims,1.0,0.0,H,0.0,0.0,D,8.0,9.0,4.0,1.0,7.0,5.0,18.0,15.0,1.0,3.0,0.0,0.0,
F1,15/09/2019,16:00,St Etienne,Toulouse,2.0,2.0,D,1.0,2.0,A,14.0,10.0,4.0,7.0,9.0,7.0,15.0,13.0,3.0,0.0,0.0,0.0,
F1,15/09/2019,20:00,Monaco,Marseille,3.0,4.0,A,2.0,2.0,D,12.0,13.0,8.0,6.0,6.0,4.0,9.0,14.0,3.0,3.0,0.0,0.0,
F1,20/09/2019,19:45,Strasbourg,Nantes,2.0,1.0,H,0.0,1.0,A,17.0,10.0,5.0,3.0,9.0,2.0,11.0,16.0,2.0,2.0,0.0,0.0,
F1,21/09/2019,16:30,Marseille,Montpellier,1.0,1.0,D,0.0,1.0,A,24.0,3.0,5.0,2.0,15.0,1.0,11.0,17.0,4.0,3.0,2.0,1.0,
F1,21/09/2019,19:00,Bordeaux,Brest,2.0,2.0,D,1.0,2.0,A,18.0,13.0,5.0,3.0,5.0,9.0,9.0,11.0,4.0,3.0,0.0,0.0,
F1,21/09/2019,19:00,Metz,Amiens,1.0,2.0,A,0.0,1.0,A,13.0,9.0,4.0,5.0,4.0,6.0,13.0,12.0,1.0,1.0,0.0,0.0,
F1,21/09/2019,19:00,Nice,Dijon,2.0,1.0,H,1.0,1.0,D,16.0,13.0,6.0,7.0,6.0,3.0,7.0,13.0,2.0,3.0,0.0,0.0,
F1,21/09/2019,19:00,Nimes,Toulouse,1.0,0.0,H,1.0,0.0,H,19.0,9.0,4.0,2.0,5.0,7.0,14.0,11.0,1.0,3.0,0.0,1.0,
F1,21/09/2019,19:00,Reims,Monaco,0.0,0.0,D,0.0,0.0,D,16.0,12.0,4.0,4.0,6.0,3.0,16.0,10.0,0.0,2.0,0.0,0.0,
F1,22/09/2019,14:00,Rennes,Lille,1.0,1.0,D,0.0,0.0,D,11.0,15.0,3.0,6.0,4.0,8.0,14.0,11.0,2.0,1.0,0.0,0.0,
F1,22/09/2019,16:00,Angers,St Etienne,4.0,1.0,H,0.0,1.0,A,14.0,6.0,5.0,2.0,5.0,4.0,13.0,12.0,1.0,1.0,0.0,0.0,
F1,22/09/2019,20:00,Lyon,Paris SG,0.0,1.0,A,0.0,0.0,D,12.0,21.0,0.0,7.0,2.0,11.0,8.0,6.0,1.0,1.0,0.0,0.0,
F1,24/09/2019,18:00,Dijon,Marseille,0.0,0.0,D,0.0,0.0,D,18.0,9.0,6.0,2.0,8.0,3.0,9.0,14.0,3.0,3.0,0.0,0.0,
F1,24/09/2019,20:00,Monaco,Nice,3.0,1.0,H,1.0,0.0,H,17.0,10.0,5.0,3.0,5.0,7.0,10.0,14.0,2.0,3.0,0.0,0.0,
F1,25/09/2019,18:00,Amiens,Bordeaux,1.0,3.0,A,1.0,2.0,A,11.0,15.0,3.0,6.0,3.0,3.0,15.0,13.0,2.0,2.0,0.0,0.0,
F1,25/09/2019,18:00,Brest,Lyon,2.0,2.0,D,1.0,1.0,D,13.0,11.0,5.0,5.0,2.0,6.0,9.0,10.0,0.0,0.0,0.0,0.0,
F1,25/09/2019,18:00,Lille,Strasbourg,2.0,0.0,H,1.0,0.0,H,12.0,5.0,5.0,1.0,4.0,2.0,7.0,12.0,0.0,1.0,0.0,0.0,
F1,25/09/2019,18:00,Montpellier,Nimes,1.0,0.0,H,1.0,0.0,H,12.0,15.0,4.0,3.0,4.0,8.0,14.0,19.0,3.0,4.0,0.0,0.0,
F1,25/09/2019,18:00,Nantes,Rennes,1.0,0.0,H,0.0,0.0,D,8.0,6.0,2.0,2.0,2.0,4.0,16.0,17.0,2.0,4.0,0.0,0.0,
F1,25/09/2019,18:00,St Etienne,Metz,0.0,1.0,A,0.0,1.0,A,15.0,12.0,3.0,1.0,8.0,5.0,12.0,12.0,4.0,2.0,0.0,0.0,
F1,25/09/2019,18:00,Toulouse,Angers,0.0,2.0,A,0.0,0.0,D,6.0,22.0,1.0,6.0,5.0,11.0,15.0,12.0,1.0,0.0,0.0,0.0,
F1,25/09/2019,20:00,Paris SG,Reims,0.0,2.0,A,0.0,1.0,A,12.0,13.0,3.0,2.0,6.0,6.0,10.0,11.0,1.0,2.0,0.0,0.0,
F1,28/09/2019,12:30,Lyon,Nantes,0.0,1.0,A,0.0,0.0,D,14.0,11.0,7.0,2.0,7.0,8.0,10.0,10.0,2.0,2.0,0.0,0.0,
F1,28/09/2019,16:30,Bordeaux,Paris SG,0.0,1.0,A,0.0,0.0,D,4.0,21.0,1.0,7.0,0.0,9.0,10.0,13.0,0.0,3.0,0.0,0.0,
F1,28/09/2019,19:00,Angers,Amiens,1.0,1.0,D,0.0,1.0,A,23.0,8.0,6.0,4.0,10.0,2.0,10.0,13.0,1.0,0.0,0.0,0.0,
F1,28/09/2019,19:00,Metz,Toulouse,2.0,2.0,D,1.0,0.0,H,13.0,15.0,3.0,6.0,3.0,6.0,10.0,17.0,1.0,1.0,0.0,0.0,
F1,28/09/2019,19:00,Monaco,Brest,4.0,1.0,H,1.0,0.0,H,21.0,5.0,13.0,1.0,7.0,1.0,7.0,15.0,1.0,2.0,0.0,0.0,
F1,28/09/2019,19:00,Nice,Lille,1.0,1.0,D,1.0,1.0,D,12.0,11.0,5.0,6.0,6.0,5.0,8.0,14.0,2.0,2.0,0.0,0.0,
F1,28/09/2019,19:00,Reims,Dijon,1.0,2.0,A,1.0,1.0,D,18.0,11.0,2.0,4.0,5.0,4.0,8.0,21.0,1.0,2.0,0.0,0.0,
F1,29/09/2019,14:00,Strasbourg,Montpellier,1.0,0.0,H,1.0,0.0,H,8.0,11.0,3.0,3.0,1.0,6.0,18.0,13.0,4.0,2.0,0.0,0.0,
F1,29/09/2019,16:00,Nimes,St Etienne,0.0,1.0,A,0.0,0.0,D,22.0,6.0,8.0,4.0,13.0,5.0,12.0,15.0,1.0,4.0,0.0,1.0,
F1,29/09/2019,20:00,Marseille,Rennes,1.0,1.0,D,0.0,1.0,A,17.0,12.0,5.0,2.0,7.0,4.0,18.0,13.0,4.0,0.0,0.0,0.0,
F1,04/10/2019,19:45,Amiens,Marseille,3.0,1.0,H,2.0,1.0,H,11.0,13.0,5.0,4.0,3.0,7.0,16.0,15.0,1.0,3.0,0.0,0.0,
F1,05/10/2019,16:30,Paris SG,Angers,4.0,0.0,H,2.0,0.0,H,15.0,10.0,8.0,2.0,6.0,1.0,12.0,11.0,3.0,1.0,0.0,0.0,
F1,05/10/2019,19:00,Brest,Metz,2.0,0.0,H,2.0,0.0,H,7.0,12.0,3.0,4.0,2.0,9.0,12.0,15.0,2.0,1.0,0.0,0.0,
F1,05/10/2019,19:00,Dijon,Strasbourg,1.0,0.0,H,1.0,0.0,H,8.0,15.0,3.0,2.0,6.0,7.0,7.0,14.0,3.0,3.0,0.0,0.0,
F1,05/10/2019,19:00,Montpellier,Monaco,3.0,1.0,H,2.0,0.0,H,17.0,14.0,10.0,4.0,6.0,8.0,18.0,11.0,1.0,2.0,0.0,1.0,
F1,05/10/2019,19:00,Nantes,Nice,1.0,0.0,H,0.0,0.0,D,14.0,6.0,5.0,2.0,6.0,1.0,14.0,7.0,1.0,2.0,0.0,0.0,
F1,05/10/2019,19:00,Toulouse,Bordeaux,1.0,3.0,A,0.0,2.0,A,15.0,10.0,4.0,4.0,5.0,4.0,16.0,16.0,4.0,2.0,0.0,0.0,
F1,06/10/2019,14:00,Lille,Nimes,2.0,2.0,D,1.0,1.0,D,18.0,14.0,7.0,4.0,8.0,6.0,19.0,10.0,3.0,1.0,0.0,0.0,
F1,06/10/2019,16:00,Rennes,Reims,0.0,1.0,A,0.0,0.0,D,18.0,13.0,3.0,7.0,5.0,3.0,13.0,19.0,1.0,3.0,0.0,0.0,
F1,06/10/2019,20:00,St Etienne,Lyon,1.0,0.0,H,0.0,0.0,D,6.0,6.0,4.0,2.0,5.0,1.0,13.0,18.0,1.0,2.0,0.0,0.0,
F1,18/10/2019,19:45,Nice,Paris SG,1.0,4.0,A,0.0,2.0,A,10.0,24.0,2.0,10.0,1.0,13.0,12.0,15.0,3.0,2.0,2.0,0.0,
F1,19/10/2019,16:30,Lyon,Dijon,0.0,0.0,D,0.0,0.0,D,24.0,6.0,10.0,1.0,8.0,1.0,12.0,11.0,0.0,0.0,0.0,0.0,
F1,19/10/2019,19:00,Angers,Brest,0.0,1.0,A,0.0,0.0,D,29.0,6.0,6.0,1.0,13.0,3.0,10.0,11.0,1.0,0.0,0.0,0.0,
F1,19/10/2019,19:00,Metz,Nantes,1.0,0.0,H,0.0,0.0,D,10.0,9.0,2.0,2.0,3.0,3.0,16.0,13.0,2.0,1.0,0.0,1.0,
F1,19/10/2019,19:00,Nimes,Amiens,1.0,1.0,D,1.0,0.0,H,11.0,13.0,3.0,5.0,1.0,11.0,11.0,15.0,2.0,4.0,0.0,0.0,
F1,19/10/2019,19:00,Reims,Montpellier,1.0,0.0,H,1.0,0.0,H,12.0,9.0,5.0,0.0,4.0,8.0,19.0,11.0,2.0,0.0,0.0,0.0,
F1,19/10/2019,19:00,Toulouse,Lille,2.0,1.0,H,0.0,0.0,D,17.0,9.0,6.0,2.0,3.0,4.0,15.0,11.0,2.0,4.0,0.0,0.0,
F1,20/10/2019,14:00,Bordeaux,St Etienne,0.0,1.0,A,0.0,0.0,D,12.0,6.0,6.0,3.0,8.0,5.0,7.0,18.0,0.0,3.0,0.0,0.0,
F1,20/10/2019,16:00,Monaco,Rennes,3.0,2.0,H,1.0,1.0,D,14.0,10.0,5.0,3.0,3.0,3.0,15.0,15.0,2.0,3.0,0.0,0.0,
F1,20/10/2019,20:00,Marseille,Strasbourg,2.0,0.0,H,1.0,0.0,H,11.0,10.0,6.0,2.0,5.0,7.0,13.0,15.0,3.0,2.0,0.0,0.0,
F1,25/10/2019,19:45,Nantes,Monaco,0.0,1.0,A,0.0,1.0,A,15.0,7.0,4.0,2.0,5.0,3.0,9.0,13.0,2.0,2.0,0.0,0.0,
F1,26/10/2019,16:30,Lille,Bordeaux,3.0,0.0,H,1.0,0.0,H,11.0,5.0,3.0,1.0,3.0,3.0,17.0,18.0,0.0,2.0,0.0,0.0,
F1,26/10/2019,19:00,Brest,Dijon,2.0,0.0,H,0.0,0.0,D,15.0,14.0,7.0,5.0,9.0,5.0,10.0,8.0,0.0,0.0,1.0,0.0,
F1,26/10/2019,19:00,Lyon,Metz,2.0,0.0,H,2.0,0.0,H,18.0,16.0,7.0,3.0,7.0,2.0,12.0,9.0,1.0,2.0,0.0,0.0,
F1,26/10/2019,19:00,Montpellier,Angers,0.0,0.0,D,0.0,0.0,D,14.0,13.0,3.0,6.0,5.0,2.0,14.0,12.0,2.0,3.0,0.0,0.0,
F1,26/10/2019,19:00,Reims,Nimes,0.0,0.0,D,0.0,0.0,D,10.0,7.0,3.0,1.0,4.0,6.0,15.0,13.0,3.0,1.0,0.0,0.0,
F1,26/10/2019,19:00,Strasbourg,Nice,1.0,0.0,H,1.0,0.0,H,20.0,9.0,6.0,5.0,4.0,7.0,22.0,12.0,1.0,3.0,0.0,1.0,
F1,27/10/2019,14:00,Rennes,Toulouse,3.0,2.0,H,2.0,1.0,H,14.0,15.0,6.0,5.0,7.0,5.0,18.0,20.0,1.0,2.0,0.0,0.0,
F1,27/10/2019,16:00,St Etienne,Amiens,2.0,2.0,D,1.0,0.0,H,15.0,11.0,1.0,5.0,5.0,4.0,17.0,17.0,2.0,3.0,0.0,0.0,
F1,27/10/2019,20:00,Paris SG,Marseille,4.0,0.0,H,4.0,0.0,H,11.0,5.0,7.0,1.0,5.0,3.0,10.0,6.0,2.0,1.0,0.0,0.0,
F1,01/11/2019,19:45,Dijon,Paris SG,2.0,1.0,H,1.0,1.0,D,10.0,20.0,6.0,4.0,3.0,6.0,12.0,9.0,3.0,2.0,0.0,0.0,
F1,02/11/2019,16:30,Marseille,Lille,2.0,1.0,H,0.0,0.0,D,11.0,6.0,1.0,2.0,4.0,4.0,13.0,15.0,1.0,3.0,0.0,0.0,
F1,02/11/2019,19:00,Amiens,Brest,1.0,0.0,H,1.0,0.0,H,6.0,14.0,2.0,3.0,3.0,9.0,12.0,11.0,3.0,1.0,0.0,0.0,
F1,02/11/2019,19:00,Angers,Strasbourg,1.0,0.0,H,1.0,0.0,H,9.0,8.0,5.0,3.0,4.0,8.0,13.0,20.0,1.0,1.0,0.0,0.0,
F1,02/11/2019,19:00,Metz,Montpellier,2.0,2.0,D,1.0,0.0,H,11.0,12.0,4.0,4.0,5.0,3.0,12.0,19.0,1.0,2.0,0.0,0.0,
F1,02/11/2019,19:00,Toulouse,Lyon,2.0,3.0,A,1.0,1.0,D,12.0,21.0,5.0,8.0,5.0,5.0,10.0,4.0,3.0,0.0,0.0,0.0,
F1,03/11/2019,14:00,Bordeaux,Nantes,2.0,0.0,H,1.0,0.0,H,10.0,9.0,7.0,2.0,6.0,9.0,18.0,17.0,4.0,3.0,0.0,0.0,
F1,03/11/2019,16:00,Nice,Reims,2.0,0.0,H,2.0,0.0,H,12.0,11.0,6.0,3.0,5.0,4.0,11.0,17.0,1.0,3.0,0.0,1.0,
F1,03/11/2019,20:00,St Etienne,Monaco,1.0,0.0,H,0.0,0.0,D,12.0,11.0,5.0,2.0,2.0,1.0,13.0,10.0,1.0,1.0,0.0,1.0,
F1,08/11/2019,19:45,Nice,Bordeaux,1.0,1.0,D,1.0,0.0,H,10.0,10.0,5.0,4.0,3.0,4.0,13.0,16.0,2.0,2.0,0.0,0.0,
F1,09/11/2019,16:30,Brest,Paris SG,1.0,2.0,A,0.0,1.0,A,17.0,18.0,4.0,8.0,5.0,4.0,10.0,13.0,1.0,2.0,0.0,0.0,
F1,09/11/2019,19:00,Lille,Metz,0.0,0.0,D,0.0,0.0,D,13.0,4.0,5.0,1.0,9.0,1.0,16.0,13.0,2.0,2.0,0.0,0.0,
F1,09/11/2019,19:00,Monaco,Dijon,1.0,0.0,H,1.0,0.0,H,18.0,15.0,7.0,3.0,6.0,9.0,11.0,8.0,2.0,0.0,0.0,0.0,
F1,09/11/2019,19:00,Reims,Angers,0.0,0.0,D,0.0,0.0,D,9.0,13.0,2.0,2.0,2.0,12.0,14.0,11.0,1.0,3.0,0.0,1.0,
F1,09/11/2019,19:00,Strasbourg,Nimes,4.0,1.0,H,2.0,0.0,H,20.0,10.0,10.0,4.0,2.0,2.0,13.0,9.0,2.0,2.0,0.0,1.0,
F1,10/11/2019,14:00,Rennes,Amiens,3.0,1.0,H,1.0,1.0,D,22.0,13.0,11.0,6.0,5.0,3.0,12.0,17.0,3.0,4.0,0.0,0.0,
F1,10/11/2019,16:00,Montpellier,Toulouse,3.0,0.0,H,1.0,0.0,H,8.0,6.0,3.0,2.0,1.0,3.0,19.0,17.0,2.0,2.0,0.0,0.0,
F1,10/11/2019,16:00,Nantes,St Etienne,2.0,3.0,A,2.0,2.0,D,9.0,11.0,6.0,4.0,3.0,3.0,6.0,9.0,1.0,0.0,0.0,0.0,
F1,10/11/2019,20:00,Marseille,Lyon,2.0,1.0,H,2.0,0.0,H,10.0,11.0,4.0,4.0,6.0,7.0,14.0,9.0,3.0,0.0,1.0,0.0,
F1,22/11/2019,19:45,Paris SG,Lille,2.0,0.0,H,2.0,0.0,H,11.0,13.0,4.0,8.0,6.0,5.0,13.0,11.0,2.0,0.0,0.0,0.0,
F1,23/11/2019,16:30,Lyon,Nice,2.0,1.0,H,2.0,0.0,H,9.0,17.0,4.0,7.0,3.0,6.0,13.0,13.0,2.0,4.0,1.0,1.0,
F1,23/11/2019,19:00,Amiens,Strasbourg,0.0,4.0,A,0.0,1.0,A,5.0,17.0,0.0,9.0,3.0,7.0,7.0,8.0,2.0,1.0,1.0,0.0,
F1,23/11/2019,19:00,Angers,Nimes,1.0,0.0,H,0.0,0.0,D,21.0,10.0,7.0,2.0,3.0,2.0,12.0,6.0,2.0,1.0,0.0,0.0,
F1,23/11/2019,19:00,Brest,Nantes,1.0,1.0,D,0.0,1.0,A,13.0,11.0,4.0,4.0,6.0,5.0,8.0,11.0,2.0,1.0,0.0,0.0,
F1,23/11/2019,19:00,Dijon,Rennes,2.0,1.0,H,0.0,0.0,D,16.0,11.0,6.0,4.0,4.0,4.0,18.0,15.0,1.0,2.0,0.0,0.0,
F1,23/11/2019,19:00,Metz,Reims,1.0,1.0,D,0.0,1.0,A,9.0,18.0,2.0,6.0,6.0,5.0,14.0,13.0,2.0,2.0,0.0,1.0,
F1,24/11/2019,14:00,Bordeaux,Monaco,2.0,1.0,H,1.0,1.0,D,17.0,11.0,6.0,3.0,5.0,12.0,16.0,20.0,3.0,5.0,0.0,1.0,
F1,24/11/2019,16:00,St Etienne,Montpellier,0.0,0.0,D,0.0,0.0,D,9.0,8.0,2.0,2.0,1.0,5.0,18.0,19.0,3.0,3.0,0.0,0.0,
F1,24/11/2019,20:00,Toulouse,Marseille,0.0,2.0,A,0.0,0.0,D,10.0,14.0,3.0,7.0,1.0,7.0,16.0,13.0,3.0,3.0,1.0,0.0,
F1,29/11/2019,19:45,Marseille,Brest,2.0,1.0,H,0.0,0.0,D,34.0,4.0,10.0,1.0,8.0,0.0,11.0,14.0,0.0,2.0,0.0,0.0,
F1,30/11/2019,16:30,Strasbourg,Lyon,1.0,2.0,A,1.0,1.0,D,9.0,8.0,2.0,4.0,3.0,1.0,12.0,11.0,3.0,1.0,0.0,0.0,
F1,30/11/2019,19:00,Lille,Dijon,1.0,0.0,H,1.0,0.0,H,19.0,8.0,5.0,0.0,11.0,3.0,16.0,16.0,2.0,1.0,0.0,0.0,
F1,30/11/2019,19:00,Montpellier,Amiens,4.0,2.0,H,1.0,1.0,D,20.0,6.0,10.0,2.0,4.0,2.0,13.0,15.0,1.0,2.0,0.0,1.0,
F1,30/11/2019,19:00,Nice,Angers,3.0,1.0,H,1.0,1.0,D,10.0,10.0,7.0,4.0,0.0,7.0,10.0,13.0,2.0,1.0,0.0,0.0,
F1,30/11/2019,19:00,Nimes,Metz,1.0,1.0,D,0.0,1.0,A,14.0,10.0,3.0,4.0,6.0,2.0,12.0,19.0,1.0,6.0,0.0,0.0,
F1,30/11/2019,19:00,Reims,Bordeaux,1.0,1.0,D,0.0,1.0,A,19.0,5.0,6.0,1.0,15.0,2.0,14.0,14.0,2.0,1.0,1.0,0.0,
F1,01/12/2019,14:00,Nantes,Toulouse,2.0,1.0,H,1.0,0.0,H,21.0,7.0,8.0,3.0,10.0,4.0,15.0,15.0,1.0,3.0,0.0,1.0,
F1,01/12/2019,16:00,Rennes,St Etienne,2.0,1.0,H,1.0,1.0,D,14.0,5.0,5.0,1.0,6.0,1.0,15.0,11.0,1.0,3.0,0.0,0.0,
F1,03/12/2019,18:00,Angers,Marseille,0.0,2.0,A,0.0,2.0,A,9.0,10.0,2.0,4.0,3.0,1.0,11.0,11.0,1.0,1.0,0.0,0.0,
F1,03/12/2019,18:00,Bordeaux,Nimes,6.0,0.0,H,2.0,0.0,H,12.0,7.0,8.0,1.0,0.0,6.0,14.0,13.0,2.0,1.0,0.0,0.0,
F1,03/12/2019,18:00,Brest,Strasbourg,5.0,0.0,H,2.0,0.0,H,11.0,9.0,8.0,3.0,3.0,7.0,9.0,11.0,2.0,1.0,0.0,0.0,
F1,03/12/2019,20:05,Lyon,Lille,0.0,1.0,A,0.0,0.0,D,11.0,8.0,3.0,2.0,9.0,1.0,13.0,9.0,1.0,2.0,0.0,0.0,
F1,04/12/2019,18:00,Dijon,Montpellier,2.0,2.0,D,1.0,2.0,A,18.0,18.0,2.0,6.0,12.0,6.0,15.0,20.0,3.0,3.0,0.0,0.0,
F1,04/12/2019,18:00,Metz,Rennes,0.0,1.0,A,0.0,1.0,A,20.0,12.0,4.0,2.0,8.0,8.0,13.0,8.0,2.0,0.0,0.0,0.0,
F1,04/12/2019,18:00,St Etienne,Nice,4.0,1.0,H,3.0,1.0,H,15.0,16.0,7.0,4.0,8.0,5.0,15.0,11.0,2.0,3.0,0.0,0.0,
F1,04/12/2019,18:00,Toulouse,Monaco,1.0,2.0,A,1.0,1.0,D,14.0,18.0,3.0,7.0,2.0,6.0,18.0,10.0,0.0,1.0,0.0,0.0,
F1,04/12/2019,20:05,Paris SG,Nantes,2.0,0.0,H,0.0,0.0,D,10.0,11.0,6.0,4.0,5.0,9.0,11.0,14.0,1.0,2.0,0.0,0.0,
F1,06/12/2019,18:00,Lille,Brest,1.0,0.0,H,1.0,0.0,H,16.0,6.0,10.0,0.0,7.0,3.0,10.0,9.0,0.0,1.0,0.0,0.0,
F1,06/12/2019,19:45,Nimes,Lyon,0.0,4.0,A,0.0,1.0,A,6.0,22.0,2.0,8.0,1.0,5.0,10.0,15.0,2.0,2.0,2.0,0.0,
F1,07/12/2019,16:30,Montpellier,Paris SG,1.0,3.0,A,1.0,0.0,H,6.0,14.0,1.0,5.0,4.0,4.0,17.0,18.0,5.0,3.0,1.0,0.0,
F1,07/12/2019,19:00,Monaco,Amiens,3.0,0.0,H,0.0,0.0,D,20.0,5.0,8.0,2.0,8.0,1.0,10.0,8.0,0.0,0.0,0.0,0.0,
F1,07/12/2019,19:00,Nice,Metz,4.0,1.0,H,2.0,0.0,H,14.0,18.0,5.0,3.0,2.0,4.0,8.0,13.0,0.0,2.0,0.0,0.0,
F1,07/12/2019,19:00,Rennes,Angers,2.0,1.0,H,1.0,0.0,H,8.0,12.0,3.0,1.0,4.0,4.0,15.0,12.0,3.0,1.0,0.0,0.0,
F1,07/12/2019,19:00,Strasbourg,Toulouse,4.0,2.0,H,2.0,1.0,H,18.0,14.0,7.0,9.0,3.0,5.0,10.0,7.0,0.0,1.0,0.0,0.0,
F1,08/12/2019,14:00,Reims,St Etienne,3.0,1.0,H,1.0,0.0,H,10.0,11.0,3.0,4.0,1.0,2.0,10.0,14.0,2.0,2.0,0.0,0.0,
F1,08/12/2019,16:00,Nantes,Dijon,1.0,0.0,H,0.0,0.0,D,17.0,5.0,6.0,1.0,9.0,1.0,12.0,14.0,1.0,2.0,0.0,0.0,
F1,08/12/2019,20:00,Marseille,Bordeaux,3.0,1.0,H,0.0,1.0,A,25.0,3.0,6.0,2.0,7.0,0.0,10.0,9.0,2.0,1.0,0.0,0.0,
F1,13/12/2019,19:45,Lille,Montpellier,2.0,1.0,H,1.0,0.0,H,14.0,10.0,9.0,4.0,4.0,5.0,13.0,15.0,3.0,1.0,0.0,0.0,
F1,14/12/2019,16:30,Metz,Marseille,1.0,1.0,D,1.0,0.0,H,6.0,16.0,3.0,5.0,1.0,7.0,15.0,13.0,4.0,1.0,0.0,0.0,
F1,14/12/2019,19:00,Amiens,Dijon,1.0,1.0,D,1.0,1.0,D,6.0,10.0,2.0,5.0,5.0,3.0,15.0,8.0,1.0,3.0,0.0,0.0,
F1,14/12/2019,19:00,Angers,Monaco,0.0,0.0,D,0.0,0.0,D,10.0,7.0,5.0,2.0,7.0,6.0,16.0,15.0,4.0,3.0,0.0,0.0,
F1,14/12/2019,19:00,Brest,Nice,0.0,0.0,D,0.0,0.0,D,16.0,15.0,4.0,7.0,5.0,6.0,13.0,11.0,3.0,2.0,0.0,0.0,
F1,14/12/2019,19:00,Nimes,Nantes,0.0,1.0,A,0.0,1.0,A,16.0,10.0,4.0,5.0,9.0,3.0,17.0,21.0,0.0,3.0,0.0,0.0,
F1,14/12/2019,19:00,Toulouse,Reims,0.0,1.0,A,0.0,1.0,A,9.0,10.0,5.0,4.0,4.0,8.0,17.0,14.0,0.0,2.0,0.0,0.0,
F1,15/12/2019,14:00,Bordeaux,Strasbourg,0.0,1.0,A,0.0,1.0,A,13.0,7.0,3.0,4.0,5.0,7.0,12.0,13.0,3.0,2.0,0.0,0.0,
F1,15/12/2019,16:00,Lyon,Rennes,0.0,1.0,A,0.0,0.0,D,10.0,12.0,3.0,6.0,5.0,7.0,20.0,15.0,3.0,3.0,0.0,0.0,
F1,15/12/2019,20:00,St Etienne,Paris SG,0.0,4.0,A,0.0,2.0,A,11.0,21.0,2.0,13.0,5.0,2.0,4.0,9.0,1.0,1.0,1.0,0.0,
F1,21/12/2019,19:45,Dijon,Metz,2.0,2.0,D,2.0,1.0,H,19.0,9.0,5.0,3.0,3.0,5.0,13.0,10.0,2.0,3.0,0.0,1.0,
F1,21/12/2019,19:45,Marseille,Nimes,3.0,1.0,H,0.0,0.0,D,19.0,12.0,9.0,5.0,7.0,4.0,12.0,8.0,3.0,2.0,0.0,0.0,
F1,21/12/2019,19:45,Monaco,Lille,5.0,1.0,H,2.0,1.0,H,15.0,9.0,6.0,4.0,5.0,6.0,10.0,15.0,5.0,1.0,1.0,0.0,
F1,21/12/2019,19:45,Montpellier,Brest,4.0,0.0,H,2.0,0.0,H,17.0,17.0,6.0,4.0,3.0,2.0,12.0,15.0,1.0,1.0,0.0,0.0,
F1,21/12/2019,19:45,Nantes,Angers,1.0,2.0,A,1.0,0.0,H,9.0,13.0,1.0,7.0,5.0,4.0,15.0,6.0,1.0,0.0,0.0,0.0,
F1,21/12/2019,19:45,Nice,Toulouse,3.0,0.0,H,3.0,0.0,H,15.0,8.0,5.0,0.0,12.0,4.0,9.0,18.0,1.0,4.0,0.0,0.0,
F1,21/12/2019,19:45,Paris SG,Amiens,4.0,1.0,H,1.0,0.0,H,22.0,8.0,10.0,3.0,7.0,3.0,16.0,10.0,0.0,1.0,0.0,0.0,
F1,21/12/2019,19:45,Reims,Lyon,1.0,1.0,D,1.0,1.0,D,12.0,15.0,3.0,4.0,4.0,4.0,11.0,16.0,2.0,3.0,0.0,0.0,
F1,21/12/2019,19:45,Rennes,Bordeaux,1.0,0.0,H,0.0,0.0,D,12.0,13.0,5.0,2.0,2.0,8.0,11.0,13.0,0.0,3.0,0.0,0.0,
F1,21/12/2019,19:45,Strasbourg,St Etienne,2.0,1.0,H,1.0,0.0,H,5.0,6.0,3.0,1.0,2.0,7.0,16.0,13.0,3.0,2.0,0.0,0.0,
F1,10/01/2020,19:45,Rennes,Marseille,0.0,1.0,A,0.0,0.0,D,9.0,10.0,2.0,4.0,4.0,1.0,15.0,17.0,2.0,5.0,0.0,0.0,
F1,11/01/2020,16:30,Bordeaux,Lyon,1.0,2.0,A,1.0,0.0,H,5.0,22.0,2.0,6.0,5.0,4.0,12.0,12.0,1.0,3.0,0.0,0.0,
F1,11/01/2020,19:00,Amiens,Montpellier,1.0,2.0,A,1.0,0.0,H,7.0,11.0,3.0,4.0,4.0,1.0,18.0,13.0,2.0,1.0,0.0,0.0,
F1,11/01/2020,19:00,Angers,Nice,1.0,1.0,D,1.0,1.0,D,16.0,8.0,9.0,2.0,7.0,2.0,11.0,12.0,1.0,3.0,0.0,0.0,
F1,11/01/2020,19:00,Metz,Strasbourg,1.0,0.0,H,0.0,0.0,D,9.0,14.0,4.0,3.0,1.0,6.0,12.0,16.0,1.0,2.0,0.0,0.0,
F1,11/01/2020,19:00,Nimes,Reims,2.0,0.0,H,1.0,0.0,H,13.0,6.0,4.0,2.0,5.0,3.0,17.0,26.0,1.0,5.0,0.0,1.0,
F1,11/01/2020,19:00,Toulouse,Brest,2.0,5.0,A,2.0,1.0,H,12.0,15.0,5.0,9.0,5.0,6.0,19.0,10.0,1.0,0.0,0.0,0.0,
F1,12/01/2020,14:00,St Etienne,Nantes,0.0,2.0,A,0.0,1.0,A,10.0,11.0,1.0,4.0,2.0,1.0,14.0,10.0,2.0,1.0,0.0,0.0,
F1,12/01/2020,16:00,Dijon,Lille,1.0,0.0,H,0.0,0.0,D,15.0,12.0,7.0,6.0,2.0,7.0,11.0,20.0,2.0,4.0,1.0,1.0,
F1,12/01/2020,20:00,Paris SG,Monaco,3.0,3.0,D,3.0,2.0,H,13.0,16.0,6.0,6.0,7.0,7.0,6.0,9.0,0.0,3.0,0.0,0.0,
F1,15/01/2020,18:00,Amiens,Reims,1.0,1.0,D,0.0,1.0,A,6.0,6.0,3.0,1.0,2.0,1.0,26.0,16.0,1.0,3.0,0.0,0.0,
F1,15/01/2020,18:00,Nimes,Rennes,0.0,1.0,A,0.0,0.0,D,6.0,8.0,1.0,2.0,3.0,2.0,23.0,20.0,1.0,3.0,0.0,0.0,
F1,15/01/2020,20:00,Monaco,Paris SG,1.0,4.0,A,0.0,2.0,A,13.0,17.0,4.0,12.0,3.0,5.0,9.0,14.0,2.0,3.0,0.0,0.0,
F1,24/01/2020,19:45,Nice,Rennes,1.0,1.0,D,0.0,0.0,D,23.0,21.0,4.0,5.0,9.0,8.0,13.0,14.0,0.0,1.0,0.0,0.0,
F1,25/01/2020,16:30,Marseille,Angers,0.0,0.0,D,0.0,0.0,D,9.0,4.0,2.0,0.0,4.0,2.0,17.0,13.0,1.0,2.0,0.0,0.0,
F1,25/01/2020,19:00,Brest,Amiens,2.0,1.0,H,0.0,0.0,D,10.0,8.0,3.0,3.0,2.0,7.0,13.0,17.0,2.0,4.0,0.0,0.0,
F1,25/01/2020,19:00,Monaco,Strasbourg,1.0,3.0,A,0.0,1.0,A,12.0,11.0,3.0,7.0,5.0,5.0,8.0,9.0,1.0,0.0,0.0,0.0,
F1,25/01/2020,19:00,Montpellier,Dijon,2.0,1.0,H,0.0,0.0,D,16.0,6.0,5.0,2.0,3.0,1.0,16.0,15.0,2.0,2.0,0.0,1.0,
F1,25/01/2020,19:00,Reims,Metz,0.0,1.0,A,0.0,1.0,A,16.0,7.0,2.0,4.0,11.0,1.0,11.0,9.0,1.0,1.0,0.0,0.0,
F1,25/01/2020,19:00,St Etienne,Nimes,2.0,1.0,H,2.0,1.0,H,13.0,12.0,6.0,4.0,6.0,5.0,19.0,16.0,3.0,2.0,0.0,0.0,
F1,26/01/2020,14:00,Lyon,Toulouse,3.0,0.0,H,1.0,0.0,H,13.0,10.0,5.0,4.0,8.0,2.0,8.0,5.0,0.0,1.0,0.0,0.0,
F1,26/01/2020,16:00,Nantes,Bordeaux,0.0,1.0,A,0.0,0.0,D,7.0,11.0,0.0,2.0,0.0,2.0,11.0,14.0,3.0,2.0,1.0,0.0,
F1,26/01/2020,20:00,Lille,Paris SG,0.0,2.0,A,0.0,1.0,A,9.0,12.0,2.0,5.0,6.0,3.0,20.0,10.0,3.0,1.0,0.0,0.0,
F1,31/01/2020,19:45,Rennes,Nantes,3.0,2.0,H,0.0,0.0,D,13.0,8.0,9.0,5.0,5.0,5.0,13.0,17.0,5.0,4.0,0.0,0.0,
F1,01/02/2020,16:30,Paris SG,Montpellier,5.0,0.0,H,3.0,0.0,H,20.0,6.0,9.0,2.0,12.0,2.0,16.0,16.0,4.0,4.0,0.0,2.0,
F1,01/02/2020,19:00,Amiens,Toulouse,0.0,0.0,D,0.0,0.0,D,9.0,12.0,4.0,1.0,8.0,4.0,14.0,15.0,3.0,2.0,0.0,0.0,
F1,01/02/2020,19:00,Angers,Reims,1.0,4.0,A,1.0,1.0,D,15.0,12.0,4.0,4.0,2.0,4.0,15.0,13.0,1.0,2.0,0.0,0.0,
F1,01/02/2020,19:00,Dijon,Brest,3.0,0.0,H,2.0,0.0,H,12.0,19.0,5.0,4.0,6.0,6.0,9.0,17.0,0.0,1.0,0.0,0.0,
F1,01/02/2020,19:00,Nimes,Monaco,3.0,1.0,H,1.0,1.0,D,22.0,6.0,8.0,4.0,7.0,1.0,13.0,10.0,4.0,3.0,0.0,2.0,
F1,01/02/2020,19:00,Strasbourg,Lille,1.0,2.0,A,1.0,0.0,H,13.0,9.0,3.0,4.0,3.0,7.0,12.0,22.0,1.0,4.0,0.0,0.0,
F1,02/02/2020,14:00,Nice,Lyon,2.0,1.0,H,1.0,1.0,D,12.0,14.0,7.0,7.0,4.0,10.0,17.0,9.0,3.0,2.0,1.0,1.0,
F1,02/02/2020,16:00,Metz,St Etienne,3.0,1.0,H,1.0,0.0,H,10.0,17.0,6.0,7.0,3.0,8.0,11.0,18.0,0.0,2.0,0.0,0.0,
F1,02/02/2020,20:00,Bordeaux,Marseille,0.0,0.0,D,0.0,0.0,D,12.0,16.0,3.0,4.0,3.0,10.0,10.0,14.0,2.0,2.0,0.0,0.0,
F1,04/02/2020,18:00,Lille,Rennes,1.0,0.0,H,1.0,0.0,H,14.0,11.0,3.0,4.0,5.0,2.0,15.0,16.0,3.0,1.0,0.0,0.0,
F1,04/02/2020,18:00,Monaco,Angers,1.0,0.0,H,1.0,0.0,H,6.0,16.0,3.0,4.0,1.0,8.0,13.0,8.0,2.0,2.0,0.0,0.0,
F1,04/02/2020,20:05,Nantes,Paris SG,1.0,2.0,A,0.0,1.0,A,15.0,19.0,5.0,7.0,4.0,7.0,9.0,21.0,2.0,4.0,0.0,0.0,
F1,05/02/2020,18:00,Brest,Bordeaux,1.0,1.0,D,0.0,1.0,A,17.0,13.0,3.0,5.0,8.0,5.0,14.0,5.0,2.0,0.0,1.0,0.0,
F1,05/02/2020,18:00,Lyon,Amiens,0.0,0.0,D,0.0,0.0,D,10.0,7.0,3.0,2.0,5.0,3.0,8.0,14.0,1.0,2.0,0.0,0.0,
F1,05/02/2020,18:00,Montpellier,Metz,1.0,1.0,D,1.0,0.0,H,12.0,18.0,7.0,8.0,6.0,8.0,13.0,16.0,2.0,1.0,0.0,0.0,
F1,05/02/2020,18:00,Nimes,Dijon,2.0,0.0,H,2.0,0.0,H,11.0,10.0,5.0,3.0,2.0,2.0,17.0,27.0,0.0,3.0,0.0,0.0,
F1,05/02/2020,18:00,Reims,Nice,1.0,1.0,D,0.0,0.0,D,15.0,5.0,4.0,4.0,9.0,6.0,11.0,7.0,2.0,0.0,0.0,0.0,
F1,05/02/2020,18:00,Toulouse,Strasbourg,0.0,1.0,A,0.0,0.0,D,12.0,15.0,1.0,6.0,5.0,2.0,7.0,10.0,1.0,2.0,0.0,0.0,
F1,05/02/2020,20:00,St Etienne,Marseille,0.0,2.0,A,0.0,1.0,A,11.0,5.0,3.0,3.0,6.0,2.0,8.0,11.0,2.0,4.0,0.0,0.0,
F1,07/02/2020,19:45,Angers,Lille,0.0,2.0,A,0.0,1.0,A,9.0,12.0,1.0,4.0,6.0,2.0,10.0,15.0,4.0,3.0,0.0,0.0,
F1,08/02/2020,16:30,Marseille,Toulouse,1.0,0.0,H,0.0,0.0,D,12.0,10.0,3.0,3.0,5.0,5.0,6.0,8.0,1.0,2.0,0.0,0.0,
F1,08/02/2020,19:00,Amiens,Monaco,1.0,2.0,A,1.0,0.0,H,8.0,12.0,1.0,6.0,3.0,9.0,14.0,17.0,1.0,3.0,0.0,0.0,
F1,08/02/2020,19:00,Dijon,Nantes,3.0,3.0,D,2.0,2.0,D,17.0,8.0,4.0,2.0,9.0,4.0,8.0,11.0,2.0,2.0,0.0,0.0,
F1,08/02/2020,19:00,Metz,Bordeaux,1.0,2.0,A,1.0,0.0,H,11.0,15.0,4.0,5.0,5.0,13.0,5.0,11.0,2.0,2.0,1.0,0.0,
F1,08/02/2020,19:00,Nice,Nimes,1.0,3.0,A,1.0,1.0,D,6.0,10.0,3.0,5.0,1.0,7.0,8.0,13.0,2.0,4.0,1.0,0.0,
F1,08/02/2020,19:00,Rennes,Brest,0.0,0.0,D,0.0,0.0,D,17.0,8.0,2.0,3.0,6.0,0.0,7.0,14.0,2.0,4.0,0.0,0.0,
F1,09/02/2020,14:00,Montpellier,St Etienne,1.0,0.0,H,1.0,0.0,H,8.0,17.0,3.0,5.0,3.0,6.0,16.0,15.0,1.0,3.0,1.0,0.0,
F1,09/02/2020,16:00,Strasbourg,Reims,3.0,0.0,H,0.0,0.0,D,12.0,5.0,5.0,0.0,9.0,8.0,13.0,12.0,1.0,2.0,0.0,0.0,
F1,09/02/2020,20:00,Paris SG,Lyon,4.0,2.0,H,2.0,0.0,H,16.0,7.0,5.0,2.0,6.0,3.0,11.0,14.0,1.0,2.0,0.0,0.0,
F1,14/02/2020,19:45,Monaco,Montpellier,1.0,0.0,H,0.0,0.0,D,16.0,13.0,2.0,2.0,2.0,4.0,13.0,8.0,1.0,2.0,0.0,0.0,
F1,15/02/2020,16:30,Amiens,Paris SG,4.0,4.0,D,3.0,1.0,H,11.0,15.0,5.0,10.0,2.0,6.0,21.0,10.0,3.0,2.0,0.0,0.0,
F1,15/02/2020,19:00,Bordeaux,Dijon,2.0,2.0,D,1.0,1.0,D,11.0,6.0,2.0,3.0,13.0,1.0,12.0,10.0,1.0,1.0,0.0,0.0,
F1,15/02/2020,19:00,Nantes,Metz,0.0,0.0,D,0.0,0.0,D,18.0,7.0,7.0,2.0,11.0,6.0,14.0,11.0,0.0,1.0,0.0,1.0,
F1,15/02/2020,19:00,Nimes,Angers,1.0,0.0,H,0.0,0.0,D,11.0,10.0,2.0,0.0,7.0,5.0,7.0,16.0,1.0,2.0,0.0,1.0,
F1,15/02/2020,19:00,Toulouse,Nice,0.0,2.0,A,0.0,1.0,A,19.0,14.0,5.0,4.0,7.0,5.0,14.0,9.0,2.0,0.0,2.0,0.0,
F1,16/02/2020,14:00,Lyon,Strasbourg,1.0,1.0,D,1.0,1.0,D,5.0,7.0,2.0,1.0,3.0,2.0,17.0,14.0,3.0,1.0,0.0,0.0,
F1,16/02/2020,16:00,Brest,St Etienne,3.0,2.0,H,3.0,0.0,H,10.0,11.0,3.0,4.0,0.0,5.0,11.0,11.0,2.0,3.0,0.0,0.0,
F1,16/02/2020,16:00,Reims,Rennes,1.0,0.0,H,0.0,0.0,D,11.0,4.0,3.0,2.0,7.0,2.0,14.0,17.0,1.0,1.0,0.0,0.0,
F1,16/02/2020,20:00,Lille,Marseille,1.0,2.0,A,0.0,0.0,D,13.0,5.0,3.0,2.0,4.0,5.0,16.0,12.0,0.0,5.0,0.0,0.0,
F1,21/02/2020,18:00,Nice,Brest,2.0,2.0,D,2.0,1.0,H,19.0,9.0,6.0,3.0,9.0,3.0,7.0,4.0,3.0,0.0,0.0,0.0,
F1,21/02/2020,19:45,Metz,Lyon,0.0,2.0,A,0.0,1.0,A,7.0,12.0,0.0,6.0,5.0,4.0,8.0,14.0,2.0,1.0,1.0,0.0,
F1,22/02/2020,16:30,Marseille,Nantes,1.0,3.0,A,1.0,1.0,D,16.0,8.0,5.0,4.0,4.0,1.0,15.0,17.0,1.0,3.0,0.0,0.0,
F1,22/02/2020,19:00,Angers,Montpellier,1.0,0.0,H,0.0,0.0,D,12.0,10.0,8.0,2.0,6.0,8.0,16.0,16.0,4.0,2.0,0.0,0.0,
F1,22/02/2020,19:00,Dijon,Monaco,1.0,1.0,D,0.0,0.0,D,12.0,17.0,2.0,6.0,2.0,3.0,16.0,13.0,2.0,0.0,0.0,0.0,
F1,22/02/2020,19:00,Lille,Toulouse,3.0,0.0,H,2.0,0.0,H,18.0,7.0,9.0,1.0,5.0,0.0,12.0,20.0,1.0,3.0,0.0,0.0,
F1,22/02/2020,19:00,Strasbourg,Amiens,0.0,0.0,D,0.0,0.0,D,15.0,3.0,3.0,1.0,5.0,5.0,18.0,23.0,2.0,6.0,0.0,0.0,
F1,23/02/2020,14:00,St Etienne,Reims,1.0,1.0,D,0.0,0.0,D,7.0,12.0,4.0,2.0,8.0,6.0,14.0,5.0,1.0,1.0,0.0,0.0,
F1,23/02/2020,16:00,Rennes,Nimes,2.0,1.0,H,1.0,1.0,D,26.0,9.0,8.0,2.0,10.0,1.0,11.0,5.0,0.0,1.0,0.0,1.0,
F1,23/02/2020,20:00,Paris SG,Bordeaux,4.0,3.0,H,2.0,2.0,D,23.0,12.0,9.0,7.0,10.0,7.0,13.0,15.0,5.0,2.0,1.0,0.0,
F1,28/02/2020,19:45,Nimes,Marseille,2.0,3.0,A,1.0,2.0,A,16.0,13.0,6.0,4.0,8.0,9.0,15.0,14.0,4.0,3.0,0.0,0.0,
F1,29/02/2020,16:30,Paris SG,Dijon,4.0,0.0,H,1.0,0.0,H,23.0,9.0,11.0,3.0,8.0,0.0,7.0,3.0,1.0,0.0,0.0,0.0,
F1,29/02/2020,19:00,Amiens,Metz,0.0,1.0,A,0.0,1.0,A,12.0,13.0,5.0,6.0,6.0,3.0,17.0,10.0,2.0,1.0,0.0,0.0,
F1,29/02/2020,19:00,Brest,Angers,0.0,1.0,A,0.0,1.0,A,16.0,6.0,4.0,2.0,12.0,0.0,12.0,9.0,3.0,1.0,0.0,0.0,
F1,29/02/2020,19:00,Monaco,Reims,1.0,1.0,D,1.0,0.0,H,19.0,16.0,7.0,8.0,3.0,2.0,20.0,13.0,2.0,3.0,0.0,0.0,
F1,29/02/2020,19:00,Montpellier,Strasbourg,3.0,0.0,H,0.0,0.0,D,23.0,15.0,11.0,7.0,5.0,7.0,8.0,15.0,1.0,2.0,0.0,0.0,
F1,29/02/2020,19:00,Toulouse,Rennes,0.0,2.0,A,0.0,1.0,A,15.0,11.0,2.0,4.0,9.0,3.0,13.0,12.0,3.0,1.0,0.0,0.0,
F1,01/03/2020,14:00,Nantes,Lille,0.0,1.0,A,0.0,0.0,D,6.0,15.0,3.0,5.0,3.0,12.0,13.0,13.0,4.0,3.0,0.0,0.0,
F1,01/03/2020,16:00,Bordeaux,Nice,1.0,1.0,D,1.0,0.0,H,12.0,9.0,4.0,4.0,10.0,3.0,19.0,12.0,3.0,3.0,0.0,0.0,
F1,01/03/2020,20:00,Lyon,St Etienne,2.0,0.0,H,1.0,0.0,H,16.0,8.0,9.0,4.0,5.0,4.0,14.0,14.0,4.0,4.0,0.0,0.0,
F1,06/03/2020,20:00,Marseille,Amiens,2.0,2.0,D,1.0,0.0,H,13.0,12.0,6.0,3.0,4.0,4.0,13.0,17.0,2.0,2.0,0.0,0.0,
F1,07/03/2020,19:00,Angers,Nantes,2.0,0.0,H,0.0,0.0,D,7.0,15.0,3.0,4.0,4.0,6.0,9.0,6.0,0.0,3.0,0.0,0.0,
F1,07/03/2020,19:00,Dijon,Toulouse,2.0,1.0,H,1.0,1.0,D,15.0,6.0,3.0,2.0,5.0,1.0,14.0,17.0,2.0,2.0,0.0,0.0,
F1,07/03/2020,19:00,Metz,Nimes,2.0,1.0,H,1.0,0.0,H,14.0,16.0,5.0,7.0,8.0,6.0,9.0,11.0,0.0,0.0,0.0,0.0,
F1,07/03/2020,19:00,Nice,Monaco,2.0,1.0,H,0.0,1.0,A,12.0,14.0,5.0,4.0,6.0,3.0,11.0,15.0,1.0,4.0,0.0,1.0,
F1,07/03/2020,19:00,Reims,Brest,1.0,0.0,H,1.0,0.0,H,12.0,12.0,3.0,4.0,5.0,5.0,7.0,13.0,3.0,2.0,1.0,0.0,
F1,08/03/2020,14:00,St Etienne,Bordeaux,1.0,1.0,D,0.0,0.0,D,11.0,9.0,4.0,2.0,7.0,4.0,14.0,16.0,4.0,3.0,1.0,0.0,
F1,08/03/2020,16:00,Rennes,Montpellier,5.0,0.0,H,2.0,0.0,H,16.0,11.0,9.0,1.0,2.0,7.0,9.0,10.0,2.0,3.0,0.0,0.0,
F1,08/03/2020,20:00,Lille,Lyon,1.0,0.0,H,1.0,0.0,H,13.0,9.0,3.0,2.0,4.0,3.0,20.0,13.0,1.0,3.0,0.0,0.0,
F1,21/08/2020,18:00,Bordeaux,Nantes,0.0,0.0,D,0.0,0.0,D,5.0,6.0,1.0,1.0,2.0,3.0,10.0,15.0,2.0,3.0,1.0,0.0,
F1,22/08/2020,16:00,Dijon,Angers,0.0,1.0,A,0.0,1.0,A,9.0,12.0,1.0,4.0,3.0,9.0,15.0,8.0,0.0,0.0,0.0,0.0,
F1,22/08/2020,20:00,Lille,Rennes,1.0,1.0,D,1.0,0.0,H,5.0,16.0,1.0,3.0,4.0,2.0,12.0,16.0,0.0,1.0,1.0,1.0,
F1,23/08/2020,12:00,Monaco,Reims,2.0,2.0,D,1.0,2.0,A,22.0,9.0,5.0,3.0,8.0,1.0,8.0,14.0,1.0,3.0,0.0,0.0,
F1,23/08/2020,14:00,Lorient,Strasbourg,3.0,1.0,H,0.0,1.0,A,10.0,7.0,7.0,1.0,6.0,1.0,17.0,10.0,3.0,2.0,0.0,0.0,
F1,23/08/2020,14:00,Nimes,Brest,4.0,0.0,H,2.0,0.0,H,12.0,10.0,5.0,3.0,4.0,4.0,14.0,17.0,2.0,3.0,0.0,1.0,
F1,23/08/2020,16:00,Nice,Lens,2.0,1.0,H,1.0,1.0,D,4.0,17.0,2.0,4.0,1.0,7.0,17.0,18.0,2.0,3.0,0.0,0.0,
F1,28/08/2020,20:00,Lyon,Dijon,4.0,1.0,H,3.0,1.0,H,27.0,6.0,12.0,2.0,13.0,2.0,12.0,7.0,3.0,3.0,0.0,0.0,
F1,29/08/2020,16:00,Rennes,Montpellier,2.0,1.0,H,1.0,0.0,H,16.0,11.0,7.0,3.0,2.0,1.0,18.0,16.0,3.0,2.0,1.0,1.0,
F1,29/08/2020,20:00,Strasbourg,Nice,0.0,2.0,A,0.0,1.0,A,6.0,3.0,0.0,2.0,3.0,1.0,14.0,11.0,2.0,6.0,0.0,0.0,
F1,30/08/2020,12:00,Reims,Lille,0.0,1.0,A,0.0,1.0,A,4.0,10.0,0.0,3.0,1.0,2.0,20.0,11.0,4.0,1.0,0.0,0.0,
F1,30/08/2020,14:00,Angers,Bordeaux,0.0,2.0,A,0.0,2.0,A,12.0,7.0,2.0,7.0,5.0,7.0,12.0,19.0,1.0,3.0,0.0,0.0,
F1,30/08/2020,14:00,Metz,Monaco,0.0,1.0,A,0.0,1.0,A,14.0,3.0,4.0,2.0,10.0,1.0,14.0,20.0,0.0,5.0,0.0,1.0,
F1,30/08/2020,14:00,Nantes,Nimes,2.0,1.0,H,2.0,0.0,H,8.0,17.0,5.0,9.0,4.0,8.0,16.0,9.0,3.0,2.0,2.0,0.0,
F1,30/08/2020,14:00,St Etienne,Lorient,2.0,0.0,H,1.0,0.0,H,13.0,6.0,5.0,1.0,2.0,5.0,14.0,23.0,2.0,1.0,0.0,0.0,
F1,30/08/2020,20:00,Brest,Marseille,2.0,3.0,A,1.0,2.0,A,19.0,7.0,4.0,4.0,10.0,2.0,17.0,13.0,2.0,4.0,0.0,0.0,
F1,10/09/2020,20:00,Lens,Paris SG,1.0,0.0,H,0.0,0.0,D,7.0,8.0,3.0,1.0,4.0,2.0,21.0,10.0,2.0,2.0,0.0,0.0,
F1,11/09/2020,20:00,Bordeaux,Lyon,0.0,0.0,D,0.0,0.0,D,5.0,20.0,0.0,3.0,4.0,5.0,12.0,19.0,2.0,3.0,0.0,0.0,
F1,12/09/2020,16:00,Montpellier,Nice,3.0,1.0,H,1.0,0.0,H,20.0,9.0,13.0,1.0,8.0,9.0,17.0,16.0,0.0,2.0,0.0,0.0,
F1,12/09/2020,20:00,St Etienne,Strasbourg,2.0,0.0,H,0.0,0.0,D,10.0,14.0,4.0,7.0,6.0,3.0,13.0,19.0,1.0,3.0,0.0,0.0,
F1,13/09/2020,12:00,Lille,Metz,1.0,0.0,H,0.0,0.0,D,16.0,5.0,6.0,1.0,8.0,3.0,12.0,14.0,4.0,4.0,0.0,0.0,
F1,13/09/2020,14:00,Angers,Reims,1.0,0.0,H,0.0,0.0,D,20.0,7.0,7.0,2.0,1.0,2.0,12.0,12.0,4.0,2.0,1.0,1.0,
F1,13/09/2020,14:00,Dijon,Brest,0.0,2.0,A,0.0,1.0,A,7.0,19.0,3.0,5.0,5.0,7.0,16.0,16.0,2.0,0.0,1.0,0.0,
F1,13/09/2020,14:00,Lorient,Lens,2.0,3.0,A,1.0,2.0,A,6.0,12.0,3.0,6.0,4.0,2.0,20.0,16.0,4.0,3.0,0.0,1.0,
F1,13/09/2020,14:00,Nimes,Rennes,2.0,4.0,A,1.0,2.0,A,17.0,10.0,9.0,6.0,8.0,4.0,17.0,13.0,2.0,6.0,0.0,0.0,
F1,13/09/2020,16:00,Monaco,Nantes,2.0,1.0,H,1.0,0.0,H,18.0,7.0,5.0,2.0,9.0,4.0,14.0,11.0,3.0,1.0,0.0,0.0,
F1,13/09/2020,20:00,Paris SG,Marseille,0.0,1.0,A,0.0,1.0,A,14.0,5.0,4.0,2.0,4.0,2.0,17.0,19.0,6.0,8.0,3.0,2.0,
F1,15/09/2020,20:00,Montpellier,Lyon,2.0,1.0,H,1.0,0.0,H,10.0,19.0,3.0,7.0,4.0,11.0,13.0,13.0,3.0,2.0,1.0,1.0,
F1,16/09/2020,20:00,Paris SG,Metz,1.0,0.0,H,0.0,0.0,D,20.0,7.0,8.0,1.0,8.0,2.0,8.0,6.0,3.0,2.0,1.0,0.0,
F1,17/09/2020,20:00,Marseille,St Etienne,0.0,2.0,A,0.0,1.0,A,13.0,12.0,2.0,5.0,7.0,6.0,13.0,15.0,2.0,2.0,0.0,0.0,
F1,18/09/2020,20:00,Lyon,Nimes,0.0,0.0,D,0.0,0.0,D,16.0,10.0,3.0,3.0,9.0,2.0,18.0,12.0,3.0,2.0,0.0,0.0,
F1,19/09/2020,16:00,Lens,Bordeaux,2.0,1.0,H,0.0,0.0,D,19.0,7.0,5.0,3.0,7.0,0.0,15.0,15.0,5.0,5.0,0.0,1.0,
F1,19/09/2020,20:00,Rennes,Monaco,2.0,1.0,H,0.0,1.0,A,14.0,14.0,3.0,2.0,9.0,10.0,11.0,11.0,1.0,2.0,0.0,0.0,
F1,20/09/2020,12:00,Nice,Paris SG,0.0,3.0,A,0.0,2.0,A,14.0,14.0,5.0,6.0,4.0,7.0,9.0,9.0,1.0,2.0,0.0,0.0,
F1,20/09/2020,14:00,Brest,Lorient,3.0,2.0,H,2.0,1.0,H,14.0,9.0,6.0,4.0,4.0,6.0,20.0,13.0,2.0,1.0,0.0,0.0,
F1,20/09/2020,14:00,Metz,Reims,2.0,1.0,H,1.0,1.0,D,14.0,10.0,4.0,4.0,8.0,5.0,14.0,7.0,1.0,4.0,0.0,1.0,
F1,20/09/2020,14:00,Montpellier,Angers,4.0,1.0,H,2.0,1.0,H,14.0,14.0,9.0,3.0,6.0,3.0,14.0,5.0,4.0,3.0,0.0,0.0,
F1,20/09/2020,14:00,Strasbourg,Dijon,1.0,0.0,H,0.0,0.0,D,17.0,6.0,6.0,2.0,8.0,2.0,10.0,16.0,1.0,1.0,0.0,0.0,
F1,20/09/2020,16:00,Nantes,St Etienne,2.0,2.0,D,0.0,1.0,A,15.0,6.0,3.0,4.0,4.0,2.0,12.0,17.0,2.0,2.0,0.0,0.0,
F1,20/09/2020,20:00,Marseille,Lille,1.0,1.0,D,0.0,0.0,D,11.0,14.0,2.0,7.0,5.0,4.0,12.0,18.0,3.0,3.0,0.0,0.0,
F1,25/09/2020,20:00,Lille,Nantes,2.0,0.0,H,1.0,0.0,H,12.0,12.0,4.0,6.0,4.0,7.0,16.0,12.0,0.0,2.0,0.0,0.0,
F1,26/09/2020,16:00,St Etienne,Rennes,0.0,3.0,A,0.0,1.0,A,6.0,10.0,4.0,6.0,6.0,4.0,11.0,12.0,1.0,1.0,0.0,0.0,
F1,26/09/2020,20:00,Marseille,Metz,1.0,1.0,D,0.0,0.0,D,17.0,14.0,3.0,3.0,5.0,5.0,15.0,11.0,0.0,2.0,0.0,0.0,
F1,27/09/2020,12:00,Bordeaux,Nice,0.0,0.0,D,0.0,0.0,D,18.0,13.0,5.0,2.0,7.0,7.0,9.0,15.0,1.0,1.0,0.0,0.0,
F1,27/09/2020,14:00,Angers,Brest,3.0,2.0,H,1.0,2.0,A,12.0,14.0,5.0,6.0,6.0,1.0,17.0,21.0,3.0,2.0,0.0,0.0,
F1,27/09/2020,14:00,Dijon,Montpellier,2.0,2.0,D,1.0,0.0,H,15.0,14.0,6.0,5.0,6.0,13.0,15.0,11.0,4.0,1.0,0.0,0.0,
F1,27/09/2020,14:00,Monaco,Strasbourg,3.0,2.0,H,2.0,0.0,H,11.0,11.0,5.0,5.0,6.0,2.0,11.0,12.0,3.0,1.0,2.0,0.0,
F1,27/09/2020,14:00,Nimes,Lens,1.0,1.0,D,0.0,1.0,A,13.0,15.0,4.0,6.0,5.0,7.0,10.0,16.0,0.0,3.0,0.0,0.0,
F1,27/09/2020,16:00,Lorient,Lyon,1.0,1.0,D,0.0,0.0,D,4.0,19.0,2.0,6.0,1.0,5.0,19.0,7.0,2.0,0.0,0.0,0.0,
F1,27/09/2020,20:00,Reims,Paris SG,0.0,2.0,A,0.0,1.0,A,8.0,21.0,3.0,7.0,3.0,7.0,11.0,10.0,2.0,2.0,0.0,0.0,
F1,02/10/2020,20:00,Paris SG,Angers,6.0,1.0,H,2.0,0.0,H,18.0,8.0,12.0,2.0,6.0,2.0,11.0,9.0,1.0,2.0,0.0,0.0,
F1,03/10/2020,16:00,Lens,St Etienne,2.0,0.0,H,1.0,0.0,H,13.0,2.0,5.0,1.0,12.0,0.0,23.0,10.0,1.0,1.0,0.0,2.0,
F1,03/10/2020,20:00,Nice,Nantes,2.0,1.0,H,1.0,1.0,D,18.0,11.0,7.0,1.0,9.0,2.0,13.0,8.0,2.0,1.0,0.0,1.0,
F1,04/10/2020,12:00,Montpellier,Nimes,0.0,1.0,A,0.0,0.0,D,12.0,8.0,2.0,1.0,8.0,2.0,14.0,15.0,2.0,1.0,0.0,0.0,
F1,04/10/2020,14:00,Bordeaux,Dijon,3.0,0.0,H,2.0,0.0,H,17.0,5.0,7.0,1.0,5.0,4.0,15.0,14.0,2.0,3.0,0.0,0.0,
F1,04/10/2020,14:00,Brest,Monaco,1.0,0.0,H,1.0,0.0,H,7.0,21.0,5.0,2.0,1.0,8.0,10.0,17.0,3.0,4.0,0.0,0.0,
F1,04/10/2020,14:00,Metz,Lorient,3.0,1.0,H,1.0,1.0,D,16.0,10.0,8.0,4.0,4.0,3.0,10.0,14.0,1.0,2.0,0.0,0.0,
F1,04/10/2020,14:00,Strasbourg,Lille,0.0,3.0,A,0.0,1.0,A,14.0,12.0,3.0,6.0,11.0,1.0,11.0,10.0,1.0,1.0,0.0,0.0,
F1,04/10/2020,16:00,Rennes,Reims,2.0,2.0,D,2.0,1.0,H,18.0,9.0,3.0,4.0,10.0,2.0,12.0,16.0,4.0,3.0,0.0,0.0,
F1,04/10/2020,20:00,Lyon,Marseille,1.0,1.0,D,1.0,1.0,D,24.0,4.0,3.0,1.0,19.0,5.0,14.0,10.0,1.0,1.0,0.0,1.0,
F1,16/10/2020,18:00,Dijon,Rennes,1.0,1.0,D,0.0,1.0,A,12.0,12.0,4.0,3.0,3.0,5.0,22.0,13.0,4.0,2.0,0.0,0.0,
F1,16/10/2020,20:00,Nimes,Paris SG,0.0,4.0,A,0.0,1.0,A,5.0,30.0,2.0,11.0,1.0,9.0,10.0,12.0,1.0,2.0,1.0,0.0,
F1,17/10/2020,16:00,Reims,Lorient,1.0,3.0,A,1.0,0.0,H,6.0,14.0,3.0,4.0,3.0,6.0,14.0,11.0,4.0,1.0,2.0,0.0,
F1,17/10/2020,20:00,Marseille,Bordeaux,3.0,1.0,H,1.0,0.0,H,6.0,8.0,4.0,4.0,6.0,10.0,13.0,13.0,3.0,1.0,0.0,0.0,
F1,18/10/2020,12:00,Strasbourg,Lyon,2.0,3.0,A,1.0,3.0,A,20.0,14.0,9.0,8.0,4.0,2.0,13.0,8.0,2.0,3.0,0.0,0.0,
F1,18/10/2020,14:00,Angers,Metz,1.0,1.0,D,1.0,1.0,D,7.0,7.0,2.0,3.0,2.0,5.0,18.0,13.0,4.0,2.0,0.0,0.0,
F1,18/10/2020,14:00,Monaco,Montpellier,1.0,1.0,D,0.0,0.0,D,21.0,3.0,7.0,2.0,10.0,2.0,13.0,13.0,2.0,1.0,0.0,1.0,
F1,18/10/2020,14:00,Nantes,Brest,3.0,1.0,H,2.0,0.0,H,12.0,14.0,8.0,5.0,2.0,6.0,15.0,15.0,3.0,2.0,0.0,0.0,
F1,18/10/2020,16:00,St Etienne,Nice,1.0,3.0,A,0.0,2.0,A,11.0,11.0,4.0,5.0,7.0,3.0,15.0,10.0,2.0,5.0,0.0,0.0,
F1,18/10/2020,20:00,Lille,Lens,4.0,0.0,H,1.0,0.0,H,17.0,7.0,6.0,2.0,7.0,2.0,13.0,16.0,0.0,3.0,0.0,2.0,
F1,23/10/2020,20:00,Rennes,Angers,1.0,2.0,A,1.0,1.0,D,11.0,10.0,1.0,4.0,5.0,4.0,11.0,5.0,2.0,0.0,0.0,0.0,
F1,24/10/2020,16:00,Lorient,Marseille,0.0,1.0,A,0.0,0.0,D,13.0,15.0,3.0,3.0,6.0,4.0,10.0,12.0,3.0,3.0,0.0,0.0,
F1,24/10/2020,20:00,Paris SG,Dijon,4.0,0.0,H,2.0,0.0,H,20.0,16.0,9.0,3.0,4.0,10.0,12.0,18.0,0.0,2.0,0.0,0.0,
F1,25/10/2020,14:00,Bordeaux,Nimes,2.0,0.0,H,0.0,0.0,D,20.0,8.0,6.0,4.0,7.0,4.0,9.0,16.0,3.0,3.0,0.0,0.0,
F1,25/10/2020,14:00,Brest,Strasbourg,0.0,3.0,A,0.0,2.0,A,14.0,7.0,4.0,5.0,12.0,2.0,8.0,11.0,1.0,3.0,0.0,0.0,
F1,25/10/2020,14:00,Metz,St Etienne,2.0,0.0,H,1.0,0.0,H,6.0,10.0,3.0,0.0,5.0,3.0,11.0,18.0,3.0,3.0,0.0,0.0,
F1,25/10/2020,14:00,Montpellier,Reims,0.0,4.0,A,0.0,3.0,A,5.0,24.0,1.0,9.0,3.0,8.0,7.0,11.0,1.0,0.0,2.0,0.0,
F1,25/10/2020,16:00,Nice,Lille,1.0,1.0,D,0.0,0.0,D,8.0,12.0,3.0,4.0,5.0,3.0,13.0,18.0,1.0,6.0,0.0,0.0,
F1,25/10/2020,20:00,Lyon,Monaco,4.0,1.0,H,4.0,0.0,H,15.0,18.0,6.0,5.0,2.0,12.0,12.0,15.0,3.0,4.0,1.0,0.0,
F1,31/10/2020,16:00,Rennes,Brest,2.0,1.0,H,0.0,0.0,D,24.0,9.0,8.0,4.0,8.0,1.0,2.0,12.0,1.0,3.0,0.0,0.0,
F1,31/10/2020,20:00,Nantes,Paris SG,0.0,3.0,A,0.0,0.0,D,6.0,13.0,1.0,4.0,2.0,4.0,13.0,13.0,2.0,1.0,0.0,0.0,
F1,01/11/2020,12:00,St Etienne,Montpellier,0.0,1.0,A,0.0,1.0,A,8.0,10.0,0.0,2.0,8.0,2.0,16.0,17.0,3.0,3.0,0.0,0.0,
F1,01/11/2020,14:00,Angers,Nice,0.0,3.0,A,0.0,2.0,A,11.0,12.0,5.0,5.0,9.0,5.0,18.0,12.0,5.0,2.0,0.0,0.0,
F1,01/11/2020,14:00,Dijon,Lorient,0.0,0.0,D,0.0,0.0,D,11.0,9.0,2.0,1.0,9.0,7.0,18.0,13.0,2.0,1.0,0.0,0.0,
F1,01/11/2020,14:00,Nimes,Metz,0.0,1.0,A,0.0,1.0,A,16.0,8.0,2.0,5.0,10.0,1.0,13.0,15.0,3.0,2.0,0.0,1.0,
F1,01/11/2020,14:00,Reims,Strasbourg,2.0,1.0,H,2.0,1.0,H,12.0,9.0,4.0,3.0,5.0,3.0,13.0,13.0,0.0,2.0,0.0,0.0,
F1,01/11/2020,16:00,Monaco,Bordeaux,4.0,0.0,H,3.0,0.0,H,17.0,5.0,6.0,0.0,10.0,4.0,10.0,12.0,2.0,2.0,0.0,0.0,
F1,01/11/2020,20:00,Lille,Lyon,1.0,1.0,D,1.0,1.0,D,15.0,8.0,6.0,1.0,9.0,4.0,14.0,10.0,3.0,3.0,0.0,1.0,
F1,06/11/2020,20:00,Strasbourg,Marseille,0.0,1.0,A,0.0,0.0,D,9.0,1.0,2.0,1.0,2.0,2.0,13.0,17.0,0.0,4.0,0.0,0.0,
F1,07/11/2020,16:00,Bordeaux,Montpellier,0.0,2.0,A,0.0,0.0,D,9.0,9.0,1.0,3.0,3.0,5.0,14.0,10.0,2.0,1.0,0.0,0.0,
F1,07/11/2020,20:00,Paris SG,Rennes,3.0,0.0,H,2.0,0.0,H,9.0,16.0,6.0,3.0,2.0,7.0,19.0,15.0,3.0,0.0,0.0,0.0,
F1,08/11/2020,12:00,Brest,Lille,3.0,2.0,H,3.0,1.0,H,12.0,22.0,8.0,7.0,3.0,11.0,13.0,15.0,4.0,3.0,0.0,0.0,
F1,08/11/2020,14:00,Lens,Reims,4.0,4.0,D,1.0,0.0,H,14.0,8.0,5.0,6.0,9.0,1.0,12.0,7.0,3.0,1.0,0.0,0.0,
F1,08/11/2020,14:00,Lorient,Nantes,0.0,2.0,A,0.0,0.0,D,18.0,16.0,4.0,4.0,5.0,5.0,17.0,9.0,3.0,1.0,0.0,0.0,
F1,08/11/2020,14:00,Metz,Dijon,1.0,1.0,D,1.0,1.0,D,14.0,14.0,4.0,6.0,5.0,6.0,16.0,11.0,2.0,1.0,0.0,0.0,
F1,08/11/2020,14:00,Nimes,Angers,1.0,5.0,A,0.0,2.0,A,11.0,15.0,4.0,8.0,6.0,2.0,12.0,15.0,2.0,5.0,0.0,0.0,
F1,08/11/2020,16:00,Nice,Monaco,1.0,2.0,A,0.0,1.0,A,8.0,15.0,4.0,8.0,1.0,4.0,8.0,16.0,2.0,2.0,0.0,0.0,
F1,08/11/2020,20:00,Lyon,St Etienne,2.0,1.0,H,0.0,1.0,A,18.0,16.0,6.0,4.0,3.0,5.0,19.0,19.0,5.0,3.0,0.0,0.0,
F1,20/11/2020,18:00,Rennes,Bordeaux,0.0,1.0,A,0.0,1.0,A,14.0,6.0,2.0,3.0,7.0,3.0,18.0,19.0,2.0,2.0,0.0,0.0,
F1,20/11/2020,20:00,Monaco,Paris SG,3.0,2.0,H,0.0,2.0,A,15.0,9.0,5.0,4.0,2.0,1.0,12.0,19.0,2.0,3.0,0.0,1.0,
F1,21/11/2020,16:00,Brest,St Etienne,4.0,1.0,H,4.0,1.0,H,10.0,17.0,5.0,1.0,5.0,6.0,12.0,10.0,1.0,1.0,0.0,0.0,
F1,22/11/2020,12:00,Nantes,Metz,1.0,1.0,D,1.0,1.0,D,17.0,10.0,5.0,4.0,6.0,2.0,13.0,14.0,2.0,3.0,0.0,0.0,
F1,22/11/2020,14:00,Dijon,Lens,0.0,1.0,A,0.0,1.0,A,10.0,6.0,2.0,2.0,8.0,6.0,14.0,6.0,2.0,0.0,0.0,0.0,
F1,22/11/2020,14:00,Montpellier,Strasbourg,4.0,3.0,H,3.0,3.0,D,21.0,9.0,9.0,5.0,11.0,3.0,16.0,11.0,2.0,1.0,0.0,0.0,
F1,22/11/2020,14:00,Reims,Nimes,0.0,1.0,A,0.0,0.0,D,16.0,6.0,6.0,5.0,7.0,1.0,18.0,11.0,3.0,1.0,0.0,0.0,
F1,22/11/2020,16:00,Angers,Lyon,0.0,1.0,A,0.0,0.0,D,20.0,5.0,8.0,2.0,8.0,3.0,12.0,12.0,2.0,3.0,0.0,0.0,
F1,22/11/2020,20:00,Lille,Lorient,4.0,0.0,H,1.0,0.0,H,31.0,7.0,13.0,2.0,9.0,4.0,10.0,11.0,1.0,3.0,0.0,0.0,
F1,25/11/2020,18:00,Lens,Nantes,1.0,1.0,D,1.0,0.0,H,7.0,11.0,1.0,3.0,6.0,2.0,14.0,18.0,4.0,2.0,0.0,0.0,
F1,27/11/2020,20:00,Strasbourg,Rennes,1.0,1.0,D,1.0,0.0,H,6.0,21.0,3.0,7.0,2.0,7.0,11.0,12.0,0.0,0.0,1.0,0.0,
F1,28/11/2020,16:00,Marseille,Nantes,3.0,1.0,H,2.0,0.0,H,15.0,6.0,9.0,2.0,3.0,7.0,16.0,11.0,4.0,2.0,0.0,0.0,
F1,28/11/2020,20:00,Paris SG,Bordeaux,2.0,2.0,D,2.0,1.0,H,16.0,18.0,9.0,4.0,14.0,5.0,8.0,10.0,1.0,1.0,0.0,0.0,
F1,29/11/2020,12:00,Lyon,Reims,3.0,0.0,H,1.0,0.0,H,14.0,10.0,4.0,2.0,4.0,2.0,19.0,11.0,2.0,1.0,0.0,1.0,
F1,29/11/2020,14:00,Lens,Angers,1.0,3.0,A,1.0,1.0,D,13.0,18.0,5.0,7.0,1.0,7.0,15.0,13.0,2.0,2.0,0.0,0.0,
F1,29/11/2020,14:00,Lorient,Montpellier,0.0,1.0,A,0.0,0.0,D,8.0,16.0,2.0,3.0,2.0,4.0,13.0,14.0,2.0,1.0,0.0,0.0,
F1,29/11/2020,14:00,Metz,Brest,0.0,2.0,A,0.0,1.0,A,15.0,10.0,6.0,3.0,10.0,5.0,11.0,10.0,2.0,1.0,0.0,0.0,
F1,29/11/2020,14:00,Monaco,Nimes,3.0,0.0,H,1.0,0.0,H,18.0,6.0,5.0,2.0,8.0,3.0,16.0,9.0,1.0,1.0,0.0,1.0,
F1,29/11/2020,16:00,Nice,Dijon,1.0,3.0,A,0.0,2.0,A,24.0,9.0,7.0,4.0,11.0,1.0,7.0,21.0,3.0,3.0,0.0,0.0,
F1,29/11/2020,20:00,St Etienne,Lille,1.0,1.0,D,1.0,0.0,H,7.0,9.0,5.0,2.0,3.0,3.0,15.0,13.0,4.0,1.0,0.0,0.0,
F1,04/12/2020,20:00,Nimes,Marseille,0.0,2.0,A,0.0,0.0,D,7.0,17.0,0.0,4.0,1.0,8.0,11.0,18.0,3.0,4.0,1.0,1.0,
F1,05/12/2020,16:00,Rennes,Lens,0.0,2.0,A,0.0,1.0,A,10.0,6.0,4.0,4.0,8.0,3.0,18.0,16.0,1.0,3.0,0.0,0.0,
F1,05/12/2020,20:00,Montpellier,Paris SG,1.0,3.0,A,1.0,1.0,D,17.0,13.0,2.0,6.0,3.0,3.0,12.0,14.0,1.0,3.0,0.0,0.0,
F1,06/12/2020,12:00,Lille,Monaco,2.0,1.0,H,0.0,0.0,D,10.0,8.0,5.0,3.0,1.0,3.0,12.0,11.0,3.0,0.0,0.0,0.0,
F1,06/12/2020,14:00,Angers,Lorient,2.0,0.0,H,1.0,0.0,H,10.0,12.0,3.0,3.0,2.0,12.0,13.0,11.0,3.0,0.0,0.0,0.0,
F1,06/12/2020,14:00,Bordeaux,Brest,1.0,0.0,H,0.0,0.0,D,21.0,8.0,6.0,3.0,8.0,2.0,10.0,11.0,0.0,3.0,0.0,0.0,
F1,06/12/2020,14:00,Dijon,St Etienne,0.0,0.0,D,0.0,0.0,D,6.0,7.0,1.0,2.0,7.0,4.0,15.0,13.0,0.0,1.0,0.0,0.0,
F1,06/12/2020,14:00,Nantes,Strasbourg,0.0,4.0,A,0.0,2.0,A,14.0,13.0,2.0,9.0,7.0,3.0,13.0,13.0,3.0,2.0,0.0,0.0,
F1,06/12/2020,16:00,Reims,Nice,0.0,0.0,D,0.0,0.0,D,11.0,12.0,2.0,4.0,6.0,6.0,12.0,13.0,1.0,2.0,0.0,0.0,
F1,06/12/2020,20:00,Metz,Lyon,1.0,3.0,A,0.0,1.0,A,12.0,18.0,5.0,5.0,5.0,6.0,14.0,14.0,1.0,0.0,1.0,1.0,
F1,11/12/2020,20:00,St Etienne,Angers,0.0,0.0,D,0.0,0.0,D,14.0,8.0,3.0,3.0,5.0,6.0,16.0,15.0,3.0,3.0,0.0,0.0,
F1,12/12/2020,16:00,Marseille,Monaco,2.0,1.0,H,2.0,0.0,H,5.0,9.0,2.0,4.0,1.0,3.0,22.0,10.0,3.0,2.0,0.0,0.0,
F1,12/12/2020,20:00,Lens,Montpellier,2.0,3.0,A,1.0,2.0,A,14.0,10.0,4.0,7.0,6.0,4.0,11.0,14.0,1.0,1.0,0.0,0.0,
F1,13/12/2020,12:00,Nice,Rennes,0.0,1.0,A,0.0,1.0,A,11.0,16.0,3.0,6.0,3.0,6.0,16.0,10.0,2.0,1.0,0.0,0.0,
F1,13/12/2020,14:00,Brest,Reims,2.0,1.0,H,1.0,0.0,H,10.0,10.0,6.0,4.0,3.0,4.0,12.0,11.0,1.0,1.0,0.0,0.0,
F1,13/12/2020,14:00,Lorient,Nimes,3.0,0.0,H,2.0,0.0,H,13.0,6.0,5.0,2.0,2.0,3.0,18.0,7.0,2.0,0.0,0.0,0.0,
F1,13/12/2020,14:00,Nantes,Dijon,1.0,1.0,D,1.0,0.0,H,17.0,13.0,6.0,4.0,4.0,4.0,11.0,16.0,2.0,2.0,0.0,0.0,
F1,13/12/2020,14:00,Strasbourg,Metz,2.0,2.0,D,0.0,1.0,A,18.0,6.0,4.0,3.0,5.0,4.0,11.0,16.0,3.0,4.0,0.0,0.0,
F1,13/12/2020,16:00,Lille,Bordeaux,2.0,1.0,H,2.0,1.0,H,15.0,4.0,5.0,3.0,8.0,3.0,14.0,10.0,0.0,2.0,0.0,0.0,
F1,13/12/2020,20:00,Paris SG,Lyon,0.0,1.0,A,0.0,1.0,A,7.0,8.0,1.0,5.0,5.0,5.0,11.0,17.0,4.0,1.0,0.0,1.0,
F1,16/12/2020,18:00,Angers,Strasbourg,0.0,2.0,A,0.0,0.0,D,8.0,7.0,2.0,3.0,6.0,2.0,9.0,11.0,1.0,2.0,0.0,0.0,
F1,16/12/2020,18:00,Dijon,Lille,0.0,2.0,A,0.0,1.0,A,6.0,10.0,1.0,5.0,5.0,4.0,21.0,8.0,0.0,0.0,0.0,0.0,
F1,16/12/2020,18:00,Montpellier,Metz,0.0,2.0,A,0.0,0.0,D,14.0,9.0,3.0,5.0,10.0,2.0,11.0,9.0,3.0,3.0,0.0,0.0,
F1,16/12/2020,18:00,Nimes,Nice,0.0,2.0,A,0.0,0.0,D,15.0,14.0,4.0,6.0,4.0,5.0,8.0,10.0,1.0,2.0,0.0,1.0,
F1,16/12/2020,18:00,Reims,Nantes,3.0,2.0,H,0.0,1.0,A,13.0,18.0,4.0,7.0,3.0,6.0,13.0,13.0,2.0,2.0,0.0,0.0,
F1,16/12/2020,20:00,Bordeaux,St Etienne,1.0,2.0,A,1.0,1.0,D,11.0,19.0,3.0,8.0,3.0,4.0,12.0,14.0,3.0,2.0,0.0,0.0,
F1,16/12/2020,20:00,Lyon,Brest,2.0,2.0,D,0.0,1.0,A,28.0,8.0,11.0,2.0,12.0,3.0,13.0,5.0,3.0,0.0,0.0,1.0,
F1,16/12/2020,20:00,Monaco,Lens,0.0,3.0,A,0.0,3.0,A,7.0,8.0,1.0,4.0,3.0,3.0,8.0,17.0,2.0,4.0,1.0,0.0,
F1,16/12/2020,20:00,Paris SG,Lorient,2.0,0.0,H,0.0,0.0,D,24.0,8.0,8.0,3.0,9.0,2.0,19.0,9.0,3.0,0.0,0.0,1.0,
F1,16/12/2020,20:00,Rennes,Marseille,2.0,1.0,H,0.0,1.0,A,15.0,8.0,5.0,1.0,9.0,1.0,19.0,15.0,1.0,4.0,0.0,1.0,
F1,19/12/2020,16:00,Metz,Lens,2.0,0.0,H,1.0,0.0,H,12.0,17.0,4.0,3.0,8.0,4.0,17.0,8.0,1.0,1.0,0.0,0.0,
F1,19/12/2020,18:00,Marseille,Reims,1.0,1.0,D,1.0,1.0,D,12.0,2.0,6.0,1.0,7.0,3.0,11.0,10.0,1.0,3.0,0.0,0.0,
F1,19/12/2020,20:00,Nice,Lyon,1.0,4.0,A,1.0,2.0,A,8.0,13.0,1.0,9.0,8.0,2.0,17.0,9.0,1.0,1.0,0.0,0.0,
F1,20/12/2020,12:00,Brest,Montpellier,2.0,2.0,D,0.0,1.0,A,17.0,10.0,7.0,4.0,6.0,4.0,14.0,15.0,2.0,1.0,0.0,0.0,
F1,20/12/2020,14:00,Dijon,Monaco,0.0,1.0,A,0.0,1.0,A,11.0,13.0,1.0,6.0,2.0,6.0,13.0,14.0,2.0,1.0,0.0,0.0,
F1,20/12/2020,14:00,Nantes,Angers,1.0,1.0,D,0.0,1.0,A,9.0,12.0,2.0,6.0,5.0,6.0,16.0,13.0,3.0,0.0,0.0,0.0,
F1,20/12/2020,14:00,St Etienne,Nimes,2.0,2.0,D,1.0,1.0,D,18.0,9.0,9.0,4.0,6.0,3.0,15.0,9.0,2.0,3.0,0.0,0.0,
F1,20/12/2020,14:00,Strasbourg,Bordeaux,0.0,2.0,A,0.0,1.0,A,10.0,11.0,3.0,6.0,5.0,3.0,15.0,12.0,2.0,1.0,0.0,0.0,
F1,20/12/2020,16:00,Lorient,Rennes,0.0,3.0,A,0.0,1.0,A,11.0,15.0,2.0,4.0,1.0,2.0,19.0,9.0,1.0,2.0,0.0,0.0,
F1,20/12/2020,20:00,Lille,Paris SG,0.0,0.0,D,0.0,0.0,D,8.0,8.0,3.0,1.0,4.0,5.0,12.0,11.0,0.0,2.0,0.0,0.0,
F1,23/12/2020,18:00,Bordeaux,Reims,1.0,3.0,A,0.0,2.0,A,9.0,10.0,3.0,5.0,5.0,5.0,11.0,12.0,3.0,1.0,0.0,0.0,
F1,23/12/2020,18:00,Lens,Brest,2.0,1.0,H,2.0,0.0,H,11.0,10.0,4.0,3.0,3.0,6.0,13.0,13.0,0.0,2.0,0.0,0.0,
F1,23/12/2020,18:00,Nice,Lorient,2.0,2.0,D,2.0,0.0,H,3.0,24.0,3.0,6.0,0.0,10.0,11.0,13.0,3.0,4.0,1.0,0.0,
F1,23/12/2020,18:00,Nimes,Dijon,1.0,3.0,A,1.0,0.0,H,8.0,14.0,1.0,4.0,7.0,3.0,10.0,11.0,2.0,2.0,1.0,0.0,
F1,23/12/2020,18:00,Rennes,Metz,1.0,0.0,H,0.0,0.0,D,11.0,9.0,6.0,4.0,6.0,5.0,14.0,18.0,1.0,1.0,0.0,0.0,
F1,23/12/2020,20:00,Angers,Marseille,2.0,1.0,H,2.0,0.0,H,9.0,9.0,2.0,3.0,2.0,8.0,14.0,14.0,2.0,4.0,0.0,0.0,
F1,23/12/2020,20:00,Lyon,Nantes,3.0,0.0,H,3.0,0.0,H,22.0,18.0,11.0,4.0,9.0,7.0,11.0,13.0,1.0,3.0,0.0,0.0,
F1,23/12/2020,20:00,Monaco,St Etienne,2.0,2.0,D,1.0,2.0,A,2.0,18.0,2.0,6.0,0.0,10.0,12.0,13.0,3.0,2.0,1.0,0.0,
F1,23/12/2020,20:00,Montpellier,Lille,2.0,3.0,A,0.0,1.0,A,17.0,9.0,6.0,7.0,6.0,4.0,13.0,11.0,3.0,2.0,0.0,0.0,
F1,23/12/2020,20:00,Paris SG,Strasbourg,4.0,0.0,H,1.0,0.0,H,17.0,8.0,8.0,2.0,5.0,5.0,7.0,9.0,0.0,0.0,0.0,0.0,
F1,06/01/2021,18:00,Brest,Nice,2.0,0.0,H,2.0,0.0,H,10.0,12.0,6.0,6.0,6.0,6.0,12.0,8.0,2.0,3.0,0.0,0.0,
F1,06/01/2021,18:00,Lorient,Monaco,2.0,5.0,A,1.0,1.0,D,11.0,16.0,5.0,9.0,5.0,8.0,9.0,9.0,1.0,3.0,1.0,0.0,
F1,06/01/2021,18:00,Metz,Bordeaux,0.0,0.0,D,0.0,0.0,D,9.0,12.0,3.0,3.0,3.0,2.0,10.0,20.0,1.0,2.0,0.0,0.0,
F1,06/01/2021,18:00,Nantes,Rennes,0.0,0.0,D,0.0,0.0,D,7.0,8.0,2.0,0.0,6.0,3.0,13.0,13.0,2.0,2.0,0.0,0.0,
F1,06/01/2021,18:00,Strasbourg,Nimes,5.0,0.0,H,3.0,0.0,H,21.0,6.0,12.0,2.0,10.0,5.0,12.0,6.0,1.0,2.0,0.0,0.0,
F1,06/01/2021,20:00,Lille,Angers,1.0,2.0,A,1.0,2.0,A,7.0,7.0,2.0,3.0,8.0,6.0,12.0,10.0,3.0,1.0,0.0,0.0,
F1,06/01/2021,20:00,Lyon,Lens,3.0,2.0,H,1.0,0.0,H,11.0,10.0,6.0,2.0,7.0,4.0,7.0,10.0,1.0,2.0,0.0,0.0,
F1,06/01/2021,20:00,Marseille,Montpellier,3.0,1.0,H,1.0,0.0,H,18.0,13.0,8.0,5.0,5.0,1.0,4.0,6.0,0.0,0.0,0.0,0.0,
F1,06/01/2021,20:00,Reims,Dijon,0.0,0.0,D,0.0,0.0,D,9.0,8.0,3.0,0.0,7.0,5.0,13.0,8.0,2.0,3.0,0.0,0.0,
F1,06/01/2021,20:00,St Etienne,Paris SG,1.0,1.0,D,1.0,1.0,D,11.0,10.0,5.0,4.0,9.0,10.0,13.0,12.0,1.0,1.0,0.0,0.0,
F1,09/01/2021,20:00,Bordeaux,Lorient,2.0,1.0,H,2.0,1.0,H,16.0,12.0,6.0,4.0,5.0,3.0,10.0,10.0,2.0,0.0,0.0,0.0,
F1,09/01/2021,20:00,Dijon,Marseille,0.0,0.0,D,0.0,0.0,D,5.0,11.0,0.0,4.0,0.0,6.0,13.0,13.0,3.0,2.0,0.0,0.0,
F1,09/01/2021,20:00,Lens,Strasbourg,0.0,1.0,A,0.0,1.0,A,11.0,10.0,2.0,4.0,4.0,4.0,16.0,15.0,1.0,1.0,0.0,0.0,
F1,09/01/2021,20:00,Metz,Nice,1.0,1.0,D,0.0,1.0,A,16.0,11.0,5.0,4.0,5.0,2.0,19.0,8.0,2.0,2.0,0.0,0.0,
F1,09/01/2021,20:00,Monaco,Angers,3.0,0.0,H,1.0,0.0,H,14.0,6.0,5.0,2.0,5.0,2.0,9.0,10.0,2.0,0.0,0.0,0.0,
F1,09/01/2021,20:00,Montpellier,Nantes,1.0,1.0,D,1.0,0.0,H,8.0,12.0,6.0,3.0,1.0,8.0,18.0,11.0,5.0,0.0,0.0,0.0,
F1,09/01/2021,20:00,Nimes,Lille,0.0,1.0,A,0.0,1.0,A,7.0,10.0,0.0,2.0,2.0,3.0,12.0,13.0,0.0,3.0,0.0,0.0,
F1,09/01/2021,20:00,Paris SG,Brest,3.0,0.0,H,1.0,0.0,H,22.0,12.0,11.0,2.0,7.0,4.0,7.0,13.0,1.0,1.0,0.0,0.0,
F1,09/01/2021,20:00,Reims,St Etienne,3.0,1.0,H,2.0,0.0,H,7.0,14.0,3.0,6.0,0.0,3.0,19.0,17.0,2.0,4.0,0.0,0.0,
F1,09/01/2021,20:00,Rennes,Lyon,2.0,2.0,D,1.0,0.0,H,14.0,13.0,6.0,4.0,2.0,5.0,12.0,16.0,1.0,2.0,0.0,0.0,
F1,15/01/2021,20:00,Montpellier,Monaco,2.0,3.0,A,0.0,2.0,A,9.0,16.0,3.0,5.0,5.0,6.0,17.0,12.0,2.0,3.0,0.0,0.0,
F1,16/01/2021,16:00,Marseille,Nimes,1.0,2.0,A,0.0,0.0,D,14.0,8.0,6.0,5.0,7.0,3.0,13.0,6.0,2.0,2.0,0.0,0.0,
F1,16/01/2021,20:00,Angers,Paris SG,0.0,1.0,A,0.0,0.0,D,11.0,12.0,4.0,3.0,5.0,7.0,11.0,13.0,0.0,2.0,0.0,0.0,
F1,17/01/2021,12:00,Brest,Rennes,1.0,2.0,A,1.0,1.0,D,14.0,7.0,4.0,4.0,3.0,3.0,9.0,8.0,1.0,1.0,0.0,0.0,
F1,17/01/2021,14:00,Nantes,Lens,1.0,1.0,D,1.0,0.0,H,10.0,8.0,2.0,1.0,2.0,4.0,14.0,19.0,3.0,3.0,0.0,0.0,
F1,17/01/2021,14:00,Nice,Bordeaux,0.0,3.0,A,0.0,0.0,D,10.0,17.0,1.0,9.0,3.0,10.0,8.0,7.0,0.0,1.0,0.0,0.0,
F1,17/01/2021,14:00,Strasbourg,St Etienne,1.0,0.0,H,1.0,0.0,H,15.0,8.0,3.0,3.0,7.0,3.0,23.0,9.0,2.0,2.0,0.0,0.0,
F1,17/01/2021,16:00,Lille,Reims,2.0,1.0,H,0.0,1.0,A,16.0,8.0,8.0,4.0,3.0,5.0,13.0,11.0,2.0,1.0,0.0,0.0,
F1,17/01/2021,20:00,Lyon,Metz,0.0,1.0,A,0.0,0.0,D,23.0,17.0,5.0,3.0,9.0,2.0,14.0,11.0,1.0,3.0,0.0,0.0,
F1,20/01/2021,20:00,Marseille,Lens,0.0,1.0,A,0.0,0.0,D,4.0,13.0,1.0,4.0,3.0,9.0,13.0,11.0,5.0,3.0,0.0,0.0,
F1,22/01/2021,20:00,Paris SG,Montpellier,4.0,0.0,H,1.0,0.0,H,26.0,5.0,8.0,1.0,7.0,1.0,16.0,12.0,2.0,1.0,0.0,1.0,
F1,23/01/2021,16:00,Lens,Nice,0.0,1.0,A,0.0,0.0,D,13.0,7.0,3.0,2.0,6.0,2.0,9.0,14.0,2.0,1.0,0.0,0.0,
F1,23/01/2021,20:00,Monaco,Marseille,3.0,1.0,H,0.0,1.0,A,8.0,5.0,6.0,1.0,5.0,4.0,18.0,21.0,3.0,5.0,0.0,0.0,
F1,24/01/2021,12:00,Bordeaux,Angers,2.0,1.0,H,2.0,1.0,H,7.0,15.0,3.0,7.0,3.0,4.0,11.0,20.0,1.0,2.0,0.0,0.0,
F1,24/01/2021,14:00,Dijon,Strasbourg,1.0,1.0,D,0.0,0.0,D,5.0,15.0,3.0,2.0,3.0,4.0,14.0,9.0,1.0,0.0,0.0,0.0,
F1,24/01/2021,14:00,Metz,Nantes,2.0,0.0,H,1.0,0.0,H,14.0,8.0,4.0,0.0,4.0,6.0,15.0,15.0,3.0,1.0,0.0,0.0,
F1,24/01/2021,14:00,Reims,Brest,1.0,0.0,H,1.0,0.0,H,12.0,17.0,2.0,1.0,2.0,4.0,16.0,11.0,3.0,0.0,0.0,0.0,
F1,24/01/2021,16:00,Rennes,Lille,0.0,1.0,A,0.0,1.0,A,11.0,9.0,2.0,4.0,2.0,2.0,12.0,15.0,2.0,2.0,0.0,0.0,
F1,24/01/2021,20:00,St Etienne,Lyon,0.0,5.0,A,0.0,2.0,A,3.0,19.0,0.0,12.0,1.0,8.0,13.0,9.0,3.0,1.0,0.0,0.0,
F1,27/01/2021,20:00,Lorient,Dijon,3.0,2.0,H,1.0,2.0,A,14.0,7.0,5.0,2.0,9.0,6.0,13.0,17.0,2.0,3.0,0.0,0.0,
F1,29/01/2021,20:00,Lyon,Bordeaux,2.0,1.0,H,1.0,0.0,H,10.0,12.0,4.0,2.0,7.0,9.0,17.0,6.0,1.0,2.0,0.0,0.0,
F1,30/01/2021,16:00,Montpellier,Lens,1.0,2.0,A,0.0,1.0,A,17.0,11.0,7.0,2.0,12.0,3.0,15.0,17.0,4.0,4.0,0.0,0.0,
F1,31/01/2021,12:00,Nice,St Etienne,0.0,1.0,A,0.0,0.0,D,7.0,10.0,2.0,1.0,4.0,10.0,11.0,11.0,2.0,2.0,0.0,0.0,
F1,31/01/2021,14:00,Angers,Nimes,3.0,1.0,H,2.0,1.0,H,12.0,8.0,5.0,4.0,4.0,8.0,9.0,7.0,1.0,3.0,0.0,0.0,
F1,31/01/2021,14:00,Brest,Metz,2.0,4.0,A,1.0,1.0,D,10.0,15.0,5.0,6.0,4.0,1.0,13.0,14.0,1.0,3.0,0.0,0.0,
F1,31/01/2021,14:00,Lorient,Paris SG,3.0,2.0,H,1.0,1.0,D,16.0,14.0,5.0,3.0,7.0,9.0,15.0,9.0,4.0,2.0,0.0,0.0,
F1,31/01/2021,14:00,Strasbourg,Reims,0.0,1.0,A,0.0,0.0,D,12.0,10.0,2.0,5.0,4.0,3.0,17.0,8.0,1.0,2.0,0.0,0.0,
F1,31/01/2021,16:00,Lille,Dijon,1.0,0.0,H,1.0,0.0,H,14.0,11.0,2.0,3.0,5.0,2.0,12.0,7.0,2.0,2.0,0.0,0.0,
F1,31/01/2021,20:00,Nantes,Monaco,1.0,2.0,A,0.0,1.0,A,9.0,14.0,3.0,5.0,2.0,8.0,11.0,14.0,4.0,3.0,1.0,0.0,
F1,03/02/2021,18:00,Bordeaux,Lille,0.0,3.0,A,0.0,0.0,D,10.0,11.0,4.0,6.0,1.0,2.0,8.0,17.0,1.0,2.0,0.0,0.0,
F1,03/02/2021,18:00,Metz,Montpellier,1.0,1.0,D,0.0,0.0,D,17.0,15.0,6.0,4.0,8.0,7.0,15.0,15.0,6.0,1.0,0.0,0.0,
F1,03/02/2021,18:00,Reims,Angers,0.0,0.0,D,0.0,0.0,D,10.0,6.0,2.0,2.0,4.0,5.0,6.0,8.0,2.0,1.0,0.0,0.0,
F1,03/02/2021,18:00,Rennes,Lorient,1.0,1.0,D,1.0,0.0,H,10.0,12.0,6.0,3.0,5.0,3.0,17.0,6.0,2.0,1.0,0.0,0.0,
F1,03/02/2021,18:00,Strasbourg,Brest,2.0,2.0,D,1.0,0.0,H,9.0,3.0,4.0,2.0,3.0,3.0,12.0,14.0,2.0,0.0,0.0,0.0,
F1,03/02/2021,20:00,Dijon,Lyon,0.0,1.0,A,0.0,1.0,A,14.0,16.0,2.0,8.0,1.0,6.0,15.0,12.0,2.0,0.0,0.0,0.0,
F1,03/02/2021,20:00,Lens,Marseille,2.0,2.0,D,0.0,2.0,A,21.0,11.0,3.0,4.0,8.0,4.0,18.0,14.0,4.0,2.0,0.0,0.0,
F1,03/02/2021,20:00,Monaco,Nice,2.0,1.0,H,1.0,0.0,H,15.0,5.0,6.0,2.0,6.0,2.0,16.0,19.0,0.0,4.0,0.0,0.0,
F1,03/02/2021,20:00,Paris SG,Nimes,3.0,0.0,H,2.0,0.0,H,14.0,19.0,6.0,6.0,4.0,7.0,13.0,11.0,0.0,1.0,0.0,0.0,
F1,03/02/2021,20:00,St Etienne,Nantes,1.0,1.0,D,0.0,1.0,A,14.0,13.0,8.0,6.0,5.0,5.0,15.0,19.0,3.0,1.0,0.0,0.0,
F1,06/02/2021,16:00,Lorient,Reims,1.0,0.0,H,0.0,0.0,D,10.0,13.0,4.0,3.0,2.0,5.0,12.0,12.0,0.0,4.0,0.0,0.0,
F1,06/02/2021,18:00,Lyon,Strasbourg,3.0,0.0,H,2.0,0.0,H,16.0,8.0,8.0,1.0,6.0,2.0,7.0,10.0,2.0,2.0,0.0,1.0,
F1,06/02/2021,20:00,Lens,Rennes,0.0,0.0,D,0.0,0.0,D,10.0,10.0,3.0,1.0,6.0,4.0,13.0,11.0,2.0,4.0,0.0,0.0,
F1,07/02/2021,12:00,Brest,Bordeaux,2.0,1.0,H,0.0,0.0,D,24.0,8.0,6.0,4.0,6.0,4.0,11.0,15.0,1.0,3.0,0.0,0.0,
F1,07/02/2021,14:00,Montpellier,Dijon,4.0,2.0,H,0.0,1.0,A,25.0,13.0,11.0,5.0,9.0,4.0,12.0,14.0,3.0,3.0,0.0,1.0,
F1,07/02/2021,14:00,Nice,Angers,3.0,0.0,H,2.0,0.0,H,11.0,10.0,2.0,3.0,5.0,9.0,11.0,9.0,2.0,1.0,0.0,0.0,
F1,07/02/2021,14:00,Nimes,Monaco,3.0,4.0,A,2.0,2.0,D,9.0,11.0,4.0,5.0,5.0,6.0,12.0,16.0,2.0,2.0,0.0,0.0,
F1,07/02/2021,14:00,St Etienne,Metz,1.0,0.0,H,1.0,0.0,H,12.0,10.0,3.0,0.0,8.0,2.0,9.0,9.0,2.0,2.0,0.0,0.0,
F1,07/02/2021,16:00,Nantes,Lille,0.0,2.0,A,0.0,1.0,A,6.0,14.0,1.0,3.0,4.0,2.0,13.0,13.0,3.0,0.0,0.0,0.0,
F1,07/02/2021,20:00,Marseille,Paris SG,0.0,2.0,A,0.0,2.0,A,12.0,9.0,4.0,2.0,7.0,1.0,12.0,12.0,1.0,2.0,1.0,0.0,
F1,13/02/2021,16:00,Paris SG,Nice,2.0,1.0,H,1.0,0.0,H,17.0,13.0,4.0,5.0,4.0,1.0,12.0,6.0,2.0,0.0,0.0,0.0,
F1,13/02/2021,18:00,Reims,Lens,1.0,1.0,D,1.0,0.0,H,9.0,17.0,6.0,6.0,4.0,6.0,9.0,7.0,2.0,0.0,0.0,0.0,
F1,13/02/2021,20:00,Lyon,Montpellier,1.0,2.0,A,1.0,1.0,D,24.0,12.0,8.0,5.0,6.0,1.0,9.0,12.0,0.0,1.0,0.0,0.0,
F1,14/02/2021,12:00,Monaco,Lorient,2.0,2.0,D,0.0,1.0,A,12.0,5.0,4.0,2.0,7.0,1.0,13.0,13.0,3.0,3.0,0.0,0.0,
F1,14/02/2021,14:00,Angers,Nantes,1.0,3.0,A,1.0,2.0,A,8.0,7.0,3.0,3.0,7.0,2.0,18.0,21.0,2.0,3.0,0.0,0.0,
F1,14/02/2021,14:00,Dijon,Nimes,0.0,2.0,A,0.0,0.0,D,10.0,8.0,3.0,4.0,3.0,0.0,17.0,13.0,4.0,1.0,1.0,0.0,
F1,14/02/2021,14:00,Metz,Strasbourg,1.0,2.0,A,1.0,1.0,D,14.0,12.0,3.0,2.0,7.0,7.0,13.0,12.0,2.0,1.0,0.0,0.0,
F1,14/02/2021,14:00,Rennes,St Etienne,0.0,2.0,A,0.0,1.0,A,13.0,6.0,2.0,3.0,7.0,1.0,18.0,16.0,5.0,2.0,0.0,0.0,
F1,14/02/2021,16:00,Lille,Brest,0.0,0.0,D,0.0,0.0,D,14.0,3.0,0.0,1.0,9.0,3.0,16.0,15.0,2.0,1.0,0.0,0.0,
F1,14/02/2021,20:00,Bordeaux,Marseille,0.0,0.0,D,0.0,0.0,D,18.0,5.0,1.0,1.0,6.0,5.0,13.0,17.0,1.0,1.0,0.0,2.0,
F1,17/02/2021,20:00,Marseille,Nice,3.0,2.0,H,2.0,0.0,H,8.0,10.0,4.0,4.0,5.0,3.0,10.0,13.0,2.0,1.0,0.0,0.0,
F1,19/02/2021,20:00,Brest,Lyon,2.0,3.0,A,0.0,3.0,A,19.0,17.0,7.0,7.0,11.0,7.0,9.0,12.0,2.0,2.0,0.0,0.0,
F1,20/02/2021,12:00,St Etienne,Reims,1.0,1.0,D,0.0,0.0,D,18.0,4.0,8.0,2.0,1.0,2.0,10.0,11.0,0.0,2.0,0.0,0.0,
F1,20/02/2021,16:00,Nantes,Marseille,1.0,1.0,D,0.0,0.0,D,6.0,7.0,1.0,3.0,2.0,1.0,11.0,15.0,4.0,1.0,0.0,1.0,
F1,21/02/2021,12:00,Montpellier,Rennes,2.0,1.0,H,2.0,0.0,H,12.0,14.0,7.0,5.0,3.0,6.0,10.0,12.0,1.0,2.0,0.0,0.0,
F1,21/02/2021,14:00,Lens,Dijon,2.0,1.0,H,1.0,0.0,H,11.0,12.0,4.0,4.0,5.0,4.0,13.0,12.0,3.0,0.0,0.0,1.0,
F1,21/02/2021,14:00,Nice,Metz,1.0,2.0,A,0.0,2.0,A,12.0,11.0,3.0,4.0,3.0,3.0,16.0,12.0,1.0,1.0,0.0,0.0,
F1,21/02/2021,14:00,Nimes,Bordeaux,2.0,0.0,H,1.0,0.0,H,8.0,11.0,3.0,4.0,6.0,7.0,10.0,12.0,0.0,3.0,0.0,1.0,
F1,21/02/2021,14:00,Strasbourg,Angers,0.0,0.0,D,0.0,0.0,D,16.0,7.0,2.0,3.0,5.0,4.0,23.0,10.0,2.0,1.0,0.0,0.0,
F1,21/02/2021,16:00,Lorient,Lille,1.0,4.0,A,1.0,2.0,A,8.0,16.0,3.0,7.0,1.0,5.0,9.0,10.0,2.0,0.0,0.0,0.0,
F1,21/02/2021,20:00,Paris SG,Monaco,0.0,2.0,A,0.0,1.0,A,10.0,5.0,1.0,3.0,3.0,2.0,12.0,10.0,4.0,1.0,0.0,0.0,
F1,24/02/2021,18:00,Nimes,Lorient,1.0,0.0,H,0.0,0.0,D,7.0,11.0,2.0,3.0,4.0,7.0,10.0,14.0,2.0,4.0,0.0,0.0,
F1,26/02/2021,20:00,Rennes,Nice,1.0,2.0,A,1.0,1.0,D,17.0,14.0,5.0,7.0,6.0,1.0,17.0,18.0,0.0,2.0,0.0,0.0,
F1,27/02/2021,12:00,Bordeaux,Metz,1.0,2.0,A,1.0,0.0,H,8.0,15.0,1.0,5.0,1.0,10.0,18.0,12.0,1.0,2.0,0.0,0.0,
F1,27/02/2021,16:00,Dijon,Paris SG,0.0,4.0,A,0.0,2.0,A,5.0,7.0,1.0,5.0,2.0,4.0,10.0,9.0,2.0,1.0,0.0,0.0,
F1,28/02/2021,12:00,Monaco,Brest,2.0,0.0,H,0.0,0.0,D,15.0,7.0,9.0,1.0,4.0,2.0,14.0,6.0,2.0,0.0,0.0,0.0,
F1,28/02/2021,14:00,Angers,Lens,2.0,2.0,D,2.0,1.0,H,6.0,14.0,3.0,4.0,6.0,11.0,13.0,16.0,0.0,0.0,0.0,0.0,
F1,28/02/2021,14:00,Lorient,St Etienne,2.0,1.0,H,0.0,1.0,A,11.0,9.0,3.0,2.0,5.0,3.0,12.0,15.0,1.0,3.0,0.0,0.0,
F1,28/02/2021,14:00,Nimes,Nantes,1.0,1.0,D,0.0,1.0,A,8.0,8.0,4.0,1.0,1.0,8.0,16.0,25.0,2.0,1.0,1.0,0.0,
F1,28/02/2021,14:00,Reims,Montpellier,0.0,0.0,D,0.0,0.0,D,9.0,9.0,2.0,3.0,5.0,1.0,9.0,10.0,1.0,1.0,0.0,0.0,
F1,28/02/2021,16:00,Lille,Strasbourg,1.0,1.0,D,0.0,1.0,A,14.0,10.0,5.0,3.0,9.0,2.0,10.0,14.0,0.0,2.0,0.0,0.0,
F1,28/02/2021,20:00,Marseille,Lyon,1.0,1.0,D,1.0,1.0,D,12.0,11.0,2.0,1.0,7.0,2.0,13.0,11.0,4.0,4.0,0.0,1.0,
F1,03/03/2021,18:00,Brest,Dijon,3.0,1.0,H,3.0,1.0,H,10.0,10.0,3.0,2.0,3.0,5.0,17.0,13.0,3.0,1.0,0.0,0.0,
F1,03/03/2021,18:00,Lyon,Rennes,1.0,0.0,H,0.0,0.0,D,15.0,12.0,7.0,1.0,6.0,4.0,12.0,15.0,1.0,3.0,0.0,0.0,
F1,03/03/2021,18:00,Metz,Angers,0.0,1.0,A,0.0,1.0,A,15.0,8.0,1.0,4.0,6.0,1.0,18.0,9.0,2.0,2.0,1.0,0.0,
F1,03/03/2021,18:00,Nice,Nimes,2.0,1.0,H,1.0,0.0,H,10.0,22.0,4.0,7.0,0.0,6.0,14.0,8.0,3.0,3.0,0.0,0.0,
F1,03/03/2021,18:00,St Etienne,Lens,2.0,3.0,A,1.0,2.0,A,19.0,9.0,4.0,5.0,13.0,3.0,13.0,12.0,3.0,2.0,0.0,0.0,
F1,03/03/2021,20:00,Bordeaux,Paris SG,0.0,1.0,A,0.0,1.0,A,11.0,12.0,2.0,3.0,8.0,1.0,8.0,15.0,3.0,3.0,0.0,0.0,
F1,03/03/2021,20:00,Lille,Marseille,2.0,0.0,H,0.0,0.0,D,23.0,3.0,8.0,1.0,11.0,1.0,12.0,7.0,0.0,1.0,0.0,0.0,
F1,03/03/2021,20:00,Montpellier,Lorient,1.0,1.0,D,1.0,1.0,D,10.0,14.0,4.0,6.0,5.0,3.0,17.0,15.0,2.0,3.0,0.0,0.0,
F1,03/03/2021,20:00,Nantes,Reims,1.0,2.0,A,1.0,1.0,D,12.0,4.0,5.0,2.0,6.0,3.0,10.0,15.0,0.0,5.0,0.0,0.0,
F1,03/03/2021,20:00,Strasbourg,Monaco,1.0,0.0,H,0.0,0.0,D,17.0,5.0,2.0,1.0,5.0,7.0,10.0,12.0,3.0,0.0,0.0,0.0,
F1,10/03/2021,18:00,Marseille,Rennes,1.0,0.0,H,0.0,0.0,D,9.0,10.0,2.0,2.0,3.0,4.0,15.0,19.0,2.0,4.0,0.0,0.0,
F1,12/03/2021,20:00,Reims,Lyon,1.0,1.0,D,1.0,0.0,H,14.0,17.0,5.0,6.0,2.0,5.0,11.0,12.0,3.0,1.0,0.0,0.0,
F1,13/03/2021,12:00,Angers,St Etienne,0.0,1.0,A,0.0,0.0,D,4.0,7.0,1.0,3.0,6.0,3.0,8.0,14.0,1.0,2.0,0.0,0.0,
F1,13/03/2021,16:00,Marseille,Brest,3.0,1.0,H,1.0,0.0,H,12.0,6.0,6.0,1.0,3.0,6.0,15.0,12.0,3.0,1.0,0.0,0.0,
F1,14/03/2021,12:00,Nimes,Montpellier,1.0,1.0,D,0.0,0.0,D,12.0,12.0,7.0,5.0,5.0,7.0,11.0,19.0,2.0,0.0,0.0,0.0,
F1,14/03/2021,14:00,Dijon,Bordeaux,1.0,3.0,A,0.0,2.0,A,13.0,10.0,3.0,6.0,5.0,6.0,15.0,7.0,5.0,1.0,0.0,0.0,
F1,14/03/2021,14:00,Lens,Metz,2.0,2.0,D,2.0,1.0,H,16.0,7.0,6.0,4.0,6.0,1.0,17.0,8.0,4.0,3.0,0.0,0.0,
F1,14/03/2021,14:00,Lorient,Nice,1.0,1.0,D,0.0,0.0,D,17.0,6.0,7.0,2.0,5.0,2.0,2.0,12.0,2.0,2.0,0.0,0.0,
F1,14/03/2021,14:00,Rennes,Strasbourg,1.0,0.0,H,1.0,0.0,H,11.0,6.0,2.0,1.0,6.0,3.0,13.0,13.0,0.0,2.0,0.0,0.0,
F1,14/03/2021,16:05,Monaco,Lille,0.0,0.0,D,0.0,0.0,D,8.0,5.0,4.0,2.0,6.0,2.0,11.0,11.0,3.0,3.0,0.0,0.0,
F1,14/03/2021,20:00,Paris SG,Nantes,1.0,2.0,A,1.0,0.0,H,11.0,8.0,5.0,5.0,9.0,1.0,14.0,15.0,2.0,2.0,0.0,0.0,
F1,19/03/2021,20:00,St Etienne,Monaco,0.0,4.0,A,0.0,1.0,A,9.0,15.0,3.0,4.0,2.0,6.0,7.0,11.0,1.0,2.0,0.0,0.0,
F1,20/03/2021,12:00,Metz,Rennes,1.0,3.0,A,0.0,2.0,A,14.0,9.0,2.0,5.0,4.0,3.0,11.0,12.0,0.0,2.0,0.0,1.0,
F1,20/03/2021,16:00,Nice,Marseille,3.0,0.0,H,1.0,0.0,H,17.0,7.0,7.0,2.0,7.0,5.0,11.0,16.0,1.0,1.0,0.0,0.0,
F1,21/03/2021,12:00,Strasbourg,Lens,1.0,2.0,A,1.0,2.0,A,17.0,12.0,5.0,4.0,12.0,7.0,9.0,10.0,2.0,5.0,0.0,0.0,
F1,21/03/2021,14:00,Brest,Angers,0.0,0.0,D,0.0,0.0,D,11.0,15.0,2.0,5.0,3.0,6.0,17.0,11.0,1.0,3.0,0.0,0.0,
F1,21/03/2021,14:00,Dijon,Reims,0.0,1.0,A,0.0,0.0,D,10.0,9.0,4.0,2.0,2.0,3.0,10.0,10.0,3.0,0.0,0.0,0.0,
F1,21/03/2021,14:00,Montpellier,Bordeaux,3.0,1.0,H,1.0,1.0,D,23.0,13.0,9.0,3.0,6.0,6.0,8.0,10.0,1.0,2.0,0.0,0.0,
F1,21/03/2021,14:00,Nantes,Lorient,1.0,1.0,D,1.0,0.0,H,8.0,15.0,3.0,3.0,2.0,8.0,11.0,8.0,0.0,1.0,0.0,0.0,
F1,21/03/2021,16:05,Lille,Nimes,1.0,2.0,A,1.0,2.0,A,15.0,10.0,4.0,4.0,8.0,0.0,19.0,10.0,2.0,0.0,0.0,0.0,
F1,21/03/2021,20:00,Lyon,Paris SG,2.0,4.0,A,0.0,2.0,A,8.0,14.0,7.0,9.0,1.0,4.0,14.0,15.0,2.0,0.0,0.0,0.0,
F1,03/04/2021,12:00,Monaco,Metz,4.0,0.0,H,0.0,0.0,D,15.0,6.0,6.0,1.0,8.0,1.0,16.0,15.0,0.0,6.0,0.0,1.0,
F1,03/04/2021,16:00,Paris SG,Lille,0.0,1.0,A,0.0,1.0,A,16.0,3.0,3.0,3.0,5.0,0.0,18.0,12.0,6.0,4.0,1.0,1.0,
F1,03/04/2021,20:00,Lens,Lyon,1.0,1.0,D,0.0,0.0,D,10.0,15.0,4.0,6.0,2.0,4.0,12.0,14.0,3.0,3.0,0.0,1.0,
F1,04/04/2021,12:00,Angers,Montpellier,1.0,1.0,D,0.0,0.0,D,14.0,8.0,4.0,3.0,4.0,0.0,15.0,9.0,1.0,1.0,0.0,0.0,
F1,04/04/2021,14:00,Bordeaux,Strasbourg,2.0,3.0,A,2.0,3.0,A,14.0,12.0,6.0,5.0,6.0,5.0,8.0,15.0,1.0,1.0,0.0,0.0,
F1,04/04/2021,14:00,Lorient,Brest,1.0,0.0,H,1.0,0.0,H,13.0,5.0,4.0,1.0,6.0,5.0,9.0,23.0,3.0,2.0,0.0,1.0,
F1,04/04/2021,14:00,Nantes,Nice,1.0,2.0,A,1.0,2.0,A,18.0,17.0,6.0,8.0,10.0,5.0,15.0,14.0,1.0,2.0,0.0,0.0,
F1,04/04/2021,14:00,Reims,Rennes,2.0,2.0,D,0.0,0.0,D,9.0,19.0,4.0,8.0,1.0,6.0,7.0,11.0,3.0,3.0,1.0,0.0,
F1,04/04/2021,16:05,Nimes,St Etienne,0.0,2.0,A,0.0,1.0,A,14.0,15.0,3.0,5.0,5.0,3.0,12.0,19.0,5.0,2.0,0.0,0.0,
F1,04/04/2021,20:00,Marseille,Dijon,2.0,0.0,H,1.0,0.0,H,16.0,4.0,3.0,1.0,7.0,1.0,11.0,9.0,2.0,4.0,0.0,0.0,
F1,09/04/2021,20:00,Metz,Lille,0.0,2.0,A,0.0,0.0,D,18.0,9.0,7.0,6.0,10.0,2.0,16.0,13.0,2.0,2.0,0.0,0.0,
F1,10/04/2021,16:00,Strasbourg,Paris SG,1.0,4.0,A,0.0,3.0,A,9.0,16.0,3.0,7.0,5.0,4.0,8.0,6.0,0.0,1.0,0.0,0.0,
F1,10/04/2021,20:00,Montpellier,Marseille,3.0,3.0,D,1.0,2.0,A,20.0,13.0,7.0,8.0,6.0,3.0,17.0,12.0,2.0,2.0,0.0,1.0,
F1,11/04/2021,12:00,Rennes,Nantes,1.0,0.0,H,0.0,0.0,D,14.0,4.0,4.0,2.0,3.0,3.0,16.0,15.0,6.0,2.0,0.0,0.0,
F1,11/04/2021,14:00,Brest,Nimes,1.0,1.0,D,1.0,1.0,D,22.0,5.0,4.0,3.0,9.0,2.0,15.0,16.0,4.0,1.0,0.0,0.0,
F1,11/04/2021,14:00,Lens,Lorient,4.0,1.0,H,2.0,1.0,H,14.0,17.0,6.0,6.0,5.0,10.0,11.0,8.0,0.0,0.0,0.0,0.0,
F1,11/04/2021,14:00,Nice,Reims,0.0,0.0,D,0.0,0.0,D,13.0,10.0,2.0,1.0,10.0,6.0,13.0,11.0,0.0,1.0,0.0,0.0,
F1,11/04/2021,14:00,St Etienne,Bordeaux,4.0,1.0,H,2.0,1.0,H,17.0,10.0,7.0,2.0,5.0,6.0,12.0,17.0,3.0,0.0,0.0,0.0,
F1,11/04/2021,16:05,Monaco,Dijon,3.0,0.0,H,0.0,0.0,D,16.0,6.0,10.0,1.0,6.0,4.0,10.0,16.0,1.0,1.0,0.0,0.0,
F1,11/04/2021,20:00,Lyon,Angers,3.0,0.0,H,2.0,0.0,H,16.0,11.0,6.0,3.0,5.0,4.0,15.0,14.0,0.0,0.0,0.0,0.0,
F1,16/04/2021,20:00,Lille,Montpellier,1.0,1.0,D,0.0,1.0,A,20.0,10.0,9.0,4.0,9.0,0.0,14.0,11.0,3.0,1.0,0.0,0.0,
F1,17/04/2021,11:45,Angers,Rennes,0.0,3.0,A,0.0,1.0,A,10.0,9.0,3.0,3.0,2.0,3.0,11.0,10.0,2.0,0.0,0.0,0.0,
F1,17/04/2021,16:00,Marseille,Lorient,3.0,2.0,H,0.0,1.0,A,13.0,12.0,5.0,6.0,8.0,3.0,9.0,15.0,1.0,0.0,0.0,0.0,
F1,18/04/2021,12:00,Paris SG,St Etienne,3.0,2.0,H,0.0,0.0,D,17.0,7.0,5.0,5.0,13.0,3.0,13.0,15.0,1.0,1.0,0.0,0.0,
F1,18/04/2021,14:00,Brest,Lens,1.0,1.0,D,1.0,0.0,H,7.0,8.0,5.0,2.0,2.0,4.0,14.0,16.0,2.0,7.0,1.0,2.0,
F1,18/04/2021,14:00,Dijon,Nice,2.0,0.0,H,0.0,0.0,D,9.0,10.0,3.0,2.0,1.0,9.0,8.0,13.0,1.0,1.0,0.0,0.0,
F1,18/04/2021,14:00,Nimes,Strasbourg,1.0,1.0,D,0.0,0.0,D,5.0,7.0,1.0,3.0,2.0,1.0,10.0,17.0,0.0,2.0,0.0,1.0,
F1,18/04/2021,14:00,Reims,Metz,0.0,0.0,D,0.0,0.0,D,15.0,11.0,6.0,2.0,10.0,4.0,13.0,17.0,3.0,1.0,0.0,0.0,
F1,18/04/2021,16:05,Bordeaux,Monaco,0.0,3.0,A,0.0,1.0,A,7.0,13.0,2.0,6.0,4.0,5.0,13.0,11.0,4.0,1.0,1.0,0.0,
F1,18/04/2021,20:00,Nantes,Lyon,1.0,2.0,A,0.0,2.0,A,12.0,11.0,3.0,4.0,5.0,4.0,16.0,10.0,0.0,1.0,0.0,0.0,
F1,23/04/2021,20:00,Reims,Marseille,1.0,3.0,A,1.0,2.0,A,10.0,11.0,1.0,6.0,5.0,2.0,9.0,2.0,2.0,0.0,1.0,0.0,
F1,24/04/2021,12:00,St Etienne,Brest,1.0,2.0,A,1.0,0.0,H,6.0,12.0,3.0,7.0,3.0,2.0,17.0,11.0,2.0,1.0,0.0,0.0,
F1,24/04/2021,16:00,Metz,Paris SG,1.0,3.0,A,0.0,1.0,A,8.0,19.0,3.0,8.0,1.0,9.0,12.0,12.0,1.0,4.0,0.0,0.0,
F1,25/04/2021,12:00,Nice,Montpellier,3.0,1.0,H,3.0,1.0,H,18.0,14.0,8.0,3.0,7.0,6.0,13.0,17.0,1.0,2.0,0.0,0.0,
F1,25/04/2021,14:00,Lens,Nimes,2.0,1.0,H,1.0,0.0,H,7.0,16.0,4.0,2.0,4.0,6.0,14.0,15.0,1.0,2.0,1.0,0.0,
F1,25/04/2021,14:00,Lorient,Bordeaux,4.0,1.0,H,3.0,0.0,H,13.0,13.0,7.0,7.0,6.0,3.0,9.0,14.0,2.0,3.0,0.0,0.0,
F1,25/04/2021,14:00,Rennes,Dijon,5.0,1.0,H,1.0,1.0,D,25.0,4.0,12.0,1.0,8.0,2.0,13.0,8.0,6.0,3.0,0.0,0.0,
F1,25/04/2021,14:00,Strasbourg,Nantes,1.0,2.0,A,1.0,0.0,H,12.0,7.0,4.0,5.0,6.0,4.0,15.0,13.0,1.0,3.0,0.0,0.0,
F1,25/04/2021,16:05,Angers,Monaco,0.0,1.0,A,0.0,0.0,D,4.0,10.0,0.0,3.0,4.0,1.0,18.0,11.0,2.0,2.0,0.0,0.0,
F1,25/04/2021,20:00,Lyon,Lille,2.0,3.0,A,2.0,1.0,H,7.0,16.0,2.0,7.0,8.0,4.0,9.0,13.0,0.0,3.0,0.0,0.0,
F1,30/04/2021,20:00,Marseille,Strasbourg,1.0,1.0,D,0.0,0.0,D,8.0,8.0,4.0,5.0,5.0,6.0,10.0,14.0,4.0,2.0,0.0,0.0,
F1,01/05/2021,16:00,Paris SG,Lens,2.0,1.0,H,1.0,0.0,H,14.0,15.0,6.0,3.0,6.0,2.0,14.0,16.0,4.0,2.0,0.0,0.0,
F1,01/05/2021,20:00,Lille,Nice,2.0,0.0,H,1.0,0.0,H,12.0,0.0,4.0,0.0,5.0,1.0,9.0,12.0,2.0,3.0,0.0,1.0,
F1,02/05/2021,12:00,Bordeaux,Rennes,1.0,0.0,H,1.0,0.0,H,9.0,9.0,4.0,2.0,3.0,5.0,14.0,14.0,4.0,1.0,0.0,1.0,
F1,02/05/2021,14:00,Brest,Nantes,1.0,4.0,A,0.0,2.0,A,16.0,12.0,7.0,6.0,5.0,5.0,12.0,10.0,2.0,0.0,0.0,0.0,
F1,02/05/2021,14:00,Dijon,Metz,1.0,5.0,A,0.0,2.0,A,10.0,14.0,4.0,6.0,6.0,3.0,11.0,16.0,1.0,1.0,1.0,0.0,
F1,02/05/2021,14:00,Lorient,Angers,2.0,0.0,H,1.0,0.0,H,13.0,9.0,4.0,2.0,5.0,0.0,8.0,13.0,3.0,3.0,1.0,1.0,
F1,02/05/2021,14:00,Nimes,Reims,2.0,2.0,D,0.0,1.0,A,18.0,12.0,7.0,7.0,10.0,5.0,15.0,13.0,2.0,2.0,0.0,0.0,
F1,02/05/2021,16:05,Montpellier,St Etienne,1.0,2.0,A,1.0,1.0,D,13.0,19.0,2.0,7.0,7.0,7.0,15.0,12.0,2.0,1.0,0.0,0.0,
F1,02/05/2021,20:00,Monaco,Lyon,2.0,3.0,A,1.0,0.0,H,12.0,17.0,4.0,5.0,5.0,5.0,23.0,16.0,1.0,4.0,0.0,1.0,
F1,07/05/2021,20:00,Lens,Lille,0.0,3.0,A,0.0,2.0,A,11.0,11.0,5.0,6.0,5.0,4.0,15.0,9.0,3.0,2.0,1.0,0.0,
F1,08/05/2021,12:00,Nantes,Bordeaux,3.0,0.0,H,1.0,0.0,H,11.0,10.0,3.0,2.0,5.0,2.0,13.0,20.0,0.0,5.0,0.0,0.0,
F1,08/05/2021,16:00,Lyon,Lorient,4.0,1.0,H,0.0,0.0,D,25.0,8.0,11.0,2.0,5.0,1.0,17.0,10.0,2.0,2.0,0.0,0.0,
F1,09/05/2021,12:00,St Etienne,Marseille,1.0,0.0,H,1.0,0.0,H,18.0,15.0,5.0,4.0,10.0,4.0,22.0,12.0,1.0,3.0,0.0,0.0,
F1,09/05/2021,14:00,Angers,Dijon,3.0,0.0,H,1.0,0.0,H,11.0,5.0,4.0,1.0,1.0,4.0,8.0,11.0,0.0,0.0,0.0,0.0,
F1,09/05/2021,14:00,Metz,Nimes,0.0,3.0,A,0.0,0.0,D,11.0,10.0,2.0,5.0,0.0,6.0,13.0,12.0,1.0,2.0,0.0,0.0,
F1,09/05/2021,14:00,Nice,Brest,3.0,2.0,H,1.0,2.0,A,14.0,9.0,5.0,2.0,6.0,5.0,8.0,11.0,1.0,1.0,1.0,0.0,
F1,09/05/2021,14:00,Strasbourg,Montpellier,2.0,3.0,A,0.0,1.0,A,18.0,6.0,7.0,3.0,4.0,6.0,16.0,16.0,2.0,3.0,0.0,0.0,
F1,09/05/2021,16:05,Reims,Monaco,0.0,1.0,A,0.0,1.0,A,8.0,7.0,2.0,2.0,3.0,3.0,11.0,13.0,1.0,3.0,0.0,0.0,
F1,09/05/2021,20:00,Rennes,Paris SG,1.0,1.0,D,0.0,1.0,A,19.0,12.0,10.0,4.0,9.0,3.0,12.0,11.0,4.0,1.0,0.0,1.0,
F1,16/05/2021,20:00,Bordeaux,Lens,3.0,0.0,H,1.0,0.0,H,11.0,14.0,4.0,4.0,1.0,6.0,16.0,15.0,2.0,2.0,0.0,0.0,
F1,16/05/2021,20:00,Dijon,Nantes,0.0,4.0,A,0.0,2.0,A,10.0,16.0,1.0,4.0,3.0,6.0,12.0,10.0,2.0,1.0,0.0,0.0,
F1,16/05/2021,20:00,Lille,St Etienne,0.0,0.0,D,0.0,0.0,D,14.0,8.0,3.0,1.0,3.0,6.0,11.0,14.0,1.0,2.0,0.0,0.0,
F1,16/05/2021,20:00,Lorient,Metz,2.0,1.0,H,1.0,0.0,H,6.0,3.0,2.0,1.0,2.0,1.0,16.0,19.0,1.0,4.0,0.0,0.0,
F1,16/05/2021,20:00,Marseille,Angers,3.0,2.0,H,1.0,0.0,H,16.0,11.0,11.0,5.0,3.0,4.0,16.0,12.0,3.0,2.0,0.0,0.0,
F1,16/05/2021,20:00,Monaco,Rennes,2.0,1.0,H,2.0,0.0,H,11.0,9.0,3.0,2.0,4.0,4.0,12.0,14.0,2.0,2.0,0.0,1.0,
F1,16/05/2021,20:00,Montpellier,Brest,0.0,0.0,D,0.0,0.0,D,4.0,22.0,2.0,9.0,1.0,11.0,18.0,13.0,0.0,3.0,1.0,0.0,
F1,16/05/2021,20:00,Nice,Strasbourg,0.0,2.0,A,0.0,1.0,A,7.0,11.0,3.0,5.0,4.0,4.0,9.0,10.0,2.0,1.0,0.0,0.0,
F1,16/05/2021,20:00,Nimes,Lyon,2.0,5.0,A,1.0,3.0,A,8.0,21.0,4.0,13.0,3.0,6.0,7.0,13.0,0.0,0.0,0.0,0.0,
F1,16/05/2021,20:00,Paris SG,Reims,4.0,0.0,H,2.0,0.0,H,28.0,2.0,10.0,0.0,9.0,5.0,14.0,4.0,0.0,0.0,0.0,1.0,
F1,23/05/2021,20:00,Angers,Lille,1.0,2.0,A,0.0,2.0,A,10.0,5.0,4.0,2.0,4.0,2.0,10.0,14.0,0.0,2.0,0.0,0.0,
F1,23/05/2021,20:00,Brest,Paris SG,0.0,2.0,A,0.0,1.0,A,6.0,9.0,5.0,4.0,5.0,4.0,7.0,6.0,1.0,2.0,0.0,0.0,
F1,23/05/2021,20:00,Lens,Monaco,0.0,0.0,D,0.0,0.0,D,4.0,19.0,1.0,3.0,2.0,7.0,16.0,6.0,3.0,2.0,0.0,0.0,
F1,23/05/2021,20:00,Lyon,Nice,2.0,3.0,A,2.0,1.0,H,12.0,14.0,6.0,6.0,6.0,6.0,8.0,10.0,1.0,2.0,0.0,0.0,
F1,23/05/2021,20:00,Metz,Marseille,1.0,1.0,D,0.0,0.0,D,10.0,9.0,3.0,2.0,1.0,10.0,14.0,9.0,3.0,2.0,0.0,0.0,
F1,23/05/2021,20:00,Nantes,Montpellier,1.0,2.0,A,1.0,1.0,D,15.0,8.0,5.0,5.0,9.0,5.0,8.0,11.0,2.0,2.0,0.0,0.0,
F1,23/05/2021,20:00,Reims,Bordeaux,1.0,2.0,A,1.0,1.0,D,10.0,12.0,3.0,5.0,5.0,2.0,11.0,6.0,1.0,1.0,0.0,0.0,
F1,23/05/2021,20:00,Rennes,Nimes,2.0,0.0,H,1.0,0.0,H,13.0,9.0,6.0,2.0,4.0,3.0,11.0,10.0,1.0,0.0,0.0,0.0,
F1,23/05/2021,20:00,St Etienne,Dijon,0.0,1.0,A,0.0,1.0,A,19.0,10.0,5.0,2.0,9.0,3.0,13.0,10.0,1.0,0.0,0.0,0.0,
F1,23/05/2021,20:00,Strasbourg,Lorient,1.0,1.0,D,1.0,0.0,H,6.0,7.0,2.0,1.0,2.0,3.0,17.0,9.0,1.0,1.0,0.0,0.0,
F1,06/08/2021,20:00,Monaco,Nantes,1.0,1.0,D,1.0,1.0,D,15.0,5.0,3.0,1.0,5.0,2.0,6.0,14.0,0.0,0.0,0.0,0.0,
F1,07/08/2021,16:00,Lyon,Brest,1.0,1.0,D,0.0,1.0,A,17.0,13.0,4.0,8.0,9.0,4.0,10.0,12.0,1.0,1.0,0.0,0.0,
F1,07/08/2021,20:00,Troyes,Paris SG,1.0,2.0,A,1.0,2.0,A,15.0,12.0,7.0,3.0,9.0,1.0,3.0,15.0,1.0,4.0,0.0,0.0,
F1,08/08/2021,12:00,Rennes,Lens,1.0,1.0,D,1.0,1.0,D,10.0,11.0,2.0,6.0,3.0,9.0,10.0,14.0,0.0,2.0,0.0,0.0,
F1,08/08/2021,14:00,Bordeaux,Clermont,0.0,2.0,A,0.0,0.0,D,10.0,19.0,6.0,10.0,5.0,10.0,13.0,9.0,1.0,0.0,0.0,0.0,
F1,08/08/2021,14:00,Nice,Reims,0.0,0.0,D,0.0,0.0,D,12.0,5.0,2.0,0.0,4.0,2.0,10.0,8.0,1.0,1.0,0.0,0.0,
F1,08/08/2021,14:00,St Etienne,Lorient,1.0,1.0,D,0.0,0.0,D,20.0,12.0,3.0,3.0,8.0,4.0,10.0,14.0,2.0,3.0,0.0,0.0,
F1,08/08/2021,14:00,Strasbourg,Angers,0.0,2.0,A,0.0,0.0,D,7.0,9.0,1.0,2.0,5.0,4.0,18.0,18.0,2.0,3.0,0.0,0.0,
F1,08/08/2021,16:00,Metz,Lille,3.0,3.0,D,2.0,1.0,H,12.0,18.0,5.0,7.0,4.0,5.0,9.0,10.0,1.0,2.0,1.0,0.0,
F1,08/08/2021,19:45,Montpellier,Marseille,2.0,3.0,A,2.0,0.0,H,8.0,21.0,1.0,7.0,6.0,11.0,10.0,5.0,0.0,1.0,0.0,0.0,
F1,13/08/2021,20:00,Lorient,Monaco,1.0,0.0,H,1.0,0.0,H,2.0,12.0,2.0,3.0,0.0,6.0,17.0,15.0,3.0,2.0,0.0,0.0,
F1,14/08/2021,16:00,Lille,Nice,0.0,4.0,A,0.0,3.0,A,11.0,11.0,2.0,7.0,8.0,7.0,9.0,13.0,3.0,1.0,0.0,0.0,
F1,14/08/2021,20:00,Paris SG,Strasbourg,4.0,2.0,H,3.0,0.0,H,11.0,8.0,6.0,2.0,4.0,4.0,6.0,18.0,1.0,4.0,0.0,1.0,
F1,15/08/2021,12:00,Angers,Lyon,3.0,0.0,H,1.0,0.0,H,13.0,8.0,6.0,3.0,6.0,4.0,11.0,17.0,1.0,5.0,0.0,1.0,
F1,15/08/2021,14:00,Brest,Rennes,1.0,1.0,D,0.0,0.0,D,10.0,6.0,5.0,2.0,6.0,11.0,7.0,16.0,2.0,3.0,0.0,0.0,
F1,15/08/2021,14:00,Clermont,Troyes,2.0,0.0,H,0.0,0.0,D,18.0,6.0,8.0,1.0,9.0,2.0,6.0,11.0,1.0,3.0,0.0,1.0,
F1,15/08/2021,14:00,Nantes,Metz,2.0,0.0,H,1.0,0.0,H,11.0,10.0,7.0,5.0,6.0,6.0,18.0,11.0,2.0,0.0,0.0,0.0,
F1,15/08/2021,14:00,Reims,Montpellier,3.0,3.0,D,2.0,3.0,A,19.0,15.0,9.0,5.0,8.0,7.0,11.0,12.0,2.0,1.0,0.0,0.0,
F1,15/08/2021,16:00,Lens,St Etienne,2.0,2.0,D,1.0,1.0,D,22.0,12.0,7.0,7.0,7.0,2.0,10.0,17.0,1.0,6.0,0.0,0.0,
F1,15/08/2021,19:45,Marseille,Bordeaux,2.0,2.0,D,2.0,0.0,H,10.0,8.0,2.0,2.0,3.0,4.0,6.0,11.0,2.0,2.0,1.0,0.0,
F1,20/08/2021,20:00,Brest,Paris SG,2.0,4.0,A,1.0,2.0,A,11.0,16.0,3.0,8.0,3.0,9.0,8.0,7.0,1.0,2.0,0.0,0.0,
F1,21/08/2021,16:00,Monaco,Lens,0.0,2.0,A,0.0,0.0,D,9.0,4.0,2.0,2.0,13.0,3.0,11.0,14.0,1.0,1.0,1.0,1.0,
F1,21/08/2021,20:00,St Etienne,Lille,1.0,1.0,D,0.0,1.0,A,10.0,8.0,2.0,6.0,5.0,3.0,14.0,10.0,1.0,3.0,0.0,0.0,
F1,22/08/2021,12:00,Lyon,Clermont,3.0,3.0,D,3.0,1.0,H,21.0,17.0,9.0,5.0,5.0,8.0,10.0,6.0,2.0,2.0,0.0,0.0,
F1,22/08/2021,14:00,Bordeaux,Angers,1.0,1.0,D,1.0,1.0,D,14.0,6.0,5.0,3.0,3.0,3.0,19.0,5.0,2.0,0.0,0.0,0.0,
F1,22/08/2021,14:00,Metz,Reims,1.0,1.0,D,1.0,1.0,D,10.0,12.0,4.0,3.0,5.0,8.0,19.0,14.0,4.0,2.0,1.0,1.0,
F1,22/08/2021,14:00,Montpellier,Lorient,3.0,1.0,H,0.0,1.0,A,32.0,5.0,11.0,4.0,5.0,1.0,8.0,13.0,0.0,6.0,0.0,2.0,
F1,22/08/2021,14:00,Strasbourg,Troyes,1.0,1.0,D,0.0,1.0,A,14.0,10.0,4.0,6.0,6.0,3.0,16.0,17.0,3.0,1.0,0.0,0.0,
F1,22/08/2021,16:00,Rennes,Nantes,1.0,0.0,H,0.0,0.0,D,14.0,4.0,5.0,1.0,6.0,2.0,14.0,13.0,2.0,2.0,0.0,0.0,
F1,27/08/2021,20:00,Nantes,Lyon,0.0,1.0,A,0.0,1.0,A,18.0,12.0,5.0,5.0,6.0,6.0,7.0,11.0,2.0,2.0,0.0,1.0,
F1,28/08/2021,16:00,Nice,Bordeaux,4.0,0.0,H,3.0,0.0,H,11.0,13.0,5.0,4.0,3.0,0.0,18.0,11.0,3.0,2.0,0.0,0.0,
F1,28/08/2021,20:00,Marseille,St Etienne,3.0,1.0,H,1.0,1.0,D,19.0,11.0,5.0,7.0,5.0,4.0,11.0,18.0,1.0,3.0,0.0,0.0,
F1,29/08/2021,12:00,Troyes,Monaco,1.0,2.0,A,0.0,1.0,A,12.0,7.0,3.0,4.0,5.0,3.0,11.0,11.0,1.0,2.0,0.0,0.0,
F1,29/08/2021,14:00,Angers,Rennes,2.0,0.0,H,0.0,0.0,D,16.0,7.0,4.0,2.0,3.0,1.0,14.0,10.0,1.0,2.0,0.0,1.0,
F1,29/08/2021,14:00,Clermont,Metz,2.0,2.0,D,1.0,2.0,A,16.0,12.0,4.0,4.0,6.0,3.0,11.0,15.0,1.0,2.0,0.0,0.0,
F1,29/08/2021,14:00,Lens,Lorient,2.0,2.0,D,1.0,2.0,A,19.0,15.0,9.0,7.0,8.0,4.0,10.0,10.0,2.0,4.0,0.0,0.0,
F1,29/08/2021,14:00,Strasbourg,Brest,3.0,1.0,H,2.0,1.0,H,11.0,11.0,5.0,5.0,1.0,9.0,12.0,10.0,1.0,1.0,0.0,0.0,
F1,29/08/2021,16:00,Lille,Montpellier,2.0,1.0,H,1.0,1.0,D,15.0,6.0,4.0,3.0,3.0,4.0,15.0,19.0,3.0,7.0,0.0,1.0,
F1,29/08/2021,19:45,Reims,Paris SG,0.0,2.0,A,0.0,1.0,A,11.0,12.0,4.0,3.0,3.0,3.0,13.0,13.0,1.0,3.0,0.0,0.0,
F1,10/09/2021,20:00,Lorient,Lille,2.0,1.0,H,1.0,1.0,D,14.0,9.0,7.0,3.0,2.0,5.0,13.0,11.0,2.0,2.0,0.0,0.0,
F1,11/09/2021,16:00,Paris SG,Clermont,4.0,0.0,H,2.0,0.0,H,13.0,14.0,7.0,2.0,4.0,4.0,13.0,9.0,0.0,1.0,0.0,0.0,
F1,11/09/2021,20:00,Monaco,Marseille,0.0,2.0,A,0.0,1.0,A,7.0,13.0,0.0,5.0,3.0,2.0,17.0,8.0,4.0,1.0,0.0,0.0,
F1,12/09/2021,12:00,Montpellier,St Etienne,2.0,0.0,H,1.0,0.0,H,11.0,14.0,4.0,2.0,7.0,6.0,15.0,17.0,1.0,4.0,0.0,0.0,
F1,12/09/2021,14:00,Bordeaux,Lens,2.0,3.0,A,0.0,2.0,A,11.0,12.0,3.0,5.0,2.0,7.0,8.0,11.0,3.0,2.0,0.0,0.0,
F1,12/09/2021,14:00,Brest,Angers,1.0,1.0,D,0.0,0.0,D,12.0,8.0,6.0,2.0,5.0,3.0,19.0,9.0,3.0,2.0,1.0,0.0,
F1,12/09/2021,14:00,Metz,Troyes,0.0,2.0,A,0.0,0.0,D,16.0,10.0,2.0,5.0,2.0,1.0,15.0,14.0,2.0,1.0,0.0,0.0,
F1,12/09/2021,14:00,Rennes,Reims,0.0,2.0,A,0.0,1.0,A,9.0,7.0,1.0,3.0,4.0,6.0,18.0,11.0,1.0,2.0,0.0,0.0,
F1,12/09/2021,16:00,Nantes,Nice,0.0,2.0,A,0.0,0.0,D,19.0,9.0,7.0,3.0,8.0,3.0,7.0,13.0,2.0,3.0,0.0,0.0,
F1,12/09/2021,19:45,Lyon,Strasbourg,3.0,1.0,H,1.0,0.0,H,14.0,12.0,7.0,4.0,4.0,6.0,8.0,11.0,2.0,1.0,0.0,0.0,
F1,17/09/2021,20:00,Strasbourg,Metz,3.0,0.0,H,3.0,0.0,H,10.0,15.0,6.0,5.0,3.0,7.0,16.0,8.0,2.0,4.0,0.0,0.0,
F1,18/09/2021,16:00,Lens,Lille,1.0,0.0,H,0.0,0.0,D,13.0,6.0,4.0,2.0,4.0,3.0,12.0,8.0,2.0,2.0,0.0,0.0,
F1,18/09/2021,20:00,St Etienne,Bordeaux,1.0,2.0,A,0.0,1.0,A,12.0,13.0,5.0,3.0,7.0,2.0,9.0,11.0,1.0,4.0,0.0,0.0,
F1,19/09/2021,12:00,Nice,Monaco,2.0,2.0,D,0.0,1.0,A,12.0,8.0,3.0,3.0,5.0,2.0,17.0,12.0,2.0,3.0,0.0,0.0,
F1,19/09/2021,14:00,Angers,Nantes,1.0,4.0,A,1.0,3.0,A,10.0,8.0,5.0,4.0,10.0,5.0,10.0,16.0,2.0,2.0,0.0,0.0,
F1,19/09/2021,14:00,Clermont,Brest,1.0,1.0,D,0.0,0.0,D,7.0,5.0,4.0,1.0,3.0,5.0,7.0,19.0,1.0,1.0,1.0,0.0,
F1,19/09/2021,14:00,Reims,Lorient,0.0,0.0,D,0.0,0.0,D,10.0,6.0,2.0,3.0,5.0,6.0,12.0,14.0,2.0,3.0,0.0,0.0,
F1,19/09/2021,14:00,Troyes,Montpellier,1.0,1.0,D,1.0,0.0,H,8.0,6.0,3.0,2.0,1.0,6.0,16.0,11.0,4.0,4.0,0.0,1.0,
F1,19/09/2021,16:00,Marseille,Rennes,2.0,0.0,H,0.0,0.0,D,17.0,13.0,6.0,2.0,6.0,7.0,5.0,17.0,0.0,2.0,0.0,0.0,
F1,19/09/2021,19:45,Paris SG,Lyon,2.0,1.0,H,0.0,0.0,D,14.0,12.0,5.0,5.0,10.0,4.0,13.0,19.0,3.0,1.0,0.0,0.0,
F1,22/09/2021,18:00,Lille,Reims,2.0,1.0,H,2.0,0.0,H,7.0,11.0,4.0,5.0,4.0,4.0,16.0,14.0,2.0,1.0,0.0,0.0,
F1,22/09/2021,18:00,Monaco,St Etienne,3.0,1.0,H,1.0,1.0,D,14.0,9.0,6.0,3.0,6.0,3.0,16.0,13.0,1.0,1.0,0.0,1.0,
F1,22/09/2021,18:00,Montpellier,Bordeaux,3.0,3.0,D,1.0,2.0,A,15.0,15.0,6.0,7.0,6.0,6.0,10.0,8.0,0.0,2.0,0.0,0.0,
F1,22/09/2021,18:00,Nantes,Brest,3.0,1.0,H,1.0,0.0,H,14.0,10.0,6.0,2.0,4.0,4.0,8.0,13.0,1.0,2.0,0.0,0.0,
F1,22/09/2021,18:00,Rennes,Clermont,6.0,0.0,H,2.0,0.0,H,21.0,4.0,10.0,1.0,5.0,7.0,14.0,5.0,2.0,1.0,0.0,0.0,
F1,22/09/2021,20:00,Angers,Marseille,0.0,0.0,D,0.0,0.0,D,9.0,6.0,1.0,1.0,4.0,2.0,9.0,7.0,1.0,3.0,0.0,0.0,
F1,22/09/2021,20:00,Lens,Strasbourg,0.0,1.0,A,0.0,0.0,D,17.0,6.0,4.0,1.0,7.0,3.0,14.0,7.0,2.0,3.0,1.0,0.0,
F1,22/09/2021,20:00,Lorient,Nice,1.0,0.0,H,1.0,0.0,H,8.0,13.0,1.0,1.0,6.0,5.0,12.0,16.0,2.0,4.0,1.0,0.0,
F1,22/09/2021,20:00,Lyon,Troyes,3.0,1.0,H,0.0,1.0,A,15.0,12.0,8.0,7.0,7.0,3.0,7.0,9.0,1.0,3.0,0.0,0.0,
F1,22/09/2021,20:00,Metz,Paris SG,1.0,2.0,A,1.0,1.0,D,6.0,15.0,2.0,5.0,3.0,3.0,12.0,12.0,6.0,2.0,1.0,0.0,
F1,25/09/2021,16:00,St Etienne,Nice,0.0,3.0,A,0.0,1.0,A,11.0,14.0,6.0,9.0,2.0,9.0,9.0,13.0,0.0,2.0,0.0,0.0,
F1,25/09/2021,18:00,Strasbourg,Lille,1.0,2.0,A,0.0,1.0,A,10.0,16.0,3.0,7.0,8.0,8.0,16.0,12.0,4.0,4.0,1.0,0.0,
F1,25/09/2021,20:00,Lyon,Lorient,1.0,1.0,D,0.0,1.0,A,12.0,12.0,2.0,5.0,9.0,3.0,9.0,10.0,1.0,2.0,1.0,0.0,
F1,25/09/2021,20:00,Paris SG,Montpellier,2.0,0.0,H,1.0,0.0,H,16.0,10.0,5.0,4.0,8.0,7.0,10.0,8.0,0.0,1.0,0.0,0.0,
F1,26/09/2021,12:00,Bordeaux,Rennes,1.0,1.0,D,0.0,0.0,D,10.0,18.0,3.0,8.0,8.0,6.0,6.0,20.0,1.0,4.0,0.0,0.0,
F1,26/09/2021,14:00,Brest,Metz,1.0,2.0,A,0.0,1.0,A,11.0,6.0,2.0,4.0,4.0,3.0,16.0,16.0,3.0,2.0,0.0,0.0,
F1,26/09/2021,14:00,Reims,Nantes,3.0,1.0,H,0.0,0.0,D,9.0,11.0,5.0,2.0,3.0,7.0,14.0,10.0,1.0,1.0,0.0,0.0,
F1,26/09/2021,14:00,Troyes,Angers,1.0,1.0,D,1.0,0.0,H,6.0,17.0,3.0,6.0,2.0,9.0,9.0,8.0,4.0,2.0,1.0,0.0,
F1,26/09/2021,16:00,Clermont,Monaco,1.0,3.0,A,1.0,1.0,D,12.0,6.0,4.0,3.0,5.0,1.0,9.0,12.0,2.0,4.0,0.0,0.0,
F1,26/09/2021,19:45,Marseille,Lens,2.0,3.0,A,2.0,2.0,D,14.0,14.0,4.0,5.0,5.0,7.0,4.0,14.0,2.0,1.0,0.0,0.0,
F1,01/10/2021,20:00,Lens,Reims,2.0,0.0,H,1.0,0.0,H,13.0,3.0,7.0,0.0,5.0,3.0,13.0,13.0,3.0,1.0,0.0,1.0,
F1,02/10/2021,16:00,Montpellier,Strasbourg,1.0,1.0,D,1.0,1.0,D,12.0,6.0,4.0,3.0,3.0,4.0,12.0,14.0,2.0,0.0,0.0,0.0,
F1,02/10/2021,20:00,Nice,Brest,2.0,1.0,H,1.0,0.0,H,20.0,6.0,9.0,2.0,6.0,2.0,8.0,12.0,1.0,1.0,0.0,0.0,
F1,03/10/2021,12:00,Rennes,Paris SG,2.0,0.0,H,1.0,0.0,H,12.0,13.0,4.0,0.0,4.0,4.0,9.0,4.0,2.0,3.0,0.0,0.0,
F1,03/10/2021,14:00,Angers,Metz,3.0,2.0,H,0.0,1.0,A,18.0,2.0,5.0,2.0,12.0,2.0,16.0,11.0,1.0,3.0,0.0,0.0,
F1,03/10/2021,14:00,Lorient,Clermont,1.0,1.0,D,0.0,1.0,A,6.0,8.0,1.0,4.0,4.0,4.0,19.0,12.0,2.0,1.0,0.0,0.0,
F1,03/10/2021,14:00,Monaco,Bordeaux,3.0,0.0,H,1.0,0.0,H,12.0,4.0,4.0,1.0,10.0,2.0,12.0,13.0,2.0,1.0,0.0,0.0,
F1,03/10/2021,14:00,Nantes,Troyes,2.0,0.0,H,0.0,0.0,D,8.0,15.0,4.0,4.0,3.0,7.0,14.0,10.0,2.0,2.0,0.0,0.0,
F1,03/10/2021,16:00,Lille,Marseille,2.0,0.0,H,1.0,0.0,H,12.0,10.0,5.0,3.0,3.0,5.0,10.0,13.0,2.0,3.0,0.0,1.0,
F1,03/10/2021,19:45,St Etienne,Lyon,1.0,1.0,D,0.0,1.0,A,18.0,15.0,6.0,5.0,6.0,4.0,14.0,10.0,2.0,3.0,0.0,1.0,
F1,15/10/2021,20:00,Paris SG,Angers,2.0,1.0,H,0.0,1.0,A,13.0,7.0,2.0,2.0,6.0,5.0,8.0,10.0,1.0,2.0,0.0,0.0,
F1,16/10/2021,16:00,Clermont,Lille,1.0,0.0,H,1.0,0.0,H,9.0,9.0,3.0,2.0,6.0,9.0,9.0,8.0,1.0,2.0,0.0,0.0,
F1,16/10/2021,20:00,Lyon,Monaco,2.0,0.0,H,0.0,0.0,D,14.0,9.0,8.0,3.0,2.0,4.0,8.0,10.0,1.0,2.0,0.0,0.0,
F1,17/10/2021,12:00,Troyes,Nice,1.0,0.0,H,1.0,0.0,H,8.0,11.0,3.0,3.0,3.0,3.0,10.0,20.0,2.0,1.0,0.0,0.0,
F1,17/10/2021,14:00,Bordeaux,Nantes,1.0,1.0,D,0.0,0.0,D,8.0,13.0,1.0,7.0,2.0,5.0,10.0,16.0,2.0,3.0,0.0,0.0,
F1,17/10/2021,14:00,Brest,Reims,1.0,1.0,D,0.0,1.0,A,9.0,13.0,4.0,2.0,7.0,7.0,18.0,13.0,3.0,4.0,0.0,0.0,
F1,17/10/2021,14:00,Metz,Rennes,0.0,3.0,A,0.0,3.0,A,9.0,21.0,2.0,8.0,4.0,10.0,14.0,9.0,3.0,1.0,0.0,0.0,
F1,17/10/2021,14:00,Strasbourg,St Etienne,5.0,1.0,H,2.0,1.0,H,12.0,4.0,6.0,2.0,7.0,4.0,18.0,10.0,3.0,2.0,0.0,1.0,
F1,17/10/2021,16:00,Montpellier,Lens,1.0,0.0,H,0.0,0.0,D,15.0,19.0,6.0,5.0,3.0,2.0,8.0,16.0,4.0,4.0,1.0,0.0,
F1,17/10/2021,19:45,Marseille,Lorient,4.0,1.0,H,1.0,1.0,D,16.0,15.0,6.0,7.0,6.0,4.0,7.0,10.0,0.0,1.0,0.0,0.0,
F1,22/10/2021,20:00,St Etienne,Angers,2.0,2.0,D,0.0,1.0,A,17.0,4.0,6.0,2.0,6.0,1.0,12.0,18.0,0.0,3.0,0.0,0.0,
F1,23/10/2021,16:00,Nantes,Clermont,2.0,1.0,H,1.0,0.0,H,8.0,4.0,4.0,1.0,1.0,3.0,15.0,11.0,1.0,0.0,1.0,1.0,
F1,23/10/2021,20:00,Lille,Brest,1.0,1.0,D,1.0,1.0,D,13.0,13.0,3.0,5.0,5.0,4.0,10.0,15.0,1.0,2.0,0.0,0.0,
F1,24/10/2021,12:00,Nice,Lyon,3.0,2.0,H,0.0,1.0,A,17.0,13.0,7.0,8.0,3.0,2.0,11.0,7.0,1.0,0.0,0.0,1.0,
F1,24/10/2021,14:00,Lens,Metz,4.0,1.0,H,2.0,1.0,H,11.0,9.0,5.0,4.0,5.0,6.0,9.0,13.0,2.0,3.0,0.0,0.0,
F1,24/10/2021,14:00,Lorient,Bordeaux,1.0,1.0,D,0.0,0.0,D,14.0,11.0,4.0,5.0,9.0,4.0,12.0,13.0,4.0,2.0,0.0,1.0,
F1,24/10/2021,14:00,Reims,Troyes,1.0,2.0,A,1.0,1.0,D,18.0,7.0,5.0,4.0,7.0,1.0,14.0,13.0,4.0,2.0,1.0,0.0,
F1,24/10/2021,14:00,Rennes,Strasbourg,1.0,0.0,H,0.0,0.0,D,17.0,8.0,3.0,2.0,11.0,6.0,6.0,11.0,1.0,2.0,0.0,0.0,
F1,24/10/2021,16:00,Monaco,Montpellier,3.0,1.0,H,2.0,0.0,H,14.0,12.0,4.0,3.0,4.0,4.0,14.0,16.0,1.0,4.0,0.0,0.0,
F1,24/10/2021,19:45,Marseille,Paris SG,0.0,0.0,D,0.0,0.0,D,15.0,10.0,1.0,4.0,4.0,5.0,7.0,8.0,1.0,2.0,0.0,1.0,
F1,27/10/2021,20:00,Nice,Marseille,1.0,1.0,D,1.0,1.0,D,11.0,7.0,3.0,1.0,6.0,5.0,16.0,8.0,2.0,2.0,0.0,0.0,
F1,29/10/2021,20:00,Paris SG,Lille,2.0,1.0,H,0.0,1.0,A,17.0,11.0,6.0,3.0,4.0,5.0,7.0,10.0,1.0,5.0,0.0,0.0,
F1,30/10/2021,16:00,Metz,St Etienne,1.0,1.0,D,1.0,1.0,D,9.0,10.0,4.0,3.0,5.0,8.0,16.0,11.0,0.0,3.0,0.0,0.0,
F1,30/10/2021,20:00,Lyon,Lens,2.0,1.0,H,2.0,0.0,H,13.0,18.0,4.0,10.0,3.0,5.0,7.0,13.0,1.0,2.0,0.0,0.0,
F1,31/10/2021,12:00,Angers,Nice,1.0,2.0,A,1.0,0.0,H,3.0,14.0,2.0,5.0,3.0,8.0,14.0,9.0,1.0,2.0,0.0,0.0,
F1,31/10/2021,14:00,Bordeaux,Reims,3.0,2.0,H,0.0,1.0,A,17.0,12.0,7.0,8.0,12.0,2.0,5.0,10.0,3.0,2.0,0.0,0.0,
F1,31/10/2021,14:00,Montpellier,Nantes,2.0,0.0,H,0.0,0.0,D,19.0,12.0,10.0,1.0,5.0,5.0,12.0,23.0,3.0,5.0,0.0,0.0,
F1,31/10/2021,14:00,Strasbourg,Lorient,4.0,0.0,H,3.0,0.0,H,15.0,5.0,6.0,0.0,6.0,3.0,12.0,10.0,1.0,0.0,0.0,0.0,
F1,31/10/2021,14:00,Troyes,Rennes,2.0,2.0,D,2.0,1.0,H,14.0,13.0,5.0,5.0,5.0,12.0,6.0,15.0,0.0,1.0,0.0,0.0,
F1,31/10/2021,16:00,Brest,Monaco,2.0,0.0,H,1.0,0.0,H,7.0,5.0,3.0,2.0,2.0,5.0,8.0,17.0,1.0,5.0,0.0,0.0,
F1,31/10/2021,19:45,Clermont,Marseille,0.0,1.0,A,0.0,1.0,A,12.0,9.0,1.0,4.0,4.0,2.0,14.0,11.0,1.0,4.0,0.0,0.0,
F1,05/11/2021,20:00,Lens,Troyes,4.0,0.0,H,3.0,0.0,H,28.0,14.0,12.0,6.0,4.0,2.0,14.0,8.0,1.0,1.0,0.0,0.0,
F1,06/11/2021,16:00,Lille,Angers,1.0,1.0,D,1.0,0.0,H,11.0,9.0,6.0,5.0,4.0,8.0,13.0,9.0,2.0,2.0,1.0,0.0,
F1,06/11/2021,20:00,Bordeaux,Paris SG,2.0,3.0,A,0.0,2.0,A,18.0,9.0,6.0,5.0,10.0,5.0,9.0,10.0,2.0,1.0,0.0,0.0,
F1,07/11/2021,12:00,Marseille,Metz,0.0,0.0,D,0.0,0.0,D,15.0,12.0,3.0,4.0,9.0,7.0,8.0,9.0,1.0,3.0,0.0,1.0,
F1,07/11/2021,14:00,Lorient,Brest,1.0,2.0,A,1.0,0.0,H,9.0,16.0,3.0,5.0,3.0,6.0,10.0,8.0,1.0,1.0,1.0,0.0,
F1,07/11/2021,14:00,Nantes,Strasbourg,2.0,2.0,D,1.0,1.0,D,20.0,17.0,6.0,6.0,9.0,5.0,15.0,12.0,2.0,1.0,0.0,1.0,
F1,07/11/2021,14:00,Reims,Monaco,0.0,0.0,D,0.0,0.0,D,11.0,12.0,4.0,3.0,5.0,6.0,9.0,13.0,0.0,2.0,0.0,0.0,
F1,07/11/2021,14:00,St Etienne,Clermont,3.0,2.0,H,0.0,0.0,D,18.0,9.0,4.0,4.0,9.0,2.0,7.0,10.0,1.0,1.0,0.0,0.0,
F1,07/11/2021,16:00,Nice,Montpellier,0.0,1.0,A,0.0,0.0,D,22.0,8.0,6.0,2.0,8.0,2.0,9.0,7.0,2.0,0.0,0.0,0.0,
F1,07/11/2021,19:45,Rennes,Lyon,4.0,1.0,H,1.0,0.0,H,25.0,6.0,12.0,4.0,7.0,2.0,12.0,12.0,2.0,2.0,0.0,0.0,
F1,19/11/2021,20:00,Monaco,Lille,2.0,2.0,D,1.0,2.0,A,17.0,15.0,8.0,8.0,6.0,5.0,15.0,16.0,3.0,5.0,1.0,0.0,
F1,20/11/2021,16:00,Paris SG,Nantes,3.0,1.0,H,1.0,0.0,H,14.0,12.0,7.0,6.0,4.0,3.0,8.0,12.0,1.0,2.0,1.0,0.0,
F1,20/11/2021,20:00,Rennes,Montpellier,2.0,0.0,H,2.0,0.0,H,30.0,4.0,7.0,2.0,8.0,2.0,9.0,10.0,1.0,3.0,0.0,1.0,
F1,21/11/2021,12:00,Brest,Lens,4.0,0.0,H,3.0,0.0,H,13.0,14.0,5.0,5.0,5.0,5.0,7.0,7.0,1.0,2.0,0.0,1.0,
F1,21/11/2021,14:00,Angers,Lorient,1.0,0.0,H,0.0,0.0,D,8.0,10.0,4.0,3.0,6.0,3.0,15.0,13.0,4.0,0.0,0.0,0.0,
F1,21/11/2021,14:00,Metz,Bordeaux,3.0,3.0,D,1.0,2.0,A,20.0,19.0,9.0,5.0,2.0,4.0,12.0,11.0,2.0,2.0,1.0,0.0,
F1,21/11/2021,14:00,Strasbourg,Reims,1.0,1.0,D,0.0,1.0,A,21.0,10.0,3.0,3.0,5.0,4.0,8.0,13.0,1.0,4.0,0.0,0.0,
F1,21/11/2021,14:00,Troyes,St Etienne,0.0,1.0,A,0.0,0.0,D,15.0,14.0,3.0,4.0,6.0,8.0,13.0,11.0,1.0,4.0,0.0,0.0,
F1,21/11/2021,16:00,Clermont,Nice,1.0,2.0,A,1.0,0.0,H,18.0,9.0,6.0,4.0,3.0,5.0,7.0,16.0,1.0,4.0,0.0,0.0,
F1,26/11/2021,20:00,Lens,Angers,2.0,2.0,D,0.0,1.0,A,9.0,12.0,4.0,5.0,5.0,5.0,15.0,6.0,2.0,0.0,0.0,0.0,
F1,27/11/2021,16:00,Lille,Nantes,1.0,1.0,D,1.0,1.0,D,10.0,7.0,3.0,3.0,12.0,1.0,7.0,12.0,1.0,2.0,0.0,1.0,
F1,27/11/2021,20:00,Nice,Metz,0.0,1.0,A,0.0,1.0,A,20.0,4.0,2.0,1.0,8.0,1.0,13.0,12.0,2.0,2.0,0.0,0.0,
F1,28/11/2021,12:00,St Etienne,Paris SG,1.0,3.0,A,1.0,1.0,D,8.0,15.0,4.0,8.0,5.0,5.0,7.0,10.0,3.0,1.0,1.0,0.0,
F1,28/11/2021,14:00,Bordeaux,Brest,1.0,2.0,A,1.0,0.0,H,16.0,14.0,4.0,4.0,5.0,2.0,13.0,11.0,3.0,1.0,0.0,0.0,
F1,28/11/2021,14:00,Lorient,Rennes,0.0,2.0,A,0.0,0.0,D,6.0,11.0,0.0,5.0,3.0,4.0,11.0,11.0,0.0,2.0,0.0,0.0,
F1,28/11/2021,14:00,Monaco,Strasbourg,1.0,1.0,D,1.0,0.0,H,8.0,7.0,3.0,4.0,4.0,3.0,12.0,9.0,2.0,1.0,0.0,0.0,
F1,28/11/2021,14:00,Reims,Clermont,1.0,0.0,H,0.0,0.0,D,12.0,4.0,3.0,0.0,4.0,1.0,13.0,13.0,2.0,2.0,0.0,0.0,
F1,28/11/2021,16:00,Montpellier,Lyon,0.0,1.0,A,0.0,1.0,A,15.0,11.0,6.0,3.0,8.0,5.0,7.0,15.0,1.0,4.0,0.0,0.0,
F1,28/11/2021,19:45,Marseille,Troyes,1.0,0.0,H,0.0,0.0,D,14.0,5.0,4.0,2.0,7.0,3.0,10.0,17.0,1.0,4.0,0.0,0.0,
F1,01/12/2021,18:00,Angers,Monaco,1.0,3.0,A,0.0,2.0,A,9.0,14.0,3.0,8.0,4.0,4.0,13.0,18.0,1.0,2.0,0.0,0.0,
F1,01/12/2021,18:00,Brest,St Etienne,1.0,0.0,H,0.0,0.0,D,8.0,13.0,3.0,3.0,1.0,3.0,8.0,9.0,2.0,3.0,0.0,0.0,
F1,01/12/2021,18:00,Metz,Montpellier,1.0,3.0,A,0.0,2.0,A,20.0,10.0,7.0,7.0,7.0,4.0,14.0,9.0,2.0,2.0,0.0,0.0,
F1,01/12/2021,18:00,Strasbourg,Bordeaux,5.0,2.0,H,3.0,1.0,H,19.0,13.0,6.0,2.0,5.0,2.0,14.0,13.0,2.0,3.0,0.0,0.0,
F1,01/12/2021,18:00,Troyes,Lorient,2.0,0.0,H,2.0,0.0,H,10.0,9.0,3.0,3.0,4.0,3.0,12.0,11.0,1.0,1.0,0.0,0.0,
F1,01/12/2021,20:00,Clermont,Lens,2.0,2.0,D,1.0,1.0,D,19.0,9.0,7.0,2.0,5.0,3.0,7.0,13.0,4.0,5.0,1.0,0.0,
F1,01/12/2021,20:00,Lyon,Reims,1.0,2.0,A,0.0,0.0,D,14.0,8.0,6.0,4.0,3.0,4.0,14.0,17.0,3.0,2.0,0.0,0.0,
F1,01/12/2021,20:00,Nantes,Marseille,0.0,1.0,A,0.0,1.0,A,3.0,15.0,1.0,5.0,4.0,6.0,13.0,7.0,3.0,2.0,1.0,0.0,
F1,01/12/2021,20:00,Paris SG,Nice,0.0,0.0,D,0.0,0.0,D,22.0,4.0,5.0,2.0,6.0,5.0,5.0,13.0,2.0,2.0,0.0,0.0,
F1,01/12/2021,20:00,Rennes,Lille,1.0,2.0,A,0.0,2.0,A,10.0,6.0,2.0,2.0,3.0,1.0,12.0,12.0,2.0,1.0,0.0,0.0,
F1,04/12/2021,16:00,Marseille,Brest,1.0,2.0,A,1.0,0.0,H,16.0,9.0,4.0,4.0,5.0,0.0,10.0,7.0,1.0,2.0,0.0,0.0,
F1,04/12/2021,18:00,Lille,Troyes,2.0,1.0,H,0.0,1.0,A,13.0,7.0,4.0,3.0,8.0,6.0,11.0,9.0,3.0,4.0,0.0,0.0,
F1,04/12/2021,20:00,Lens,Paris SG,1.0,1.0,D,0.0,0.0,D,18.0,13.0,7.0,6.0,8.0,5.0,12.0,9.0,2.0,2.0,0.0,0.0,
F1,05/12/2021,12:00,St Etienne,Rennes,0.0,5.0,A,0.0,3.0,A,12.0,18.0,2.0,10.0,7.0,2.0,10.0,7.0,1.0,0.0,0.0,0.0,
F1,05/12/2021,14:00,Lorient,Nantes,0.0,1.0,A,0.0,0.0,D,17.0,5.0,2.0,1.0,8.0,3.0,8.0,13.0,1.0,3.0,0.0,0.0,
F1,05/12/2021,14:00,Monaco,Metz,4.0,0.0,H,2.0,0.0,H,8.0,6.0,5.0,0.0,5.0,4.0,13.0,13.0,1.0,2.0,0.0,0.0,
F1,05/12/2021,14:00,Montpellier,Clermont,1.0,0.0,H,1.0,0.0,H,8.0,10.0,2.0,3.0,1.0,3.0,19.0,15.0,3.0,3.0,0.0,1.0,
F1,05/12/2021,14:00,Reims,Angers,1.0,2.0,A,0.0,0.0,D,5.0,13.0,2.0,4.0,7.0,4.0,8.0,13.0,4.0,3.0,1.0,0.0,
F1,05/12/2021,16:00,Nice,Strasbourg,0.0,3.0,A,0.0,1.0,A,12.0,15.0,5.0,5.0,9.0,4.0,9.0,14.0,3.0,3.0,0.0,0.0,
F1,05/12/2021,19:45,Bordeaux,Lyon,2.0,2.0,D,1.0,2.0,A,12.0,19.0,5.0,5.0,3.0,8.0,11.0,9.0,0.0,0.0,0.0,0.0,
F1,10/12/2021,20:00,Nantes,Lens,3.0,2.0,H,0.0,2.0,A,15.0,4.0,5.0,2.0,8.0,2.0,10.0,10.0,3.0,3.0,0.0,0.0,
F1,11/12/2021,16:00,Brest,Montpellier,0.0,4.0,A,0.0,1.0,A,17.0,9.0,6.0,4.0,8.0,2.0,16.0,6.0,2.0,1.0,0.0,0.0,
F1,11/12/2021,20:00,Reims,St Etienne,2.0,0.0,H,1.0,0.0,H,17.0,4.0,6.0,0.0,11.0,5.0,19.0,16.0,2.0,2.0,0.0,1.0,
F1,12/12/2021,12:00,Lille,Lyon,0.0,0.0,D,0.0,0.0,D,14.0,13.0,2.0,2.0,4.0,3.0,11.0,15.0,2.0,6.0,0.0,0.0,
F1,12/12/2021,14:00,Angers,Clermont,0.0,1.0,A,0.0,0.0,D,12.0,17.0,3.0,3.0,8.0,3.0,8.0,12.0,1.0,2.0,0.0,0.0,
F1,12/12/2021,14:00,Metz,Lorient,4.0,1.0,H,3.0,0.0,H,5.0,17.0,3.0,6.0,3.0,8.0,10.0,8.0,2.0,2.0,0.0,0.0,
F1,12/12/2021,14:00,Rennes,Nice,1.0,2.0,A,0.0,1.0,A,20.0,7.0,8.0,3.0,11.0,6.0,10.0,11.0,1.0,4.0,0.0,0.0,
F1,12/12/2021,14:00,Troyes,Bordeaux,1.0,2.0,A,1.0,1.0,D,21.0,8.0,3.0,4.0,8.0,1.0,11.0,15.0,3.0,3.0,0.0,0.0,
F1,12/12/2021,16:00,Strasbourg,Marseille,0.0,2.0,A,0.0,0.0,D,11.0,8.0,3.0,3.0,8.0,3.0,10.0,12.0,2.0,1.0,0.0,0.0,
F1,12/12/2021,19:45,Paris SG,Monaco,2.0,0.0,H,2.0,0.0,H,9.0,13.0,2.0,3.0,1.0,6.0,8.0,15.0,3.0,4.0,0.0,0.0,
F1,22/12/2021,20:00,Bordeaux,Lille,2.0,3.0,A,2.0,1.0,H,12.0,12.0,3.0,3.0,5.0,6.0,10.0,7.0,1.0,3.0,0.0,0.0,
F1,22/12/2021,20:00,Lorient,Paris SG,1.0,1.0,D,1.0,0.0,H,17.0,17.0,5.0,4.0,6.0,8.0,6.0,8.0,1.0,3.0,0.0,1.0,
F1,22/12/2021,20:00,Lyon,Metz,1.0,1.0,D,0.0,0.0,D,18.0,6.0,6.0,2.0,13.0,2.0,12.0,19.0,2.0,3.0,0.0,0.0,
F1,22/12/2021,20:00,Marseille,Reims,1.0,1.0,D,0.0,0.0,D,14.0,7.0,5.0,2.0,7.0,4.0,12.0,6.0,4.0,4.0,1.0,1.0,
F1,22/12/2021,20:00,Monaco,Rennes,2.0,1.0,H,1.0,1.0,D,11.0,16.0,3.0,6.0,7.0,5.0,11.0,9.0,2.0,1.0,0.0,0.0,
F1,22/12/2021,20:00,Montpellier,Angers,4.0,1.0,H,2.0,1.0,H,9.0,13.0,6.0,6.0,1.0,6.0,13.0,13.0,1.0,1.0,0.0,0.0,
F1,22/12/2021,20:00,Nice,Lens,2.0,1.0,H,0.0,1.0,A,9.0,8.0,3.0,4.0,5.0,4.0,7.0,9.0,0.0,2.0,0.0,0.0,
F1,22/12/2021,20:00,St Etienne,Nantes,0.0,1.0,A,0.0,0.0,D,13.0,8.0,6.0,3.0,5.0,4.0,13.0,12.0,1.0,1.0,0.0,0.0,
F1,22/12/2021,20:00,Troyes,Brest,1.0,1.0,D,0.0,1.0,A,15.0,8.0,4.0,2.0,9.0,0.0,16.0,10.0,4.0,1.0,1.0,0.0,
F1,07/01/2022,20:00,Bordeaux,Marseille,0.0,1.0,A,0.0,1.0,A,6.0,18.0,2.0,6.0,3.0,9.0,13.0,7.0,1.0,1.0,0.0,0.0,
F1,08/01/2022,20:00,Lens,Rennes,1.0,0.0,H,0.0,0.0,D,11.0,5.0,4.0,0.0,12.0,1.0,5.0,6.0,1.0,1.0,0.0,0.0,
F1,09/01/2022,12:00,Brest,Nice,0.0,3.0,A,0.0,1.0,A,26.0,9.0,10.0,4.0,14.0,3.0,5.0,11.0,0.0,3.0,0.0,1.0,
F1,09/01/2022,14:00,Clermont,Reims,0.0,0.0,D,0.0,0.0,D,12.0,7.0,7.0,2.0,6.0,2.0,13.0,24.0,1.0,3.0,1.0,0.0,
F1,09/01/2022,14:00,Metz,Strasbourg,0.0,2.0,A,0.0,0.0,D,7.0,19.0,1.0,7.0,4.0,3.0,11.0,6.0,1.0,1.0,0.0,0.0,
F1,09/01/2022,16:05,Nantes,Monaco,0.0,0.0,D,0.0,0.0,D,8.0,9.0,4.0,1.0,5.0,2.0,17.0,12.0,1.0,2.0,0.0,0.0,
F1,09/01/2022,19:45,Lyon,Paris SG,1.0,1.0,D,1.0,0.0,H,11.0,15.0,4.0,3.0,2.0,7.0,18.0,13.0,2.0,2.0,0.0,0.0,
F1,14/01/2022,20:00,Nice,Nantes,2.0,1.0,H,1.0,1.0,D,13.0,11.0,5.0,3.0,3.0,5.0,8.0,17.0,2.0,1.0,0.0,0.0,
F1,15/01/2022,16:00,St Etienne,Lens,1.0,2.0,A,1.0,0.0,H,13.0,14.0,4.0,4.0,6.0,6.0,9.0,13.0,1.0,1.0,0.0,0.0,
F1,15/01/2022,20:00,Paris SG,Brest,2.0,0.0,H,1.0,0.0,H,20.0,6.0,9.0,3.0,9.0,6.0,10.0,8.0,5.0,3.0,0.0,0.0,
F1,16/01/2022,12:00,Rennes,Bordeaux,6.0,0.0,H,2.0,0.0,H,19.0,5.0,11.0,1.0,9.0,1.0,9.0,9.0,1.0,5.0,0.0,1.0,
F1,16/01/2022,14:00,Lorient,Angers,0.0,0.0,D,0.0,0.0,D,14.0,5.0,4.0,0.0,6.0,1.0,12.0,9.0,3.0,1.0,0.0,1.0,
F1,16/01/2022,14:00,Monaco,Clermont,4.0,0.0,H,1.0,0.0,H,20.0,6.0,10.0,1.0,6.0,1.0,9.0,10.0,0.0,1.0,0.0,0.0,
F1,16/01/2022,14:00,Reims,Metz,0.0,1.0,A,0.0,0.0,D,14.0,17.0,2.0,5.0,11.0,4.0,14.0,16.0,4.0,4.0,0.0,0.0,
F1,16/01/2022,14:00,Strasbourg,Montpellier,3.0,1.0,H,0.0,1.0,A,19.0,9.0,8.0,5.0,7.0,3.0,18.0,9.0,2.0,2.0,0.0,1.0,
F1,16/01/2022,16:05,Troyes,Lyon,0.0,1.0,A,0.0,1.0,A,6.0,19.0,2.0,8.0,4.0,7.0,9.0,12.0,2.0,1.0,0.0,0.0,
F1,16/01/2022,19:45,Marseille,Lille,1.0,1.0,D,0.0,1.0,A,22.0,5.0,7.0,4.0,15.0,2.0,11.0,11.0,1.0,5.0,0.0,1.0,
F1,19/01/2022,18:00,Clermont,Strasbourg,0.0,2.0,A,0.0,1.0,A,7.0,15.0,1.0,5.0,6.0,4.0,8.0,11.0,2.0,0.0,0.0,0.0,
F1,19/01/2022,18:00,Lille,Lorient,3.0,1.0,H,3.0,0.0,H,13.0,18.0,5.0,5.0,4.0,2.0,8.0,11.0,0.0,0.0,0.0,0.0,
F1,19/01/2022,18:00,Montpellier,Troyes,0.0,1.0,A,0.0,0.0,D,11.0,13.0,2.0,5.0,5.0,4.0,12.0,10.0,5.0,1.0,1.0,0.0,
F1,21/01/2022,20:00,Lyon,St Etienne,1.0,0.0,H,1.0,0.0,H,11.0,4.0,4.0,1.0,2.0,2.0,15.0,17.0,1.0,4.0,0.0,0.0,
F1,22/01/2022,16:00,Brest,Lille,2.0,0.0,H,1.0,0.0,H,9.0,17.0,3.0,5.0,5.0,10.0,7.0,10.0,2.0,3.0,0.0,0.0,
F1,22/01/2022,20:00,Lens,Marseille,0.0,2.0,A,0.0,1.0,A,9.0,10.0,3.0,7.0,8.0,5.0,7.0,6.0,3.0,2.0,0.0,0.0,
F1,23/01/2022,12:00,Metz,Nice,0.0,2.0,A,0.0,0.0,D,8.0,7.0,1.0,6.0,3.0,4.0,14.0,6.0,3.0,1.0,0.0,0.0,
F1,23/01/2022,14:00,Angers,Troyes,2.0,1.0,H,2.0,1.0,H,10.0,11.0,3.0,6.0,3.0,3.0,16.0,21.0,1.0,3.0,0.0,0.0,
F1,23/01/2022,14:00,Bordeaux,Strasbourg,4.0,3.0,H,3.0,1.0,H,13.0,18.0,6.0,6.0,1.0,3.0,11.0,11.0,5.0,2.0,0.0,0.0,
F1,23/01/2022,14:00,Clermont,Rennes,2.0,1.0,H,0.0,1.0,A,12.0,13.0,4.0,4.0,4.0,6.0,9.0,17.0,2.0,3.0,0.0,0.0,
F1,23/01/2022,14:00,Nantes,Lorient,4.0,2.0,H,1.0,0.0,H,12.0,15.0,8.0,6.0,7.0,6.0,12.0,10.0,3.0,0.0,0.0,0.0,
F1,23/01/2022,16:05,Montpellier,Monaco,3.0,2.0,H,2.0,1.0,H,15.0,17.0,7.0,7.0,5.0,10.0,10.0,10.0,2.0,2.0,0.0,0.0,
F1,23/01/2022,19:45,Paris SG,Reims,4.0,0.0,H,1.0,0.0,H,22.0,7.0,8.0,3.0,14.0,0.0,6.0,10.0,0.0,1.0,0.0,0.0,
F1,26/01/2022,18:00,Angers,St Etienne,0.0,1.0,A,0.0,1.0,A,7.0,8.0,4.0,5.0,3.0,1.0,7.0,13.0,1.0,1.0,0.0,0.0,
F1,01/02/2022,20:00,Lyon,Marseille,2.0,1.0,H,0.0,1.0,A,12.0,9.0,4.0,1.0,4.0,6.0,8.0,8.0,0.0,0.0,0.0,0.0,
F1,04/02/2022,20:00,Marseille,Angers,5.0,2.0,H,2.0,2.0,D,18.0,4.0,8.0,2.0,6.0,2.0,13.0,13.0,0.0,3.0,0.0,0.0,
F1,05/02/2022,16:00,St Etienne,Montpellier,3.0,1.0,H,0.0,1.0,A,27.0,3.0,8.0,2.0,11.0,0.0,11.0,4.0,1.0,0.0,0.0,0.0,
F1,05/02/2022,20:00,Monaco,Lyon,2.0,0.0,H,2.0,0.0,H,10.0,19.0,6.0,5.0,3.0,4.0,17.0,14.0,1.0,2.0,0.0,0.0,
F1,06/02/2022,12:00,Lorient,Lens,2.0,0.0,H,1.0,0.0,H,8.0,8.0,3.0,0.0,1.0,4.0,14.0,11.0,0.0,3.0,0.0,0.0,
F1,06/02/2022,14:00,Nice,Clermont,0.0,1.0,A,0.0,0.0,D,7.0,14.0,3.0,5.0,5.0,3.0,10.0,9.0,1.0,1.0,0.0,0.0,
F1,06/02/2022,14:00,Reims,Bordeaux,5.0,0.0,H,1.0,0.0,H,16.0,6.0,7.0,0.0,7.0,4.0,5.0,12.0,0.0,1.0,0.0,1.0,
F1,06/02/2022,14:00,Strasbourg,Nantes,1.0,0.0,H,0.0,0.0,D,13.0,10.0,3.0,2.0,7.0,9.0,7.0,8.0,3.0,3.0,0.0,0.0,
F1,06/02/2022,14:00,Troyes,Metz,0.0,0.0,D,0.0,0.0,D,9.0,6.0,2.0,0.0,6.0,7.0,8.0,14.0,1.0,2.0,0.0,0.0,
F1,06/02/2022,16:00,Rennes,Brest,2.0,0.0,H,1.0,0.0,H,19.0,5.0,8.0,1.0,6.0,1.0,11.0,8.0,3.0,1.0,0.0,0.0,
F1,06/02/2022,19:45,Lille,Paris SG,1.0,5.0,A,1.0,3.0,A,10.0,18.0,5.0,7.0,4.0,3.0,19.0,9.0,2.0,1.0,0.0,0.0,
F1,11/02/2022,20:00,Paris SG,Rennes,1.0,0.0,H,0.0,0.0,D,12.0,13.0,1.0,1.0,5.0,3.0,13.0,10.0,2.0,1.0,0.0,0.0,
F1,12/02/2022,16:00,Montpellier,Lille,0.0,1.0,A,0.0,0.0,D,16.0,16.0,5.0,7.0,6.0,4.0,13.0,15.0,3.0,4.0,0.0,0.0,
F1,12/02/2022,20:00,Lyon,Nice,2.0,0.0,H,1.0,0.0,H,12.0,1.0,8.0,1.0,4.0,1.0,11.0,9.0,0.0,1.0,0.0,0.0,
F1,13/02/2022,12:00,Monaco,Lorient,0.0,0.0,D,0.0,0.0,D,15.0,5.0,4.0,1.0,11.0,2.0,18.0,11.0,3.0,2.0,0.0,0.0,
F1,13/02/2022,14:00,Angers,Strasbourg,0.0,1.0,A,0.0,1.0,A,9.0,8.0,2.0,2.0,5.0,3.0,20.0,11.0,3.0,1.0,0.0,0.0,
F1,13/02/2022,14:00,Brest,Troyes,5.0,1.0,H,2.0,1.0,H,12.0,5.0,5.0,2.0,1.0,5.0,13.0,11.0,1.0,1.0,0.0,0.0,
F1,13/02/2022,14:00,Clermont,St Etienne,1.0,2.0,A,1.0,0.0,H,9.0,6.0,3.0,3.0,6.0,3.0,16.0,10.0,4.0,1.0,0.0,0.0,
F1,13/02/2022,14:00,Nantes,Reims,1.0,0.0,H,1.0,0.0,H,11.0,7.0,3.0,4.0,5.0,5.0,17.0,8.0,1.0,0.0,0.0,1.0,
F1,13/02/2022,16:05,Lens,Bordeaux,3.0,2.0,H,3.0,1.0,H,9.0,10.0,7.0,4.0,6.0,2.0,9.0,7.0,3.0,2.0,0.0,0.0,
F1,13/02/2022,19:45,Metz,Marseille,1.0,2.0,A,0.0,1.0,A,11.0,13.0,4.0,5.0,3.0,8.0,11.0,6.0,2.0,2.0,0.0,0.0,
F1,18/02/2022,20:00,Lille,Metz,0.0,0.0,D,0.0,0.0,D,13.0,7.0,1.0,0.0,11.0,1.0,10.0,13.0,4.0,4.0,1.0,1.0,
F1,19/02/2022,16:00,Lens,Lyon,1.0,1.0,D,1.0,1.0,D,12.0,10.0,6.0,2.0,4.0,4.0,8.0,10.0,0.0,2.0,0.0,0.0,
F1,19/02/2022,20:00,Nantes,Paris SG,3.0,1.0,H,3.0,0.0,H,13.0,16.0,7.0,9.0,5.0,7.0,16.0,10.0,2.0,6.0,0.0,0.0,
F1,20/02/2022,12:00,Nice,Angers,1.0,0.0,H,1.0,0.0,H,9.0,11.0,5.0,2.0,4.0,5.0,11.0,17.0,2.0,2.0,0.0,0.0,
F1,20/02/2022,14:00,Lorient,Montpellier,0.0,1.0,A,0.0,0.0,D,16.0,6.0,3.0,5.0,8.0,5.0,15.0,9.0,2.0,2.0,0.0,0.0,
F1,20/02/2022,14:00,Reims,Brest,1.0,1.0,D,1.0,1.0,D,8.0,15.0,2.0,4.0,1.0,6.0,10.0,17.0,1.0,2.0,0.0,0.0,
F1,20/02/2022,14:00,Rennes,Troyes,4.0,1.0,H,2.0,1.0,H,17.0,4.0,8.0,1.0,6.0,7.0,11.0,16.0,1.0,4.0,0.0,0.0,
F1,20/02/2022,14:00,St Etienne,Strasbourg,2.0,2.0,D,2.0,2.0,D,9.0,8.0,4.0,4.0,3.0,4.0,12.0,5.0,3.0,2.0,0.0,0.0,
F1,20/02/2022,16:05,Bordeaux,Monaco,1.0,1.0,D,1.0,0.0,H,11.0,13.0,3.0,4.0,2.0,7.0,13.0,13.0,3.0,4.0,0.0,1.0,
F1,20/02/2022,19:45,Marseille,Clermont,0.0,2.0,A,0.0,1.0,A,18.0,4.0,4.0,3.0,8.0,3.0,11.0,9.0,2.0,2.0,0.0,0.0,
F1,25/02/2022,20:00,Montpellier,Rennes,2.0,4.0,A,2.0,2.0,D,12.0,11.0,5.0,9.0,7.0,1.0,11.0,11.0,3.0,2.0,0.0,0.0,
F1,26/02/2022,16:00,Strasbourg,Nice,0.0,0.0,D,0.0,0.0,D,17.0,3.0,6.0,0.0,8.0,2.0,9.0,12.0,1.0,2.0,0.0,1.0,
F1,26/02/2022,20:00,Paris SG,St Etienne,3.0,1.0,H,1.0,1.0,D,21.0,13.0,8.0,6.0,8.0,3.0,9.0,13.0,2.0,1.0,0.0,0.0,
F1,27/02/2022,12:00,Monaco,Reims,1.0,2.0,A,0.0,0.0,D,18.0,12.0,5.0,7.0,10.0,3.0,15.0,12.0,3.0,2.0,1.0,0.0,
F1,27/02/2022,14:00,Angers,Lens,1.0,2.0,A,0.0,0.0,D,13.0,8.0,4.0,2.0,7.0,3.0,13.0,16.0,4.0,3.0,1.0,0.0,
F1,27/02/2022,14:00,Brest,Lorient,0.0,1.0,A,0.0,0.0,D,4.0,17.0,0.0,8.0,4.0,6.0,12.0,15.0,2.0,4.0,1.0,0.0,
F1,27/02/2022,14:00,Clermont,Bordeaux,1.0,1.0,D,1.0,1.0,D,9.0,10.0,3.0,3.0,6.0,6.0,5.0,13.0,1.0,2.0,0.0,0.0,
F1,27/02/2022,14:00,Metz,Nantes,0.0,0.0,D,0.0,0.0,D,8.0,12.0,0.0,3.0,3.0,4.0,14.0,15.0,1.0,2.0,1.0,0.0,
F1,27/02/2022,16:05,Troyes,Marseille,1.0,1.0,D,0.0,1.0,A,9.0,8.0,3.0,3.0,4.0,8.0,15.0,8.0,5.0,3.0,0.0,0.0,
F1,27/02/2022,19:45,Lyon,Lille,0.0,1.0,A,0.0,1.0,A,20.0,6.0,8.0,2.0,7.0,3.0,13.0,15.0,3.0,2.0,0.0,0.0,
F1,04/03/2022,20:00,Lorient,Lyon,1.0,4.0,A,0.0,2.0,A,15.0,15.0,6.0,7.0,8.0,3.0,9.0,14.0,1.0,0.0,0.0,0.0,
F1,05/03/2022,16:00,Lens,Brest,0.0,1.0,A,0.0,0.0,D,20.0,5.0,6.0,3.0,4.0,0.0,14.0,11.0,1.0,1.0,0.0,0.0,
F1,05/03/2022,20:00,Nice,Paris SG,1.0,0.0,H,0.0,0.0,D,11.0,8.0,6.0,2.0,3.0,4.0,15.0,10.0,1.0,0.0,0.0,0.0,
F1,06/03/2022,12:00,St Etienne,Metz,1.0,0.0,H,0.0,0.0,D,13.0,5.0,5.0,2.0,12.0,3.0,11.0,18.0,3.0,4.0,0.0,0.0,
F1,06/03/2022,14:00,Bordeaux,Troyes,0.0,2.0,A,0.0,1.0,A,10.0,10.0,3.0,2.0,6.0,2.0,18.0,15.0,6.0,1.0,0.0,1.0,
F1,06/03/2022,14:00,Nantes,Montpellier,2.0,0.0,H,0.0,0.0,D,16.0,6.0,5.0,1.0,6.0,4.0,11.0,11.0,1.0,1.0,0.0,0.0,
F1,06/03/2022,14:00,Reims,Strasbourg,1.0,1.0,D,0.0,0.0,D,8.0,17.0,1.0,6.0,2.0,4.0,6.0,11.0,0.0,2.0,0.0,0.0,
F1,06/03/2022,14:00,Rennes,Angers,2.0,0.0,H,1.0,0.0,H,15.0,7.0,4.0,2.0,7.0,7.0,11.0,7.0,1.0,1.0,0.0,0.0,
F1,06/03/2022,16:05,Lille,Clermont,4.0,0.0,H,1.0,0.0,H,15.0,9.0,8.0,1.0,3.0,2.0,15.0,9.0,1.0,3.0,0.0,1.0,
F1,06/03/2022,19:45,Marseille,Monaco,0.0,1.0,A,0.0,0.0,D,13.0,5.0,2.0,3.0,10.0,3.0,13.0,9.0,2.0,1.0,0.0,0.0,
F1,11/03/2022,20:00,Lille,St Etienne,0.0,0.0,D,0.0,0.0,D,10.0,11.0,2.0,3.0,2.0,3.0,14.0,12.0,1.0,1.0,0.0,0.0,
F1,12/03/2022,16:00,Montpellier,Nice,0.0,0.0,D,0.0,0.0,D,24.0,8.0,7.0,0.0,13.0,1.0,10.0,8.0,3.0,2.0,0.0,1.0,
F1,12/03/2022,20:00,Troyes,Nantes,1.0,0.0,H,1.0,0.0,H,11.0,6.0,2.0,1.0,8.0,4.0,7.0,16.0,1.0,1.0,0.0,0.0,
F1,13/03/2022,12:00,Paris SG,Bordeaux,3.0,0.0,H,1.0,0.0,H,12.0,15.0,5.0,5.0,2.0,4.0,4.0,9.0,1.0,2.0,0.0,0.0,
F1,13/03/2022,14:00,Angers,Reims,0.0,1.0,A,0.0,1.0,A,20.0,10.0,7.0,3.0,4.0,2.0,19.0,8.0,6.0,3.0,1.0,1.0,
F1,13/03/2022,14:00,Clermont,Lorient,0.0,2.0,A,0.0,0.0,D,10.0,9.0,1.0,6.0,2.0,2.0,14.0,14.0,1.0,2.0,0.0,0.0,
F1,13/03/2022,14:00,Metz,Lens,0.0,0.0,D,0.0,0.0,D,6.0,11.0,3.0,0.0,5.0,4.0,11.0,14.0,5.0,2.0,0.0,0.0,
F1,13/03/2022,14:00,Strasbourg,Monaco,1.0,0.0,H,1.0,0.0,H,11.0,5.0,3.0,0.0,6.0,7.0,10.0,13.0,1.0,2.0,0.0,0.0,
F1,13/03/2022,16:05,Lyon,Rennes,2.0,4.0,A,0.0,3.0,A,11.0,10.0,2.0,7.0,8.0,2.0,8.0,12.0,2.0,3.0,0.0,0.0,
F1,13/03/2022,19:45,Brest,Marseille,1.0,4.0,A,0.0,1.0,A,8.0,13.0,2.0,7.0,1.0,3.0,11.0,14.0,1.0,4.0,0.0,0.0,
F1,18/03/2022,20:00,St Etienne,Troyes,1.0,1.0,D,0.0,1.0,A,10.0,8.0,3.0,4.0,1.0,4.0,13.0,9.0,2.0,2.0,0.0,0.0,
F1,19/03/2022,16:00,Lens,Clermont,3.0,1.0,H,2.0,1.0,H,20.0,10.0,7.0,3.0,7.0,2.0,15.0,12.0,1.0,1.0,0.0,0.0,
F1,19/03/2022,20:00,Nantes,Lille,0.0,1.0,A,0.0,1.0,A,11.0,12.0,3.0,4.0,7.0,7.0,19.0,15.0,3.0,4.0,0.0,1.0,
F1,20/03/2022,12:00,Monaco,Paris SG,3.0,0.0,H,1.0,0.0,H,13.0,13.0,8.0,6.0,6.0,7.0,17.0,10.0,3.0,3.0,0.0,0.0,
F1,20/03/2022,14:00,Angers,Brest,1.0,0.0,H,1.0,0.0,H,9.0,16.0,3.0,2.0,6.0,11.0,11.0,9.0,2.0,1.0,0.0,0.0,
F1,20/03/2022,14:00,Bordeaux,Montpellier,0.0,2.0,A,0.0,2.0,A,32.0,7.0,10.0,2.0,11.0,4.0,18.0,7.0,3.0,0.0,0.0,2.0,
F1,20/03/2022,14:00,Lorient,Strasbourg,0.0,0.0,D,0.0,0.0,D,9.0,13.0,2.0,4.0,6.0,5.0,11.0,18.0,2.0,2.0,0.0,0.0,
F1,20/03/2022,14:00,Rennes,Metz,6.0,1.0,H,3.0,0.0,H,21.0,2.0,8.0,1.0,10.0,1.0,13.0,11.0,1.0,2.0,0.0,0.0,
F1,20/03/2022,16:05,Reims,Lyon,0.0,0.0,D,0.0,0.0,D,5.0,10.0,2.0,2.0,7.0,3.0,12.0,13.0,0.0,3.0,0.0,0.0,
F1,20/03/2022,19:45,Marseille,Nice,2.0,1.0,H,1.0,0.0,H,13.0,9.0,6.0,3.0,3.0,2.0,12.0,11.0,2.0,2.0,0.0,0.0,
F1,02/04/2022,16:00,Nice,Rennes,1.0,1.0,D,0.0,0.0,D,10.0,13.0,3.0,4.0,7.0,11.0,12.0,12.0,2.0,1.0,0.0,0.0,
F1,02/04/2022,18:00,Lille,Bordeaux,0.0,0.0,D,0.0,0.0,D,22.0,2.0,6.0,0.0,7.0,2.0,13.0,15.0,2.0,4.0,0.0,1.0,
F1,03/04/2022,12:00,Strasbourg,Lens,1.0,0.0,H,0.0,0.0,D,13.0,13.0,3.0,2.0,2.0,6.0,8.0,10.0,3.0,1.0,0.0,0.0,
F1,03/04/2022,14:00,Clermont,Nantes,2.0,3.0,A,0.0,1.0,A,12.0,9.0,4.0,4.0,5.0,6.0,10.0,10.0,5.0,1.0,1.0,0.0,
F1,03/04/2022,14:00,Metz,Monaco,1.0,2.0,A,0.0,0.0,D,17.0,14.0,4.0,4.0,3.0,6.0,6.0,9.0,0.0,0.0,0.0,0.0,
F1,03/04/2022,14:00,Montpellier,Brest,1.0,2.0,A,0.0,0.0,D,9.0,12.0,3.0,6.0,7.0,5.0,16.0,14.0,2.0,4.0,0.0,0.0,
F1,03/04/2022,14:00,St Etienne,Marseille,2.0,4.0,A,1.0,1.0,D,5.0,15.0,2.0,9.0,2.0,9.0,14.0,12.0,2.0,1.0,0.0,0.0,
F1,03/04/2022,14:00,Troyes,Reims,1.0,0.0,H,0.0,0.0,D,19.0,10.0,5.0,4.0,6.0,3.0,15.0,11.0,1.0,4.0,0.0,1.0,
F1,03/04/2022,16:05,Lyon,Angers,3.0,2.0,H,1.0,0.0,H,15.0,7.0,5.0,4.0,9.0,2.0,4.0,13.0,1.0,1.0,0.0,0.0,
F1,03/04/2022,19:45,Paris SG,Lorient,5.0,1.0,H,2.0,0.0,H,15.0,11.0,7.0,4.0,3.0,1.0,7.0,14.0,2.0,1.0,0.0,0.0,
F1,08/04/2022,20:00,Lorient,St Etienne,6.0,2.0,H,2.0,2.0,D,18.0,13.0,12.0,4.0,2.0,3.0,18.0,18.0,2.0,5.0,0.0,1.0,
F1,09/04/2022,16:00,Reims,Rennes,2.0,3.0,A,0.0,2.0,A,15.0,14.0,7.0,8.0,2.0,6.0,15.0,7.0,2.0,0.0,0.0,0.0,
F1,09/04/2022,20:00,Clermont,Paris SG,1.0,6.0,A,1.0,2.0,A,10.0,17.0,4.0,10.0,2.0,5.0,8.0,7.0,1.0,1.0,0.0,0.0,
F1,10/04/2022,12:00,Bordeaux,Metz,3.0,1.0,H,0.0,1.0,A,12.0,9.0,7.0,2.0,5.0,6.0,15.0,15.0,3.0,2.0,0.0,0.0,
F1,10/04/2022,14:00,Angers,Lille,1.0,1.0,D,0.0,0.0,D,13.0,17.0,3.0,3.0,6.0,7.0,10.0,12.0,3.0,2.0,0.0,0.0,
F1,10/04/2022,14:00,Brest,Nantes,1.0,1.0,D,0.0,1.0,A,12.0,12.0,6.0,5.0,4.0,5.0,10.0,13.0,1.0,3.0,0.0,0.0,
F1,10/04/2022,14:00,Monaco,Troyes,2.0,1.0,H,1.0,1.0,D,11.0,8.0,3.0,1.0,10.0,1.0,12.0,9.0,2.0,2.0,0.0,0.0,
F1,10/04/2022,16:05,Lens,Nice,3.0,0.0,H,0.0,0.0,D,6.0,16.0,3.0,6.0,1.0,7.0,8.0,15.0,2.0,4.0,1.0,2.0,
F1,10/04/2022,18:00,Strasbourg,Lyon,1.0,1.0,D,1.0,0.0,H,15.0,13.0,4.0,3.0,5.0,3.0,19.0,14.0,3.0,1.0,0.0,0.0,
F1,10/04/2022,20:00,Marseille,Montpellier,2.0,0.0,H,2.0,0.0,H,11.0,6.0,5.0,2.0,0.0,8.0,12.0,13.0,0.0,2.0,0.0,1.0,
F1,15/04/2022,20:00,Rennes,Monaco,2.0,3.0,A,1.0,1.0,D,13.0,12.0,4.0,4.0,6.0,0.0,7.0,15.0,1.0,3.0,0.0,0.0,
F1,16/04/2022,16:00,St Etienne,Brest,2.0,1.0,H,2.0,1.0,H,11.0,7.0,4.0,3.0,7.0,3.0,10.0,10.0,0.0,2.0,0.0,0.0,
F1,16/04/2022,20:00,Lille,Lens,1.0,2.0,A,1.0,2.0,A,17.0,11.0,5.0,7.0,13.0,7.0,12.0,9.0,3.0,2.0,0.0,0.0,
F1,17/04/2022,12:00,Nice,Lorient,2.0,1.0,H,0.0,0.0,D,15.0,6.0,2.0,1.0,5.0,1.0,10.0,12.0,2.0,1.0,0.0,0.0,
F1,17/04/2022,14:00,Metz,Clermont,1.0,1.0,D,1.0,1.0,D,4.0,26.0,2.0,4.0,0.0,9.0,15.0,11.0,1.0,1.0,1.0,0.0,
F1,17/04/2022,14:00,Montpellier,Reims,0.0,0.0,D,0.0,0.0,D,14.0,15.0,3.0,9.0,9.0,6.0,9.0,12.0,0.0,3.0,0.0,0.0,
F1,17/04/2022,14:00,Nantes,Angers,1.0,1.0,D,0.0,1.0,A,24.0,10.0,7.0,3.0,14.0,5.0,12.0,10.0,4.0,1.0,0.0,0.0,
F1,17/04/2022,14:00,Troyes,Strasbourg,1.0,1.0,D,0.0,0.0,D,11.0,12.0,3.0,4.0,5.0,9.0,12.0,19.0,1.0,2.0,0.0,0.0,
F1,17/04/2022,16:05,Lyon,Bordeaux,6.0,1.0,H,3.0,0.0,H,15.0,17.0,9.0,5.0,3.0,5.0,8.0,13.0,0.0,0.0,0.0,0.0,
F1,17/04/2022,19:45,Paris SG,Marseille,2.0,1.0,H,2.0,1.0,H,7.0,3.0,3.0,1.0,3.0,4.0,16.0,12.0,6.0,1.0,0.0,0.0,
F1,20/04/2022,18:00,Bordeaux,St Etienne,2.0,2.0,D,2.0,1.0,H,11.0,9.0,7.0,2.0,5.0,4.0,17.0,18.0,5.0,6.0,0.0,0.0,
F1,20/04/2022,18:00,Lorient,Metz,1.0,0.0,H,0.0,0.0,D,15.0,20.0,5.0,5.0,10.0,12.0,13.0,17.0,2.0,2.0,0.0,0.0,
F1,20/04/2022,18:00,Monaco,Nice,1.0,0.0,H,1.0,0.0,H,17.0,15.0,7.0,2.0,7.0,10.0,19.0,11.0,5.0,2.0,0.0,0.0,
F1,20/04/2022,18:00,Reims,Lille,2.0,1.0,H,1.0,0.0,H,10.0,20.0,4.0,5.0,5.0,2.0,13.0,8.0,1.0,1.0,0.0,0.0,
F1,20/04/2022,18:00,Troyes,Clermont,0.0,1.0,A,0.0,0.0,D,16.0,3.0,3.0,1.0,5.0,2.0,11.0,15.0,3.0,6.0,1.0,1.0,
F1,20/04/2022,20:00,Angers,Paris SG,0.0,3.0,A,0.0,2.0,A,8.0,15.0,1.0,8.0,3.0,7.0,5.0,10.0,1.0,2.0,0.0,1.0,
F1,20/04/2022,20:00,Brest,Lyon,2.0,1.0,H,1.0,0.0,H,9.0,18.0,3.0,5.0,2.0,2.0,15.0,12.0,2.0,2.0,0.0,0.0,
F1,20/04/2022,20:00,Lens,Montpellier,2.0,0.0,H,1.0,0.0,H,12.0,9.0,5.0,4.0,5.0,3.0,11.0,10.0,1.0,0.0,0.0,0.0,
F1,20/04/2022,20:00,Marseille,Nantes,3.0,2.0,H,1.0,2.0,A,19.0,4.0,5.0,3.0,7.0,3.0,10.0,15.0,2.0,5.0,0.0,1.0,
F1,20/04/2022,20:00,Strasbourg,Rennes,2.0,1.0,H,1.0,0.0,H,13.0,10.0,5.0,3.0,2.0,7.0,16.0,11.0,1.0,2.0,0.0,0.0,
F1,23/04/2022,16:00,Lyon,Montpellier,5.0,2.0,H,2.0,2.0,D,27.0,11.0,13.0,7.0,8.0,2.0,13.0,10.0,2.0,2.0,0.0,0.0,
F1,23/04/2022,18:00,St Etienne,Monaco,1.0,4.0,A,1.0,2.0,A,8.0,12.0,4.0,6.0,1.0,1.0,11.0,19.0,2.0,3.0,0.0,0.0,
F1,23/04/2022,20:00,Paris SG,Lens,1.0,1.0,D,0.0,0.0,D,18.0,8.0,7.0,3.0,4.0,3.0,17.0,12.0,4.0,2.0,0.0,1.0,
F1,24/04/2022,12:00,Rennes,Lorient,5.0,0.0,H,2.0,0.0,H,10.0,12.0,7.0,2.0,2.0,4.0,10.0,10.0,1.0,0.0,1.0,0.0,
F1,24/04/2022,14:00,Clermont,Angers,2.0,2.0,D,0.0,2.0,A,12.0,9.0,6.0,5.0,4.0,4.0,10.0,21.0,0.0,6.0,0.0,1.0,
F1,24/04/2022,14:00,Metz,Brest,0.0,1.0,A,0.0,1.0,A,10.0,16.0,0.0,3.0,4.0,7.0,16.0,17.0,4.0,0.0,2.0,0.0,
F1,24/04/2022,14:00,Nantes,Bordeaux,5.0,3.0,H,0.0,2.0,A,15.0,20.0,6.0,7.0,6.0,4.0,12.0,15.0,1.0,1.0,0.0,0.0,
F1,24/04/2022,14:00,Nice,Troyes,1.0,0.0,H,0.0,0.0,D,18.0,9.0,3.0,3.0,7.0,3.0,18.0,11.0,0.0,1.0,0.0,0.0,
F1,24/04/2022,16:05,Lille,Strasbourg,1.0,0.0,H,0.0,0.0,D,11.0,11.0,3.0,3.0,4.0,6.0,18.0,18.0,2.0,3.0,0.0,0.0,
F1,24/04/2022,19:45,Reims,Marseille,0.0,1.0,A,0.0,0.0,D,10.0,14.0,3.0,3.0,3.0,4.0,14.0,7.0,1.0,1.0,0.0,0.0,
F1,29/04/2022,20:00,Strasbourg,Paris SG,3.0,3.0,D,1.0,1.0,D,14.0,14.0,2.0,6.0,2.0,5.0,15.0,6.0,3.0,3.0,0.0,0.0,
F1,30/04/2022,16:00,Lens,Nantes,2.0,2.0,D,0.0,2.0,A,20.0,13.0,5.0,5.0,6.0,5.0,7.0,11.0,0.0,5.0,1.0,0.0,
F1,30/04/2022,20:00,Rennes,St Etienne,2.0,0.0,H,1.0,0.0,H,13.0,8.0,3.0,3.0,4.0,3.0,11.0,15.0,1.0,4.0,0.0,0.0,
F1,01/05/2022,12:00,Troyes,Lille,3.0,0.0,H,1.0,0.0,H,9.0,10.0,5.0,1.0,1.0,4.0,9.0,13.0,0.0,4.0,0.0,2.0,
F1,01/05/2022,14:00,Brest,Clermont,2.0,0.0,H,0.0,0.0,D,8.0,16.0,4.0,7.0,5.0,13.0,7.0,16.0,2.0,2.0,1.0,0.0,
F1,01/05/2022,14:00,Lorient,Reims,1.0,2.0,A,1.0,1.0,D,20.0,12.0,8.0,2.0,7.0,3.0,15.0,13.0,2.0,1.0,0.0,0.0,
F1,01/05/2022,14:00,Monaco,Angers,2.0,0.0,H,1.0,0.0,H,15.0,11.0,7.0,5.0,8.0,5.0,14.0,12.0,2.0,2.0,0.0,0.0,
F1,01/05/2022,14:00,Montpellier,Metz,2.0,2.0,D,0.0,1.0,A,18.0,17.0,6.0,5.0,8.0,1.0,9.0,15.0,2.0,3.0,0.0,0.0,
F1,01/05/2022,16:05,Bordeaux,Nice,0.0,1.0,A,0.0,0.0,D,5.0,14.0,1.0,3.0,2.0,5.0,10.0,12.0,1.0,2.0,0.0,0.0,
F1,01/05/2022,19:45,Marseille,Lyon,0.0,3.0,A,0.0,0.0,D,9.0,12.0,2.0,5.0,3.0,6.0,5.0,13.0,2.0,1.0,0.0,0.0,
F1,06/05/2022,20:00,Lille,Monaco,1.0,2.0,A,0.0,1.0,A,15.0,9.0,5.0,3.0,3.0,5.0,10.0,8.0,4.0,1.0,0.0,0.0,
F1,07/05/2022,16:00,Brest,Strasbourg,0.0,1.0,A,0.0,0.0,D,7.0,14.0,2.0,5.0,5.0,5.0,5.0,15.0,1.0,2.0,0.0,0.0,
F1,08/05/2022,12:00,Metz,Lyon,3.0,2.0,H,2.0,1.0,H,15.0,17.0,8.0,5.0,3.0,7.0,19.0,8.0,3.0,2.0,0.0,1.0,
F1,08/05/2022,14:00,Angers,Bordeaux,4.0,1.0,H,2.0,0.0,H,13.0,7.0,8.0,3.0,6.0,3.0,14.0,18.0,1.0,5.0,0.0,0.0,
F1,08/05/2022,14:00,Clermont,Montpellier,2.0,1.0,H,1.0,1.0,D,12.0,10.0,4.0,2.0,5.0,3.0,10.0,15.0,2.0,4.0,0.0,0.0,
F1,08/05/2022,14:00,Reims,Lens,1.0,2.0,A,1.0,0.0,H,7.0,21.0,2.0,5.0,3.0,10.0,12.0,9.0,1.0,2.0,0.0,0.0,
F1,08/05/2022,16:05,Lorient,Marseille,0.0,3.0,A,0.0,1.0,A,7.0,9.0,0.0,6.0,4.0,8.0,22.0,10.0,1.0,1.0,0.0,0.0,
F1,08/05/2022,19:45,Paris SG,Troyes,2.0,2.0,D,2.0,1.0,H,17.0,9.0,7.0,3.0,7.0,4.0,10.0,19.0,1.0,2.0,0.0,0.0,
F1,11/05/2022,18:00,Nice,St Etienne,4.0,2.0,H,0.0,2.0,A,14.0,12.0,7.0,6.0,2.0,2.0,10.0,13.0,2.0,3.0,0.0,0.0,
F1,11/05/2022,20:00,Nantes,Rennes,2.0,1.0,H,1.0,1.0,D,9.0,17.0,3.0,5.0,5.0,5.0,13.0,9.0,2.0,1.0,0.0,0.0,
F1,14/05/2022,20:00,Bordeaux,Lorient,0.0,0.0,D,0.0,0.0,D,14.0,13.0,1.0,2.0,3.0,1.0,10.0,11.0,4.0,4.0,1.0,0.0,
F1,14/05/2022,20:00,Lyon,Nantes,3.0,2.0,H,1.0,0.0,H,17.0,17.0,6.0,6.0,5.0,6.0,12.0,10.0,1.0,0.0,0.0,0.0,
F1,14/05/2022,20:00,Metz,Angers,1.0,0.0,H,0.0,0.0,D,7.0,11.0,2.0,4.0,1.0,4.0,18.0,17.0,3.0,1.0,0.0,0.0,
F1,14/05/2022,20:00,Monaco,Brest,4.0,2.0,H,1.0,2.0,A,25.0,10.0,9.0,5.0,10.0,5.0,10.0,12.0,2.0,1.0,0.0,0.0,
F1,14/05/2022,20:00,Montpellier,Paris SG,0.0,4.0,A,0.0,3.0,A,10.0,15.0,3.0,9.0,0.0,2.0,9.0,7.0,2.0,4.0,0.0,0.0,
F1,14/05/2022,20:00,Nice,Lille,1.0,3.0,A,1.0,0.0,H,16.0,9.0,6.0,5.0,10.0,3.0,11.0,9.0,2.0,3.0,0.0,0.0,
F1,14/05/2022,20:00,Rennes,Marseille,2.0,0.0,H,2.0,0.0,H,12.0,8.0,4.0,0.0,6.0,1.0,14.0,8.0,1.0,2.0,0.0,0.0,
F1,14/05/2022,20:00,St Etienne,Reims,1.0,2.0,A,1.0,1.0,D,16.0,17.0,7.0,7.0,3.0,2.0,8.0,9.0,1.0,0.0,0.0,0.0,
F1,14/05/2022,20:00,Strasbourg,Clermont,1.0,0.0,H,1.0,0.0,H,11.0,11.0,6.0,3.0,3.0,2.0,13.0,9.0,1.0,2.0,0.0,0.0,
F1,14/05/2022,20:00,Troyes,Lens,1.0,3.0,A,1.0,2.0,A,6.0,15.0,2.0,9.0,5.0,7.0,9.0,9.0,1.0,2.0,0.0,0.0,
F1,21/05/2022,20:00,Angers,Montpellier,2.0,0.0,H,1.0,0.0,H,19.0,14.0,3.0,1.0,4.0,3.0,17.0,12.0,1.0,4.0,0.0,0.0,
F1,21/05/2022,20:00,Brest,Bordeaux,2.0,4.0,A,2.0,2.0,D,11.0,15.0,7.0,7.0,10.0,1.0,10.0,12.0,1.0,0.0,0.0,0.0,
F1,21/05/2022,20:00,Clermont,Lyon,1.0,2.0,A,0.0,1.0,A,18.0,21.0,3.0,5.0,10.0,4.0,10.0,15.0,2.0,2.0,0.0,0.0,
F1,21/05/2022,20:00,Lens,Monaco,2.0,2.0,D,1.0,1.0,D,28.0,12.0,10.0,5.0,10.0,8.0,5.0,7.0,2.0,3.0,0.0,0.0,
F1,21/05/2022,20:00,Lille,Rennes,2.0,2.0,D,1.0,1.0,D,13.0,13.0,4.0,3.0,7.0,4.0,12.0,0.0,2.0,2.0,0.0,0.0,
F1,21/05/2022,20:00,Lorient,Troyes,1.0,1.0,D,0.0,1.0,A,17.0,8.0,6.0,3.0,6.0,4.0,18.0,10.0,2.0,2.0,0.0,1.0,
F1,21/05/2022,20:00,Marseille,Strasbourg,4.0,0.0,H,1.0,0.0,H,17.0,10.0,11.0,4.0,7.0,3.0,11.0,16.0,2.0,1.0,0.0,0.0,
F1,21/05/2022,20:00,Nantes,St Etienne,1.0,1.0,D,1.0,0.0,H,12.0,13.0,5.0,3.0,5.0,5.0,8.0,9.0,2.0,0.0,0.0,0.0,
F1,21/05/2022,20:00,Paris SG,Metz,5.0,0.0,H,3.0,0.0,H,27.0,4.0,12.0,1.0,4.0,2.0,7.0,12.0,1.0,2.0,0.0,1.0,
F1,21/05/2022,20:00,Reims,Nice,2.0,3.0,A,2.0,0.0,H,5.0,17.0,4.0,6.0,2.0,7.0,8.0,14.0,0.0,2.0,0.0,0.0,
F1,05/08/2022,20:00,Lyon,Ajaccio,2.0,1.0,H,2.0,1.0,H,11.0,8.0,6.0,4.0,4.0,3.0,10.0,18.0,1.0,6.0,1.0,1.0,
F1,06/08/2022,16:00,Strasbourg,Monaco,1.0,2.0,A,0.0,1.0,A,11.0,24.0,7.0,11.0,3.0,7.0,18.0,15.0,0.0,2.0,0.0,0.0,
F1,06/08/2022,20:00,Clermont,Paris SG,0.0,5.0,A,0.0,3.0,A,7.0,18.0,1.0,12.0,0.0,6.0,13.0,13.0,2.0,1.0,0.0,0.0,
F1,07/08/2022,12:00,Toulouse,Nice,1.0,1.0,D,1.0,0.0,H,6.0,11.0,4.0,4.0,6.0,3.0,10.0,8.0,1.0,2.0,0.0,0.0,
F1,07/08/2022,14:00,Angers,Nantes,0.0,0.0,D,0.0,0.0,D,16.0,14.0,6.0,4.0,3.0,6.0,15.0,13.0,3.0,3.0,0.0,0.0,
F1,07/08/2022,14:00,Lens,Brest,3.0,2.0,H,1.0,0.0,H,17.0,6.0,7.0,4.0,6.0,3.0,16.0,14.0,2.0,4.0,0.0,0.0,
F1,07/08/2022,14:00,Lille,Auxerre,4.0,1.0,H,3.0,0.0,H,16.0,10.0,7.0,2.0,7.0,2.0,10.0,9.0,2.0,1.0,0.0,0.0,
F1,07/08/2022,14:00,Montpellier,Troyes,3.0,2.0,H,2.0,2.0,D,17.0,15.0,6.0,10.0,3.0,6.0,13.0,10.0,1.0,0.0,0.0,0.0,
F1,07/08/2022,16:05,Rennes,Lorient,0.0,1.0,A,0.0,0.0,D,21.0,8.0,6.0,2.0,7.0,2.0,11.0,5.0,3.0,1.0,0.0,0.0,
F1,07/08/2022,19:45,Marseille,Reims,4.0,1.0,H,2.0,0.0,H,16.0,16.0,6.0,6.0,6.0,7.0,14.0,10.0,2.0,0.0,0.0,0.0,
F1,12/08/2022,20:00,Nantes,Lille,1.0,1.0,D,1.0,0.0,H,10.0,16.0,1.0,5.0,5.0,11.0,14.0,10.0,1.0,4.0,0.0,0.0,
F1,13/08/2022,16:00,Monaco,Rennes,1.0,1.0,D,0.0,0.0,D,12.0,24.0,4.0,8.0,1.0,6.0,6.0,11.0,0.0,3.0,1.0,0.0,
F1,13/08/2022,20:00,Paris SG,Montpellier,5.0,2.0,H,2.0,0.0,H,20.0,7.0,10.0,4.0,11.0,0.0,15.0,18.0,2.0,1.0,0.0,0.0,
F1,14/08/2022,14:00,Ajaccio,Lens,0.0,0.0,D,0.0,0.0,D,9.0,12.0,2.0,3.0,1.0,3.0,16.0,18.0,5.0,2.0,0.0,0.0,
F1,14/08/2022,14:00,Auxerre,Angers,2.0,2.0,D,2.0,1.0,H,11.0,11.0,4.0,2.0,4.0,5.0,10.0,16.0,5.0,3.0,1.0,0.0,
F1,14/08/2022,14:00,Reims,Clermont,2.0,4.0,A,2.0,0.0,H,9.0,10.0,6.0,5.0,1.0,6.0,18.0,8.0,3.0,3.0,1.0,0.0,
F1,14/08/2022,14:00,Troyes,Toulouse,0.0,3.0,A,0.0,1.0,A,12.0,10.0,2.0,4.0,6.0,6.0,14.0,19.0,2.0,1.0,0.0,0.0,
F1,14/08/2022,16:05,Nice,Strasbourg,1.0,1.0,D,1.0,0.0,H,13.0,9.0,3.0,5.0,7.0,3.0,7.0,13.0,1.0,4.0,0.0,0.0,
F1,14/08/2022,19:45,Brest,Marseille,1.0,1.0,D,0.0,1.0,A,17.0,5.0,5.0,2.0,7.0,5.0,10.0,15.0,1.0,4.0,0.0,0.0,
F1,19/08/2022,20:00,Lyon,Troyes,4.0,1.0,H,1.0,1.0,D,16.0,4.0,8.0,1.0,4.0,5.0,9.0,7.0,0.0,1.0,0.0,0.0,
F1,20/08/2022,16:00,Monaco,Lens,1.0,4.0,A,1.0,2.0,A,12.0,14.0,5.0,6.0,3.0,5.0,18.0,13.0,4.0,0.0,1.0,0.0,
F1,20/08/2022,20:00,Marseille,Nantes,2.0,1.0,H,0.0,0.0,D,16.0,12.0,5.0,3.0,7.0,4.0,15.0,6.0,5.0,1.0,1.0,0.0,
F1,21/08/2022,12:00,Strasbourg,Reims,1.0,1.0,D,1.0,0.0,H,12.0,12.0,3.0,6.0,5.0,4.0,12.0,16.0,1.0,4.0,0.0,0.0,
F1,21/08/2022,14:00,Angers,Brest,1.0,3.0,A,0.0,2.0,A,7.0,11.0,5.0,7.0,3.0,6.0,9.0,10.0,2.0,0.0,1.0,0.0,
F1,21/08/2022,14:00,Clermont,Nice,1.0,0.0,H,1.0,0.0,H,7.0,13.0,2.0,4.0,3.0,6.0,4.0,21.0,1.0,2.0,0.0,2.0,
F1,21/08/2022,14:00,Montpellier,Auxerre,1.0,2.0,A,1.0,0.0,H,13.0,7.0,7.0,2.0,7.0,2.0,10.0,13.0,1.0,3.0,2.0,2.0,
F1,21/08/2022,14:00,Toulouse,Lorient,2.0,2.0,D,1.0,1.0,D,16.0,14.0,8.0,4.0,3.0,6.0,14.0,10.0,2.0,1.0,0.0,0.0,
F1,21/08/2022,16:05,Rennes,Ajaccio,2.0,1.0,H,1.0,0.0,H,16.0,10.0,7.0,3.0,4.0,8.0,13.0,11.0,5.0,2.0,2.0,0.0,
F1,21/08/2022,19:45,Lille,Paris SG,1.0,7.0,A,0.0,4.0,A,16.0,16.0,10.0,9.0,2.0,4.0,13.0,8.0,2.0,1.0,0.0,0.0,
F1,26/08/2022,20:00,Ajaccio,Lille,1.0,3.0,A,0.0,2.0,A,13.0,7.0,2.0,4.0,6.0,0.0,13.0,13.0,3.0,2.0,0.0,0.0,
F1,27/08/2022,16:00,Auxerre,Strasbourg,1.0,0.0,H,1.0,0.0,H,7.0,14.0,3.0,4.0,2.0,5.0,4.0,6.0,0.0,1.0,0.0,0.0,
F1,27/08/2022,20:00,Lens,Rennes,2.0,1.0,H,0.0,0.0,D,17.0,12.0,4.0,6.0,7.0,2.0,15.0,13.0,0.0,1.0,0.0,0.0,
F1,28/08/2022,12:00,Nantes,Toulouse,3.0,1.0,H,0.0,1.0,A,16.0,9.0,8.0,3.0,4.0,5.0,11.0,9.0,0.0,3.0,0.0,0.0,
F1,28/08/2022,14:00,Brest,Montpellier,0.0,7.0,A,0.0,5.0,A,6.0,14.0,0.0,8.0,5.0,4.0,15.0,16.0,0.0,2.0,1.0,0.0,
F1,28/08/2022,14:00,Lorient,Clermont,2.0,1.0,H,2.0,0.0,H,22.0,9.0,9.0,2.0,3.0,4.0,12.0,9.0,1.0,3.0,0.0,1.0,
F1,28/08/2022,14:00,Nice,Marseille,0.0,3.0,A,0.0,3.0,A,16.0,13.0,2.0,4.0,7.0,5.0,7.0,15.0,1.0,1.0,0.0,0.0,
F1,28/08/2022,14:00,Troyes,Angers,3.0,1.0,H,1.0,0.0,H,25.0,7.0,11.0,3.0,8.0,3.0,8.0,12.0,2.0,3.0,0.0,1.0,
F1,28/08/2022,16:05,Reims,Lyon,1.0,1.0,D,1.0,0.0,H,8.0,18.0,5.0,5.0,2.0,7.0,12.0,12.0,1.0,1.0,1.0,0.0,
F1,28/08/2022,19:45,Paris SG,Monaco,1.0,1.0,D,0.0,1.0,A,18.0,4.0,5.0,3.0,4.0,3.0,12.0,15.0,4.0,4.0,0.0,0.0,
F1,31/08/2022,18:00,Angers,Reims,2.0,4.0,A,0.0,2.0,A,10.0,11.0,3.0,5.0,4.0,3.0,9.0,15.0,1.0,6.0,0.0,1.0,
F1,31/08/2022,18:00,Lyon,Auxerre,2.0,1.0,H,1.0,0.0,H,20.0,6.0,8.0,2.0,9.0,3.0,13.0,13.0,0.0,2.0,0.0,0.0,
F1,31/08/2022,18:00,Monaco,Troyes,2.0,4.0,A,1.0,2.0,A,8.0,19.0,6.0,11.0,8.0,6.0,13.0,11.0,3.0,1.0,1.0,0.0,
F1,31/08/2022,18:00,Montpellier,Ajaccio,2.0,0.0,H,1.0,0.0,H,9.0,15.0,4.0,0.0,3.0,8.0,9.0,17.0,2.0,4.0,1.0,1.0,
F1,31/08/2022,18:00,Strasbourg,Nantes,1.0,1.0,D,1.0,0.0,H,5.0,12.0,2.0,3.0,3.0,6.0,13.0,18.0,0.0,3.0,0.0,0.0,
F1,31/08/2022,20:00,Lens,Lorient,5.0,2.0,H,2.0,1.0,H,15.0,10.0,8.0,3.0,4.0,5.0,10.0,6.0,1.0,3.0,0.0,0.0,
F1,31/08/2022,20:00,Lille,Nice,1.0,2.0,A,1.0,2.0,A,18.0,3.0,6.0,2.0,6.0,3.0,15.0,21.0,1.0,4.0,0.0,0.0,
F1,31/08/2022,20:00,Marseille,Clermont,1.0,0.0,H,0.0,0.0,D,21.0,3.0,7.0,0.0,7.0,1.0,16.0,12.0,2.0,2.0,0.0,0.0,
F1,31/08/2022,20:00,Rennes,Brest,3.0,1.0,H,0.0,0.0,D,16.0,7.0,9.0,2.0,7.0,3.0,11.0,6.0,2.0,0.0,0.0,0.0,
F1,31/08/2022,20:00,Toulouse,Paris SG,0.0,3.0,A,0.0,1.0,A,14.0,20.0,7.0,13.0,3.0,9.0,10.0,7.0,1.0,0.0,0.0,0.0,
F1,03/09/2022,16:00,Auxerre,Marseille,0.0,2.0,A,0.0,1.0,A,8.0,15.0,2.0,7.0,4.0,1.0,8.0,14.0,1.0,1.0,0.0,0.0,
F1,03/09/2022,18:00,Lyon,Angers,5.0,0.0,H,2.0,0.0,H,16.0,8.0,9.0,3.0,13.0,3.0,5.0,9.0,2.0,1.0,0.0,0.0,
F1,03/09/2022,20:00,Nantes,Paris SG,0.0,3.0,A,0.0,1.0,A,10.0,19.0,1.0,7.0,1.0,7.0,6.0,12.0,1.0,4.0,1.0,0.0,
F1,04/09/2022,12:00,Montpellier,Lille,1.0,3.0,A,1.0,1.0,D,4.0,26.0,2.0,7.0,1.0,9.0,8.0,11.0,0.0,4.0,1.0,0.0,
F1,04/09/2022,14:00,Ajaccio,Lorient,0.0,1.0,A,0.0,0.0,D,16.0,7.0,3.0,4.0,3.0,3.0,16.0,12.0,4.0,1.0,0.0,0.0,
F1,04/09/2022,14:00,Brest,Strasbourg,1.0,1.0,D,1.0,1.0,D,11.0,10.0,2.0,3.0,7.0,3.0,15.0,9.0,3.0,1.0,0.0,1.0,
F1,04/09/2022,14:00,Clermont,Toulouse,2.0,0.0,H,0.0,0.0,D,12.0,14.0,3.0,4.0,4.0,6.0,14.0,12.0,4.0,1.0,0.0,0.0,
F1,04/09/2022,14:00,Reims,Lens,1.0,1.0,D,0.0,0.0,D,17.0,20.0,4.0,4.0,4.0,4.0,9.0,11.0,2.0,2.0,0.0,1.0,
F1,04/09/2022,16:05,Troyes,Rennes,1.0,1.0,D,1.0,0.0,H,9.0,19.0,1.0,6.0,3.0,5.0,13.0,22.0,2.0,2.0,1.0,0.0,
F1,04/09/2022,19:45,Nice,Monaco,0.0,1.0,A,0.0,0.0,D,12.0,14.0,5.0,2.0,3.0,6.0,10.0,12.0,2.0,1.0,0.0,0.0,
F1,07/09/2022,18:00,Lorient,Lyon,3.0,1.0,H,2.0,1.0,H,11.0,15.0,6.0,7.0,1.0,6.0,8.0,18.0,1.0,3.0,0.0,0.0,
F1,09/09/2022,20:00,Lens,Troyes,1.0,0.0,H,1.0,0.0,H,12.0,7.0,3.0,2.0,9.0,1.0,16.0,10.0,2.0,1.0,0.0,0.0,
F1,10/09/2022,16:00,Paris SG,Brest,1.0,0.0,H,1.0,0.0,H,13.0,6.0,4.0,3.0,3.0,5.0,13.0,16.0,4.0,2.0,0.0,0.0,
F1,10/09/2022,20:00,Marseille,Lille,2.0,1.0,H,1.0,1.0,D,14.0,7.0,7.0,3.0,4.0,3.0,22.0,17.0,5.0,1.0,0.0,0.0,
F1,11/09/2022,12:00,Strasbourg,Clermont,0.0,0.0,D,0.0,0.0,D,12.0,10.0,4.0,4.0,3.0,5.0,20.0,15.0,4.0,2.0,1.0,0.0,
F1,11/09/2022,14:00,Ajaccio,Nice,0.0,1.0,A,0.0,0.0,D,9.0,12.0,3.0,3.0,2.0,3.0,9.0,11.0,1.0,5.0,0.0,0.0,
F1,11/09/2022,14:00,Angers,Montpellier,2.0,1.0,H,1.0,1.0,D,11.0,7.0,5.0,2.0,2.0,5.0,15.0,12.0,2.0,4.0,0.0,0.0,
F1,11/09/2022,14:00,Lorient,Nantes,3.0,2.0,H,1.0,1.0,D,13.0,9.0,5.0,4.0,2.0,5.0,9.0,17.0,2.0,3.0,0.0,0.0,
F1,11/09/2022,14:00,Toulouse,Reims,1.0,0.0,H,1.0,0.0,H,14.0,11.0,3.0,1.0,4.0,6.0,17.0,11.0,2.0,2.0,0.0,1.0,
F1,11/09/2022,16:05,Rennes,Auxerre,5.0,0.0,H,1.0,0.0,H,12.0,7.0,9.0,3.0,2.0,1.0,11.0,9.0,1.0,0.0,0.0,0.0,
F1,11/09/2022,19:45,Monaco,Lyon,2.0,1.0,H,0.0,0.0,D,11.0,20.0,4.0,6.0,1.0,6.0,12.0,9.0,1.0,2.0,0.0,0.0,
F1,16/09/2022,20:00,Auxerre,Lorient,1.0,3.0,A,0.0,3.0,A,17.0,12.0,5.0,8.0,9.0,5.0,13.0,11.0,3.0,1.0,0.0,0.0,
F1,17/09/2022,16:00,Montpellier,Strasbourg,2.0,1.0,H,1.0,0.0,H,10.0,8.0,4.0,2.0,8.0,6.0,11.0,20.0,4.0,4.0,0.0,0.0,
F1,17/09/2022,20:00,Lille,Toulouse,2.0,1.0,H,1.0,0.0,H,10.0,14.0,4.0,5.0,5.0,7.0,20.0,14.0,2.0,0.0,0.0,0.0,
F1,18/09/2022,12:00,Reims,Monaco,0.0,3.0,A,0.0,0.0,D,9.0,20.0,2.0,11.0,5.0,4.0,14.0,16.0,3.0,3.0,1.0,0.0,
F1,18/09/2022,14:00,Brest,Ajaccio,0.0,1.0,A,0.0,0.0,D,8.0,6.0,4.0,4.0,6.0,2.0,13.0,12.0,2.0,2.0,0.0,0.0,
F1,18/09/2022,14:00,Clermont,Troyes,1.0,3.0,A,1.0,1.0,D,14.0,9.0,2.0,4.0,5.0,1.0,8.0,15.0,0.0,3.0,0.0,0.0,
F1,18/09/2022,14:00,Marseille,Rennes,1.0,1.0,D,0.0,1.0,A,15.0,12.0,4.0,4.0,11.0,7.0,13.0,13.0,3.0,4.0,0.0,0.0,
F1,18/09/2022,14:00,Nice,Angers,0.0,1.0,A,0.0,1.0,A,18.0,16.0,5.0,3.0,5.0,4.0,9.0,11.0,0.0,4.0,1.0,1.0,
F1,18/09/2022,16:05,Nantes,Lens,0.0,0.0,D,0.0,0.0,D,12.0,8.0,4.0,2.0,3.0,7.0,14.0,14.0,1.0,1.0,0.0,0.0,
F1,18/09/2022,19:45,Lyon,Paris SG,0.0,1.0,A,0.0,1.0,A,12.0,15.0,3.0,8.0,3.0,7.0,14.0,4.0,0.0,2.0,0.0,0.0,
F1,30/09/2022,20:00,Angers,Marseille,0.0,3.0,A,0.0,1.0,A,16.0,15.0,5.0,7.0,6.0,3.0,9.0,14.0,0.0,0.0,0.0,0.0,
F1,01/10/2022,16:00,Strasbourg,Rennes,1.0,3.0,A,0.0,1.0,A,9.0,17.0,3.0,7.0,1.0,5.0,9.0,13.0,0.0,2.0,1.0,0.0,
F1,01/10/2022,20:00,Paris SG,Nice,2.0,1.0,H,1.0,0.0,H,12.0,4.0,4.0,1.0,4.0,0.0,16.0,9.0,1.0,1.0,0.0,0.0,
F1,02/10/2022,12:00,Lorient,Lille,2.0,1.0,H,1.0,0.0,H,7.0,20.0,4.0,4.0,0.0,14.0,13.0,14.0,3.0,3.0,1.0,0.0,
F1,02/10/2022,14:00,Ajaccio,Clermont,1.0,3.0,A,0.0,1.0,A,12.0,7.0,3.0,3.0,4.0,4.0,13.0,10.0,3.0,3.0,0.0,0.0,
F1,02/10/2022,14:00,Auxerre,Brest,1.0,1.0,D,0.0,0.0,D,11.0,9.0,3.0,2.0,0.0,6.0,15.0,18.0,4.0,4.0,1.0,0.0,
F1,02/10/2022,14:00,Toulouse,Montpellier,4.0,2.0,H,3.0,1.0,H,12.0,23.0,6.0,6.0,3.0,12.0,13.0,6.0,5.0,4.0,1.0,0.0,
F1,02/10/2022,14:00,Troyes,Reims,2.0,2.0,D,0.0,1.0,A,19.0,5.0,6.0,2.0,10.0,2.0,13.0,13.0,4.0,2.0,0.0,1.0,
F1,02/10/2022,16:05,Monaco,Nantes,4.0,1.0,H,3.0,0.0,H,10.0,7.0,6.0,2.0,7.0,7.0,8.0,10.0,0.0,1.0,0.0,0.0,
F1,02/10/2022,19:45,Lens,Lyon,1.0,0.0,H,0.0,0.0,D,21.0,4.0,6.0,0.0,6.0,2.0,19.0,16.0,2.0,2.0,0.0,0.0,
F1,07/10/2022,20:00,Lyon,Toulouse,1.0,1.0,D,1.0,0.0,H,19.0,5.0,8.0,2.0,4.0,5.0,13.0,11.0,2.0,2.0,0.0,0.0,
F1,08/10/2022,16:00,Marseille,Ajaccio,1.0,2.0,A,1.0,1.0,D,10.0,6.0,2.0,1.0,11.0,2.0,17.0,18.0,0.0,2.0,0.0,0.0,
F1,08/10/2022,20:00,Reims,Paris SG,0.0,0.0,D,0.0,0.0,D,24.0,11.0,4.0,3.0,7.0,3.0,20.0,12.0,3.0,5.0,0.0,1.0,
F1,09/10/2022,12:00,Montpellier,Monaco,0.0,2.0,A,0.0,1.0,A,11.0,11.0,1.0,7.0,7.0,2.0,13.0,16.0,2.0,3.0,0.0,0.0,
F1,09/10/2022,14:00,Angers,Strasbourg,2.0,3.0,A,1.0,2.0,A,14.0,15.0,8.0,7.0,6.0,6.0,16.0,14.0,1.0,1.0,0.0,0.0,
F1,09/10/2022,14:00,Brest,Lorient,1.0,2.0,A,1.0,1.0,D,12.0,14.0,4.0,5.0,7.0,8.0,14.0,13.0,3.0,1.0,0.0,0.0,
F1,09/10/2022,14:00,Clermont,Auxerre,2.0,1.0,H,0.0,0.0,D,10.0,14.0,6.0,5.0,4.0,4.0,4.0,17.0,0.0,0.0,0.0,0.0,
F1,09/10/2022,14:00,Nice,Troyes,3.0,2.0,H,2.0,0.0,H,14.0,17.0,6.0,6.0,5.0,5.0,8.0,9.0,1.0,1.0,0.0,0.0,
F1,09/10/2022,16:05,Rennes,Nantes,3.0,0.0,H,1.0,0.0,H,14.0,8.0,4.0,3.0,4.0,3.0,13.0,14.0,1.0,0.0,1.0,0.0,
F1,09/10/2022,19:45,Lille,Lens,1.0,0.0,H,1.0,0.0,H,12.0,10.0,6.0,3.0,5.0,9.0,19.0,15.0,3.0,5.0,0.0,0.0,
F1,14/10/2022,20:00,Strasbourg,Lille,0.0,3.0,A,0.0,1.0,A,12.0,10.0,1.0,7.0,3.0,0.0,12.0,17.0,3.0,1.0,0.0,0.0,
F1,15/10/2022,16:00,Lorient,Reims,0.0,0.0,D,0.0,0.0,D,10.0,7.0,3.0,2.0,2.0,2.0,10.0,17.0,1.0,3.0,0.0,2.0,
F1,15/10/2022,20:00,Lens,Montpellier,1.0,0.0,H,0.0,0.0,D,17.0,8.0,5.0,1.0,4.0,5.0,12.0,10.0,2.0,2.0,0.0,0.0,
F1,16/10/2022,12:00,Toulouse,Angers,3.0,2.0,H,2.0,1.0,H,14.0,13.0,7.0,6.0,2.0,8.0,12.0,15.0,3.0,2.0,0.0,0.0,
F1,16/10/2022,14:00,Auxerre,Nice,1.0,1.0,D,1.0,1.0,D,11.0,9.0,3.0,2.0,2.0,6.0,11.0,3.0,0.0,0.0,0.0,0.0,
F1,16/10/2022,14:00,Nantes,Brest,4.0,1.0,H,2.0,1.0,H,17.0,11.0,6.0,2.0,7.0,5.0,12.0,10.0,0.0,2.0,0.0,0.0,
F1,16/10/2022,14:00,Rennes,Lyon,3.0,2.0,H,1.0,1.0,D,14.0,7.0,5.0,5.0,3.0,2.0,13.0,14.0,2.0,2.0,0.0,0.0,
F1,16/10/2022,14:00,Troyes,Ajaccio,1.0,1.0,D,0.0,0.0,D,9.0,15.0,2.0,7.0,3.0,5.0,8.0,14.0,2.0,1.0,0.0,0.0,
F1,16/10/2022,16:05,Monaco,Clermont,1.0,1.0,D,1.0,0.0,H,6.0,21.0,4.0,7.0,3.0,4.0,8.0,11.0,2.0,4.0,1.0,0.0,
F1,16/10/2022,19:45,Paris SG,Marseille,1.0,0.0,H,1.0,0.0,H,23.0,18.0,8.0,7.0,7.0,6.0,9.0,16.0,1.0,0.0,0.0,1.0,
F1,21/10/2022,20:00,Ajaccio,Paris SG,0.0,3.0,A,0.0,1.0,A,8.0,11.0,1.0,6.0,3.0,8.0,13.0,13.0,0.0,1.0,0.0,0.0,
F1,22/10/2022,16:00,Montpellier,Lyon,1.0,2.0,A,0.0,1.0,A,10.0,21.0,4.0,10.0,4.0,7.0,9.0,18.0,2.0,2.0,1.0,1.0,
F1,22/10/2022,20:00,Marseille,Lens,0.0,1.0,A,0.0,0.0,D,13.0,12.0,3.0,4.0,7.0,3.0,19.0,20.0,3.0,3.0,0.0,0.0,
F1,23/10/2022,12:00,Angers,Rennes,1.0,2.0,A,0.0,1.0,A,7.0,14.0,2.0,5.0,5.0,6.0,9.0,11.0,2.0,2.0,0.0,0.0,
F1,23/10/2022,14:00,Clermont,Brest,1.0,3.0,A,0.0,1.0,A,14.0,19.0,4.0,11.0,7.0,4.0,10.0,17.0,4.0,1.0,0.0,0.0,
F1,23/10/2022,14:00,Reims,Auxerre,2.0,1.0,H,1.0,1.0,D,19.0,10.0,10.0,2.0,8.0,2.0,13.0,12.0,4.0,0.0,0.0,0.0,
F1,23/10/2022,14:00,Toulouse,Strasbourg,2.0,2.0,D,1.0,0.0,H,17.0,11.0,6.0,5.0,6.0,6.0,14.0,8.0,2.0,1.0,1.0,0.0,
F1,23/10/2022,14:00,Troyes,Lorient,2.0,2.0,D,1.0,0.0,H,13.0,21.0,4.0,5.0,3.0,6.0,8.0,9.0,2.0,0.0,0.0,0.0,
F1,23/10/2022,16:05,Nice,Nantes,1.0,1.0,D,0.0,0.0,D,11.0,11.0,5.0,4.0,7.0,3.0,9.0,9.0,3.0,4.0,0.0,2.0,
F1,23/10/2022,19:45,Lille,Monaco,4.0,3.0,H,2.0,2.0,D,20.0,9.0,7.0,6.0,6.0,6.0,8.0,10.0,1.0,2.0,0.0,0.0,
F1,28/10/2022,20:00,Lens,Toulouse,3.0,0.0,H,0.0,0.0,D,13.0,9.0,8.0,0.0,6.0,8.0,12.0,13.0,2.0,1.0,0.0,0.0,
F1,29/10/2022,16:00,Paris SG,Troyes,4.0,3.0,H,1.0,1.0,D,19.0,16.0,11.0,5.0,8.0,4.0,9.0,12.0,0.0,3.0,0.0,0.0,
F1,29/10/2022,20:00,Strasbourg,Marseille,2.0,2.0,D,0.0,2.0,A,12.0,13.0,5.0,5.0,3.0,0.0,14.0,11.0,0.0,2.0,0.0,0.0,
F1,30/10/2022,12:00,Auxerre,Ajaccio,1.0,0.0,H,1.0,0.0,H,18.0,5.0,5.0,1.0,5.0,5.0,13.0,12.0,1.0,1.0,1.0,1.0,
F1,30/10/2022,14:00,Brest,Reims,0.0,0.0,D,0.0,0.0,D,12.0,11.0,4.0,3.0,5.0,5.0,15.0,13.0,1.0,1.0,0.0,0.0,
F1,30/10/2022,14:00,Monaco,Angers,2.0,0.0,H,0.0,0.0,D,8.0,8.0,5.0,4.0,7.0,0.0,18.0,15.0,3.0,3.0,0.0,0.0,
F1,30/10/2022,14:00,Nantes,Clermont,1.0,1.0,D,0.0,0.0,D,13.0,10.0,4.0,6.0,2.0,2.0,15.0,9.0,0.0,2.0,0.0,0.0,
F1,30/10/2022,14:00,Rennes,Montpellier,3.0,0.0,H,2.0,0.0,H,14.0,8.0,3.0,3.0,3.0,4.0,15.0,12.0,1.0,2.0,0.0,0.0,
F1,30/10/2022,16:05,Lorient,Nice,1.0,2.0,A,1.0,0.0,H,14.0,16.0,8.0,5.0,8.0,3.0,7.0,7.0,0.0,1.0,0.0,0.0,
F1,30/10/2022,19:45,Lyon,Lille,1.0,0.0,H,0.0,0.0,D,6.0,15.0,3.0,5.0,3.0,6.0,11.0,15.0,3.0,1.0,0.0,0.0,
F1,04/11/2022,20:00,Troyes,Auxerre,1.0,1.0,D,1.0,0.0,H,21.0,13.0,6.0,2.0,10.0,5.0,9.0,10.0,2.0,0.0,0.0,0.0,
F1,05/11/2022,16:00,Ajaccio,Strasbourg,4.0,2.0,H,4.0,2.0,H,12.0,9.0,7.0,5.0,4.0,3.0,15.0,20.0,0.0,4.0,1.0,0.0,
F1,05/11/2022,20:00,Angers,Lens,1.0,2.0,A,0.0,1.0,A,6.0,12.0,3.0,4.0,3.0,4.0,16.0,6.0,1.0,2.0,0.0,0.0,
F1,06/11/2022,12:00,Lorient,Paris SG,1.0,2.0,A,0.0,1.0,A,9.0,15.0,2.0,8.0,5.0,8.0,10.0,9.0,1.0,1.0,0.0,0.0,
F1,06/11/2022,14:00,Clermont,Montpellier,1.0,1.0,D,0.0,1.0,A,16.0,7.0,7.0,3.0,5.0,1.0,14.0,17.0,1.0,2.0,0.0,0.0,
F1,06/11/2022,14:00,Nice,Brest,1.0,0.0,H,0.0,0.0,D,14.0,12.0,9.0,2.0,2.0,6.0,6.0,11.0,1.0,1.0,0.0,0.0,
F1,06/11/2022,14:00,Reims,Nantes,1.0,0.0,H,0.0,0.0,D,22.0,15.0,9.0,5.0,10.0,4.0,7.0,13.0,2.0,4.0,0.0,1.0,
F1,06/11/2022,14:00,Toulouse,Monaco,0.0,2.0,A,0.0,0.0,D,13.0,24.0,5.0,10.0,7.0,6.0,9.0,11.0,0.0,1.0,0.0,0.0,
F1,06/11/2022,16:05,Lille,Rennes,1.0,1.0,D,1.0,0.0,H,19.0,3.0,7.0,2.0,6.0,2.0,9.0,14.0,4.0,1.0,0.0,1.0,
F1,06/11/2022,19:45,Marseille,Lyon,1.0,0.0,H,1.0,0.0,H,6.0,11.0,2.0,4.0,6.0,4.0,9.0,13.0,0.0,1.0,0.0,0.0,
F1,11/11/2022,20:00,Lyon,Nice,1.0,1.0,D,0.0,1.0,A,9.0,13.0,3.0,3.0,3.0,4.0,7.0,7.0,1.0,0.0,0.0,0.0,
F1,12/11/2022,16:00,Lens,Clermont,2.0,1.0,H,0.0,1.0,A,16.0,5.0,3.0,2.0,5.0,3.0,19.0,17.0,1.0,3.0,0.0,0.0,
F1,12/11/2022,20:00,Rennes,Toulouse,2.0,1.0,H,1.0,0.0,H,16.0,10.0,8.0,4.0,4.0,4.0,9.0,10.0,0.0,0.0,0.0,0.0,
F1,13/11/2022,12:00,Paris SG,Auxerre,5.0,0.0,H,1.0,0.0,H,9.0,9.0,6.0,3.0,3.0,7.0,5.0,7.0,0.0,0.0,0.0,0.0,
F1,13/11/2022,14:00,Brest,Troyes,2.0,1.0,H,0.0,0.0,D,15.0,8.0,5.0,2.0,5.0,5.0,13.0,12.0,3.0,2.0,0.0,1.0,
F1,13/11/2022,14:00,Lille,Angers,1.0,0.0,H,1.0,0.0,H,9.0,8.0,4.0,2.0,2.0,6.0,18.0,12.0,3.0,1.0,1.0,0.0,
F1,13/11/2022,14:00,Montpellier,Reims,1.0,1.0,D,0.0,0.0,D,16.0,17.0,8.0,4.0,11.0,7.0,15.0,15.0,2.0,2.0,0.0,0.0,
F1,13/11/2022,14:00,Nantes,Ajaccio,2.0,2.0,D,0.0,0.0,D,15.0,13.0,5.0,4.0,9.0,6.0,16.0,17.0,3.0,3.0,0.0,0.0,
F1,13/11/2022,16:05,Strasbourg,Lorient,1.0,1.0,D,0.0,1.0,A,20.0,6.0,4.0,2.0,4.0,2.0,9.0,9.0,4.0,1.0,0.0,0.0,
F1,13/11/2022,19:45,Monaco,Marseille,2.0,3.0,A,1.0,1.0,D,11.0,11.0,6.0,3.0,5.0,4.0,17.0,9.0,3.0,1.0,0.0,0.0,
F1,28/12/2022,14:00,Ajaccio,Angers,1.0,0.0,H,1.0,0.0,H,11.0,14.0,3.0,4.0,3.0,5.0,13.0,13.0,1.0,0.0,0.0,0.0,
F1,28/12/2022,14:00,Troyes,Nantes,0.0,0.0,D,0.0,0.0,D,6.0,19.0,2.0,5.0,4.0,4.0,9.0,13.0,0.0,2.0,0.0,0.0,
F1,28/12/2022,16:00,Auxerre,Monaco,2.0,3.0,A,1.0,1.0,D,11.0,6.0,6.0,3.0,1.0,3.0,9.0,15.0,1.0,0.0,0.0,0.0,
F1,28/12/2022,18:00,Clermont,Lille,0.0,2.0,A,0.0,0.0,D,9.0,14.0,3.0,3.0,3.0,3.0,9.0,17.0,4.0,2.0,1.0,0.0,
F1,28/12/2022,20:00,Brest,Lyon,2.0,4.0,A,1.0,3.0,A,17.0,17.0,5.0,10.0,6.0,6.0,8.0,19.0,2.0,2.0,0.0,0.0,
F1,28/12/2022,20:00,Paris SG,Strasbourg,2.0,1.0,H,1.0,0.0,H,9.0,10.0,6.0,3.0,8.0,3.0,6.0,12.0,4.0,1.0,1.0,0.0,
F1,29/12/2022,16:00,Lorient,Montpellier,0.0,2.0,A,0.0,2.0,A,12.0,14.0,4.0,6.0,5.0,2.0,15.0,15.0,3.0,4.0,0.0,0.0,
F1,29/12/2022,18:00,Reims,Rennes,3.0,1.0,H,2.0,1.0,H,10.0,11.0,4.0,5.0,4.0,6.0,8.0,8.0,2.0,2.0,0.0,0.0,
F1,29/12/2022,20:00,Marseille,Toulouse,6.0,1.0,H,2.0,0.0,H,13.0,10.0,7.0,6.0,1.0,6.0,14.0,8.0,1.0,2.0,0.0,0.0,
F1,29/12/2022,20:00,Nice,Lens,0.0,0.0,D,0.0,0.0,D,9.0,10.0,5.0,2.0,4.0,6.0,11.0,18.0,2.0,3.0,0.0,0.0,
F1,01/01/2023,14:00,Angers,Lorient,1.0,2.0,A,1.0,0.0,H,14.0,10.0,6.0,5.0,7.0,7.0,16.0,9.0,3.0,0.0,0.0,0.0,
F1,01/01/2023,14:00,Monaco,Brest,1.0,0.0,H,0.0,0.0,D,17.0,13.0,5.0,6.0,7.0,5.0,23.0,14.0,3.0,4.0,0.0,0.0,
F1,01/01/2023,14:00,Nantes,Auxerre,1.0,0.0,H,0.0,0.0,D,10.0,14.0,3.0,6.0,3.0,7.0,10.0,19.0,1.0,2.0,0.0,0.0,
F1,01/01/2023,14:00,Toulouse,Ajaccio,2.0,0.0,H,0.0,0.0,D,11.0,1.0,4.0,0.0,5.0,2.0,15.0,15.0,3.0,1.0,0.0,0.0,
F1,01/01/2023,16:00,Lyon,Clermont,0.0,1.0,A,0.0,0.0,D,13.0,13.0,2.0,3.0,7.0,4.0,21.0,13.0,1.0,3.0,0.0,0.0,
F1,01/01/2023,19:45,Lens,Paris SG,3.0,1.0,H,2.0,1.0,H,10.0,16.0,4.0,6.0,3.0,7.0,16.0,12.0,2.0,3.0,0.0,0.0,
F1,02/01/2023,14:00,Strasbourg,Troyes,2.0,3.0,A,1.0,2.0,A,17.0,9.0,7.0,5.0,3.0,1.0,10.0,12.0,1.0,2.0,0.0,0.0,
F1,02/01/2023,16:00,Lille,Reims,1.0,1.0,D,1.0,0.0,H,14.0,9.0,5.0,6.0,5.0,1.0,8.0,12.0,1.0,1.0,0.0,0.0,
F1,02/01/2023,18:00,Montpellier,Marseille,1.0,2.0,A,0.0,0.0,D,8.0,18.0,1.0,9.0,5.0,7.0,10.0,14.0,2.0,2.0,0.0,1.0,
F1,02/01/2023,20:00,Rennes,Nice,2.0,1.0,H,1.0,1.0,D,20.0,7.0,5.0,3.0,5.0,2.0,16.0,7.0,1.0,1.0,0.0,0.0,
F1,11/01/2023,18:00,Ajaccio,Reims,0.0,1.0,A,0.0,1.0,A,11.0,9.0,1.0,3.0,2.0,2.0,20.0,22.0,3.0,3.0,0.0,0.0,
F1,11/01/2023,18:00,Auxerre,Toulouse,0.0,5.0,A,0.0,3.0,A,19.0,9.0,4.0,7.0,7.0,4.0,22.0,13.0,3.0,1.0,0.0,0.0,
F1,11/01/2023,18:00,Brest,Lille,0.0,0.0,D,0.0,0.0,D,5.0,11.0,0.0,4.0,0.0,8.0,15.0,12.0,0.0,1.0,0.0,0.0,
F1,11/01/2023,18:00,Clermont,Rennes,2.0,1.0,H,1.0,0.0,H,11.0,9.0,5.0,2.0,4.0,1.0,12.0,13.0,0.0,2.0,0.0,2.0,
F1,11/01/2023,18:00,Nantes,Lyon,0.0,0.0,D,0.0,0.0,D,13.0,10.0,5.0,6.0,6.0,1.0,12.0,15.0,2.0,3.0,0.0,0.0,
F1,11/01/2023,20:00,Lorient,Monaco,2.0,2.0,D,0.0,0.0,D,8.0,16.0,6.0,4.0,3.0,4.0,8.0,13.0,1.0,1.0,0.0,0.0,
F1,11/01/2023,20:00,Nice,Montpellier,6.0,1.0,H,2.0,0.0,H,16.0,4.0,10.0,2.0,3.0,4.0,16.0,17.0,1.0,1.0,0.0,0.0,
F1,11/01/2023,20:00,Paris SG,Angers,2.0,0.0,H,1.0,0.0,H,9.0,6.0,6.0,0.0,5.0,1.0,5.0,10.0,1.0,2.0,0.0,0.0,
F1,11/01/2023,20:00,Strasbourg,Lens,2.0,2.0,D,2.0,2.0,D,9.0,15.0,6.0,8.0,3.0,4.0,15.0,10.0,1.0,1.0,0.0,0.0,
F1,11/01/2023,20:00,Troyes,Marseille,0.0,2.0,A,0.0,1.0,A,5.0,13.0,1.0,4.0,4.0,7.0,12.0,13.0,2.0,3.0,0.0,0.0,
F1,14/01/2023,16:00,Lens,Auxerre,1.0,0.0,H,0.0,0.0,D,10.0,6.0,2.0,1.0,9.0,2.0,21.0,16.0,2.0,4.0,0.0,1.0,
F1,14/01/2023,18:00,Marseille,Lorient,3.0,1.0,H,1.0,1.0,D,16.0,11.0,8.0,3.0,6.0,3.0,14.0,12.0,1.0,0.0,0.0,0.0,
F1,14/01/2023,20:00,Lyon,Strasbourg,1.0,2.0,A,1.0,2.0,A,28.0,8.0,7.0,6.0,14.0,2.0,10.0,16.0,1.0,3.0,0.0,0.0,
F1,15/01/2023,12:00,Lille,Troyes,5.0,1.0,H,2.0,0.0,H,23.0,10.0,13.0,2.0,7.0,2.0,12.0,5.0,1.0,0.0,0.0,0.0,
F1,15/01/2023,14:00,Angers,Clermont,1.0,2.0,A,0.0,1.0,A,5.0,10.0,1.0,6.0,3.0,1.0,15.0,11.0,2.0,2.0,0.0,0.0,
F1,15/01/2023,14:00,Montpellier,Nantes,0.0,3.0,A,0.0,1.0,A,11.0,12.0,5.0,7.0,3.0,5.0,13.0,14.0,1.0,2.0,2.0,0.0,
F1,15/01/2023,14:00,Reims,Nice,0.0,0.0,D,0.0,0.0,D,13.0,6.0,2.0,4.0,5.0,3.0,5.0,5.0,1.0,1.0,0.0,0.0,
F1,15/01/2023,14:00,Toulouse,Brest,1.0,1.0,D,0.0,1.0,A,16.0,17.0,7.0,5.0,10.0,5.0,16.0,12.0,2.0,2.0,0.0,0.0,
F1,15/01/2023,16:05,Monaco,Ajaccio,7.0,1.0,H,5.0,1.0,H,11.0,5.0,8.0,2.0,3.0,3.0,8.0,14.0,1.0,2.0,0.0,0.0,
F1,15/01/2023,19:45,Rennes,Paris SG,1.0,0.0,H,0.0,0.0,D,8.0,8.0,6.0,1.0,4.0,5.0,8.0,17.0,0.0,0.0,0.0,0.0,
F1,27/01/2023,20:00,Lorient,Rennes,2.0,1.0,H,2.0,0.0,H,4.0,19.0,4.0,6.0,2.0,10.0,4.0,6.0,1.0,1.0,0.0,0.0,
F1,28/01/2023,16:00,Troyes,Lens,1.0,1.0,D,0.0,0.0,D,6.0,21.0,1.0,5.0,3.0,11.0,12.0,7.0,2.0,2.0,0.0,0.0,
F1,28/01/2023,20:00,Marseille,Monaco,1.0,1.0,D,0.0,1.0,A,22.0,11.0,6.0,4.0,6.0,3.0,7.0,9.0,2.0,2.0,0.0,0.0,
F1,29/01/2023,12:00,Nice,Lille,1.0,0.0,H,1.0,0.0,H,12.0,16.0,6.0,7.0,5.0,7.0,12.0,11.0,3.0,2.0,0.0,0.0,
F1,29/01/2023,14:00,Auxerre,Montpellier,0.0,2.0,A,0.0,0.0,D,16.0,4.0,5.0,3.0,5.0,3.0,13.0,18.0,1.0,3.0,0.0,0.0,
F1,29/01/2023,14:00,Brest,Angers,4.0,0.0,H,2.0,0.0,H,9.0,8.0,7.0,1.0,4.0,5.0,10.0,17.0,0.0,2.0,0.0,0.0,
F1,29/01/2023,14:00,Clermont,Nantes,0.0,0.0,D,0.0,0.0,D,9.0,4.0,0.0,0.0,9.0,1.0,9.0,23.0,2.0,1.0,0.0,0.0,
F1,29/01/2023,14:00,Strasbourg,Toulouse,1.0,2.0,A,1.0,1.0,D,11.0,10.0,2.0,3.0,4.0,2.0,14.0,10.0,2.0,2.0,1.0,0.0,
F1,29/01/2023,16:05,Ajaccio,Lyon,0.0,2.0,A,0.0,1.0,A,16.0,8.0,5.0,2.0,5.0,1.0,22.0,18.0,2.0,3.0,0.0,0.0,
F1,29/01/2023,19:45,Paris SG,Reims,1.0,1.0,D,0.0,0.0,D,12.0,17.0,5.0,4.0,3.0,3.0,5.0,10.0,2.0,1.0,1.0,0.0,
F1,01/02/2023,18:00,Angers,Ajaccio,1.0,2.0,A,1.0,0.0,H,6.0,9.0,2.0,4.0,2.0,6.0,18.0,11.0,1.0,2.0,1.0,0.0,
F1,01/02/2023,18:00,Lille,Clermont,0.0,0.0,D,0.0,0.0,D,22.0,13.0,5.0,5.0,8.0,3.0,15.0,11.0,0.0,1.0,0.0,0.0,
F1,01/02/2023,18:00,Nantes,Marseille,0.0,2.0,A,0.0,0.0,D,12.0,13.0,2.0,4.0,5.0,7.0,14.0,16.0,4.0,3.0,0.0,0.0,
F1,01/02/2023,18:00,Reims,Lorient,4.0,2.0,H,1.0,2.0,A,31.0,12.0,9.0,5.0,5.0,7.0,11.0,7.0,1.0,0.0,0.0,0.0,
F1,01/02/2023,18:00,Toulouse,Troyes,4.0,1.0,H,2.0,1.0,H,13.0,11.0,6.0,3.0,8.0,0.0,12.0,14.0,2.0,3.0,0.0,0.0,
F1,01/02/2023,20:00,Lens,Nice,0.0,1.0,A,0.0,0.0,D,9.0,14.0,4.0,6.0,5.0,3.0,12.0,8.0,0.0,2.0,0.0,0.0,
F1,01/02/2023,20:00,Lyon,Brest,0.0,0.0,D,0.0,0.0,D,28.0,8.0,8.0,1.0,15.0,2.0,10.0,13.0,0.0,0.0,0.0,0.0,
F1,01/02/2023,20:00,Monaco,Auxerre,3.0,2.0,H,2.0,0.0,H,16.0,11.0,6.0,3.0,5.0,4.0,11.0,7.0,0.0,0.0,0.0,0.0,
F1,01/02/2023,20:00,Montpellier,Paris SG,1.0,3.0,A,0.0,0.0,D,6.0,19.0,3.0,8.0,1.0,3.0,9.0,12.0,1.0,1.0,0.0,0.0,
F1,01/02/2023,20:00,Rennes,Strasbourg,3.0,0.0,H,2.0,0.0,H,6.0,3.0,3.0,0.0,4.0,0.0,12.0,13.0,0.0,1.0,0.0,0.0,
F1,04/02/2023,16:00,Paris SG,Toulouse,2.0,1.0,H,1.0,1.0,D,22.0,14.0,5.0,5.0,6.0,2.0,9.0,14.0,2.0,2.0,0.0,0.0,
F1,04/02/2023,18:00,Troyes,Lyon,1.0,3.0,A,0.0,1.0,A,8.0,10.0,2.0,6.0,5.0,6.0,10.0,14.0,0.0,1.0,0.0,0.0,
F1,04/02/2023,20:00,Rennes,Lille,1.0,3.0,A,1.0,0.0,H,10.0,15.0,6.0,6.0,2.0,1.0,16.0,9.0,1.0,2.0,0.0,0.0,
F1,05/02/2023,12:00,Clermont,Monaco,0.0,2.0,A,0.0,2.0,A,8.0,14.0,3.0,5.0,2.0,4.0,9.0,21.0,1.0,2.0,0.0,0.0,
F1,05/02/2023,14:00,Ajaccio,Nantes,0.0,2.0,A,0.0,0.0,D,8.0,7.0,2.0,3.0,2.0,2.0,16.0,16.0,2.0,1.0,1.0,0.0,
F1,05/02/2023,14:00,Auxerre,Reims,0.0,0.0,D,0.0,0.0,D,12.0,8.0,3.0,4.0,4.0,5.0,13.0,10.0,2.0,0.0,0.0,0.0,
F1,05/02/2023,14:00,Lorient,Angers,0.0,0.0,D,0.0,0.0,D,13.0,13.0,2.0,5.0,8.0,6.0,16.0,16.0,2.0,4.0,0.0,0.0,
F1,05/02/2023,14:00,Strasbourg,Montpellier,2.0,0.0,H,2.0,0.0,H,6.0,11.0,2.0,0.0,4.0,7.0,11.0,16.0,3.0,1.0,1.0,0.0,
F1,05/02/2023,16:05,Brest,Lens,1.0,1.0,D,0.0,0.0,D,16.0,20.0,3.0,7.0,11.0,5.0,15.0,9.0,4.0,2.0,0.0,0.0,
F1,05/02/2023,19:45,Marseille,Nice,1.0,3.0,A,0.0,2.0,A,22.0,14.0,5.0,8.0,9.0,1.0,10.0,5.0,0.0,1.0,0.0,0.0,
F1,10/02/2023,20:00,Nice,Ajaccio,3.0,0.0,H,1.0,0.0,H,11.0,6.0,3.0,3.0,5.0,5.0,9.0,7.0,1.0,0.0,0.0,0.0,
F1,11/02/2023,16:00,Monaco,Paris SG,3.0,1.0,H,3.0,1.0,H,19.0,7.0,9.0,2.0,3.0,2.0,9.0,11.0,0.0,1.0,0.0,0.0,
F1,11/02/2023,20:00,Clermont,Marseille,0.0,2.0,A,0.0,1.0,A,9.0,17.0,4.0,5.0,3.0,4.0,15.0,16.0,4.0,3.0,0.0,0.0,
F1,12/02/2023,12:00,Toulouse,Rennes,3.0,1.0,H,3.0,0.0,H,13.0,13.0,7.0,4.0,2.0,7.0,12.0,17.0,1.0,1.0,0.0,0.0,
F1,12/02/2023,14:00,Angers,Auxerre,1.0,1.0,D,1.0,1.0,D,10.0,15.0,5.0,4.0,6.0,4.0,10.0,9.0,2.0,0.0,0.0,0.0,
F1,12/02/2023,14:00,Lille,Strasbourg,2.0,0.0,H,2.0,0.0,H,14.0,5.0,10.0,0.0,5.0,4.0,13.0,13.0,1.0,2.0,0.0,0.0,
F1,12/02/2023,14:00,Montpellier,Brest,3.0,0.0,H,2.0,0.0,H,16.0,10.0,7.0,2.0,4.0,3.0,15.0,20.0,1.0,2.0,0.0,0.0,
F1,12/02/2023,14:00,Reims,Troyes,4.0,0.0,H,2.0,0.0,H,20.0,7.0,10.0,2.0,5.0,2.0,13.0,14.0,1.0,2.0,0.0,0.0,
F1,12/02/2023,16:05,Nantes,Lorient,1.0,0.0,H,0.0,0.0,D,13.0,9.0,6.0,5.0,7.0,3.0,12.0,11.0,0.0,0.0,0.0,0.0,
F1,12/02/2023,19:45,Lyon,Lens,2.0,1.0,H,1.0,1.0,D,11.0,14.0,5.0,4.0,2.0,5.0,15.0,11.0,1.0,1.0,0.0,0.0,
F1,17/02/2023,20:00,Auxerre,Lyon,2.0,1.0,H,0.0,1.0,A,8.0,6.0,3.0,4.0,6.0,4.0,17.0,12.0,4.0,2.0,0.0,0.0,
F1,18/02/2023,16:00,Nice,Reims,0.0,0.0,D,0.0,0.0,D,16.0,10.0,1.0,2.0,9.0,0.0,9.0,13.0,1.0,1.0,0.0,0.0,
F1,18/02/2023,20:00,Strasbourg,Angers,2.0,1.0,H,2.0,0.0,H,18.0,10.0,5.0,3.0,4.0,5.0,14.0,16.0,3.0,3.0,0.0,0.0,
F1,19/02/2023,12:00,Paris SG,Lille,4.0,3.0,H,2.0,1.0,H,12.0,16.0,10.0,7.0,3.0,6.0,9.0,19.0,2.0,4.0,0.0,0.0,
F1,19/02/2023,14:00,Brest,Monaco,1.0,2.0,A,0.0,1.0,A,13.0,10.0,3.0,3.0,5.0,5.0,7.0,10.0,1.0,2.0,0.0,0.0,
F1,19/02/2023,14:00,Lorient,Ajaccio,3.0,0.0,H,2.0,0.0,H,10.0,12.0,6.0,3.0,2.0,2.0,11.0,14.0,0.0,2.0,0.0,0.0,
F1,19/02/2023,14:00,Rennes,Clermont,2.0,0.0,H,1.0,0.0,H,18.0,7.0,6.0,3.0,2.0,7.0,9.0,10.0,0.0,2.0,0.0,0.0,
F1,19/02/2023,14:00,Troyes,Montpellier,0.0,1.0,A,0.0,0.0,D,4.0,19.0,2.0,7.0,2.0,10.0,12.0,9.0,2.0,1.0,1.0,1.0,
F1,19/02/2023,16:05,Lens,Nantes,3.0,1.0,H,2.0,1.0,H,19.0,6.0,6.0,3.0,2.0,5.0,9.0,15.0,0.0,0.0,0.0,0.0,
F1,19/02/2023,19:45,Toulouse,Marseille,2.0,3.0,A,1.0,0.0,H,15.0,15.0,6.0,7.0,3.0,10.0,8.0,10.0,0.0,2.0,0.0,0.0,
F1,24/02/2023,20:00,Lille,Brest,2.0,1.0,H,0.0,1.0,A,18.0,3.0,4.0,0.0,11.0,2.0,8.0,11.0,2.0,2.0,0.0,1.0,
F1,25/02/2023,16:00,Angers,Lyon,1.0,3.0,A,0.0,1.0,A,11.0,7.0,2.0,5.0,2.0,2.0,16.0,6.0,0.0,0.0,0.0,0.0,
F1,25/02/2023,20:00,Montpellier,Lens,1.0,1.0,D,0.0,1.0,A,8.0,19.0,3.0,6.0,4.0,6.0,12.0,13.0,0.0,3.0,0.0,0.0,
F1,26/02/2023,12:00,Lorient,Auxerre,0.0,1.0,A,0.0,0.0,D,18.0,9.0,4.0,1.0,10.0,0.0,12.0,21.0,2.0,3.0,0.0,0.0,
F1,26/02/2023,14:00,Ajaccio,Troyes,2.0,1.0,H,0.0,1.0,A,14.0,11.0,6.0,5.0,6.0,3.0,8.0,15.0,2.0,2.0,0.0,1.0,
F1,26/02/2023,14:00,Clermont,Strasbourg,1.0,1.0,D,0.0,1.0,A,11.0,12.0,4.0,6.0,7.0,2.0,17.0,25.0,1.0,4.0,0.0,0.0,
F1,26/02/2023,14:00,Nantes,Rennes,0.0,1.0,A,0.0,1.0,A,20.0,11.0,7.0,3.0,12.0,4.0,8.0,12.0,2.0,2.0,0.0,0.0,
F1,26/02/2023,14:00,Reims,Toulouse,3.0,0.0,H,2.0,0.0,H,18.0,13.0,6.0,6.0,4.0,2.0,12.0,14.0,0.0,0.0,0.0,0.0,
F1,26/02/2023,16:05,Monaco,Nice,0.0,3.0,A,0.0,3.0,A,15.0,12.0,4.0,7.0,5.0,3.0,8.0,12.0,0.0,1.0,0.0,0.0,
F1,26/02/2023,19:45,Marseille,Paris SG,0.0,3.0,A,0.0,2.0,A,19.0,12.0,6.0,7.0,7.0,4.0,20.0,14.0,0.0,0.0,0.0,0.0,
F1,03/03/2023,20:00,Nice,Auxerre,1.0,1.0,D,1.0,1.0,D,17.0,3.0,5.0,1.0,8.0,0.0,10.0,12.0,0.0,1.0,0.0,0.0,
F1,04/03/2023,16:00,Lens,Lille,1.0,1.0,D,1.0,0.0,H,10.0,11.0,1.0,6.0,10.0,3.0,18.0,14.0,2.0,4.0,0.0,0.0,
F1,04/03/2023,20:00,Paris SG,Nantes,4.0,2.0,H,2.0,2.0,D,17.0,8.0,11.0,5.0,4.0,6.0,7.0,8.0,0.0,2.0,0.0,0.0,
F1,05/03/2023,12:00,Troyes,Monaco,2.0,2.0,D,1.0,0.0,H,13.0,17.0,6.0,4.0,3.0,4.0,8.0,8.0,0.0,1.0,0.0,0.0,
F1,05/03/2023,14:00,Montpellier,Angers,5.0,0.0,H,3.0,0.0,H,15.0,10.0,8.0,4.0,6.0,5.0,10.0,18.0,1.0,4.0,0.0,1.0,
F1,05/03/2023,14:00,Reims,Ajaccio,1.0,0.0,H,0.0,0.0,D,12.0,5.0,3.0,1.0,2.0,1.0,19.0,21.0,3.0,3.0,0.0,0.0,
F1,05/03/2023,14:00,Strasbourg,Brest,0.0,1.0,A,0.0,1.0,A,17.0,8.0,4.0,1.0,9.0,2.0,14.0,17.0,2.0,1.0,0.0,0.0,
F1,05/03/2023,14:00,Toulouse,Clermont,0.0,1.0,A,0.0,0.0,D,9.0,12.0,0.0,3.0,4.0,5.0,20.0,4.0,4.0,1.0,0.0,0.0,
F1,05/03/2023,16:05,Lyon,Lorient,0.0,0.0,D,0.0,0.0,D,17.0,11.0,5.0,1.0,6.0,5.0,19.0,6.0,1.0,0.0,0.0,0.0,
F1,05/03/2023,19:45,Rennes,Marseille,0.0,1.0,A,0.0,0.0,D,13.0,11.0,2.0,4.0,4.0,3.0,10.0,10.0,1.0,1.0,0.0,0.0,
F1,10/03/2023,20:00,Lille,Lyon,3.0,3.0,D,0.0,0.0,D,8.0,6.0,6.0,5.0,4.0,0.0,20.0,19.0,5.0,4.0,0.0,0.0,
F1,11/03/2023,16:00,Auxerre,Rennes,0.0,0.0,D,0.0,0.0,D,12.0,7.0,0.0,2.0,8.0,0.0,14.0,11.0,2.0,2.0,0.0,0.0,
F1,11/03/2023,20:00,Brest,Paris SG,1.0,2.0,A,1.0,1.0,D,7.0,17.0,2.0,8.0,6.0,3.0,6.0,12.0,1.0,1.0,0.0,0.0,
F1,12/03/2023,12:00,Clermont,Lens,0.0,4.0,A,0.0,3.0,A,9.0,13.0,6.0,6.0,6.0,4.0,13.0,13.0,1.0,2.0,0.0,0.0,
F1,12/03/2023,14:00,Ajaccio,Montpellier,0.0,1.0,A,0.0,0.0,D,7.0,12.0,1.0,4.0,1.0,3.0,13.0,18.0,2.0,2.0,0.0,0.0,
F1,12/03/2023,14:00,Angers,Toulouse,0.0,2.0,A,0.0,1.0,A,13.0,8.0,2.0,5.0,6.0,8.0,8.0,11.0,0.0,1.0,0.0,0.0,
F1,12/03/2023,14:00,Lorient,Troyes,2.0,0.0,H,1.0,0.0,H,16.0,9.0,6.0,2.0,1.0,4.0,11.0,10.0,0.0,2.0,0.0,0.0,
F1,12/03/2023,14:00,Nantes,Nice,2.0,2.0,D,1.0,1.0,D,10.0,16.0,3.0,8.0,1.0,10.0,9.0,11.0,1.0,1.0,0.0,0.0,
F1,12/03/2023,16:05,Monaco,Reims,0.0,1.0,A,0.0,0.0,D,14.0,17.0,3.0,8.0,3.0,3.0,9.0,14.0,1.0,2.0,0.0,0.0,
F1,12/03/2023,19:45,Marseille,Strasbourg,2.0,2.0,D,0.0,0.0,D,7.0,24.0,4.0,9.0,1.0,8.0,6.0,15.0,0.0,4.0,1.0,0.0,
F1,17/03/2023,20:00,Lyon,Nantes,1.0,1.0,D,1.0,1.0,D,11.0,11.0,6.0,5.0,5.0,2.0,13.0,7.0,0.0,1.0,0.0,0.0,
F1,18/03/2023,16:00,Toulouse,Lille,0.0,2.0,A,0.0,0.0,D,16.0,18.0,4.0,5.0,12.0,8.0,12.0,2.0,2.0,0.0,0.0,0.0,
F1,18/03/2023,20:00,Lens,Angers,3.0,0.0,H,2.0,0.0,H,12.0,3.0,6.0,1.0,4.0,4.0,7.0,15.0,0.0,0.0,0.0,0.0,
F1,19/03/2023,12:00,Ajaccio,Monaco,0.0,2.0,A,0.0,1.0,A,10.0,8.0,1.0,4.0,1.0,4.0,20.0,13.0,2.0,1.0,1.0,0.0,
F1,19/03/2023,14:00,Montpellier,Clermont,2.0,1.0,H,0.0,1.0,A,23.0,16.0,9.0,8.0,11.0,4.0,15.0,15.0,3.0,1.0,1.0,0.0,
F1,19/03/2023,14:00,Nice,Lorient,1.0,1.0,D,0.0,1.0,A,16.0,9.0,1.0,3.0,10.0,2.0,13.0,10.0,0.0,2.0,0.0,1.0,
F1,19/03/2023,14:00,Strasbourg,Auxerre,2.0,0.0,H,1.0,0.0,H,13.0,8.0,6.0,1.0,5.0,4.0,14.0,11.0,2.0,1.0,0.0,0.0,
F1,19/03/2023,14:00,Troyes,Brest,2.0,2.0,D,2.0,1.0,H,15.0,9.0,5.0,2.0,7.0,4.0,12.0,10.0,1.0,1.0,0.0,0.0,
F1,19/03/2023,16:05,Paris SG,Rennes,0.0,2.0,A,0.0,1.0,A,17.0,10.0,8.0,3.0,6.0,3.0,11.0,12.0,1.0,1.0,0.0,0.0,
F1,19/03/2023,19:45,Reims,Marseille,1.0,2.0,A,1.0,2.0,A,19.0,12.0,6.0,5.0,6.0,5.0,13.0,11.0,2.0,3.0,0.0,0.0,
F1,31/03/2023,20:00,Marseille,Montpellier,1.0,1.0,D,1.0,1.0,D,13.0,9.0,2.0,3.0,1.0,3.0,15.0,9.0,2.0,2.0,0.0,0.0,
F1,01/04/2023,16:00,Auxerre,Troyes,1.0,0.0,H,0.0,0.0,D,13.0,14.0,5.0,2.0,4.0,5.0,7.0,15.0,0.0,0.0,0.0,0.0,
F1,01/04/2023,20:00,Rennes,Lens,0.0,1.0,A,0.0,1.0,A,10.0,12.0,3.0,4.0,5.0,5.0,13.0,11.0,2.0,2.0,0.0,0.0,
F1,02/04/2023,12:00,Lille,Lorient,3.0,1.0,H,1.0,0.0,H,20.0,2.0,7.0,1.0,5.0,1.0,14.0,9.0,3.0,3.0,0.0,1.0,
F1,02/04/2023,14:00,Angers,Nice,1.0,1.0,D,1.0,1.0,D,13.0,12.0,6.0,3.0,5.0,2.0,8.0,11.0,1.0,1.0,0.0,0.0,
F1,02/04/2023,14:00,Brest,Toulouse,3.0,1.0,H,1.0,1.0,D,17.0,8.0,7.0,3.0,4.0,2.0,16.0,12.0,2.0,5.0,0.0,1.0,
F1,02/04/2023,14:00,Clermont,Ajaccio,2.0,1.0,H,0.0,1.0,A,14.0,3.0,6.0,2.0,5.0,1.0,15.0,22.0,2.0,5.0,0.0,1.0,
F1,02/04/2023,14:00,Nantes,Reims,0.0,3.0,A,0.0,2.0,A,12.0,14.0,6.0,9.0,3.0,4.0,10.0,13.0,1.0,2.0,0.0,0.0,
F1,02/04/2023,16:05,Monaco,Strasbourg,4.0,3.0,H,1.0,2.0,A,9.0,13.0,7.0,6.0,3.0,3.0,15.0,17.0,3.0,1.0,1.0,0.0,
F1,02/04/2023,19:45,Paris SG,Lyon,0.0,1.0,A,0.0,0.0,D,16.0,10.0,5.0,3.0,7.0,1.0,10.0,16.0,3.0,3.0,0.0,0.0,
F1,07/04/2023,20:00,Lens,Strasbourg,2.0,1.0,H,1.0,0.0,H,13.0,13.0,9.0,3.0,5.0,1.0,19.0,19.0,1.0,5.0,0.0,1.0,
F1,08/04/2023,16:00,Angers,Lille,1.0,0.0,H,0.0,0.0,D,7.0,15.0,5.0,5.0,3.0,6.0,18.0,18.0,2.0,3.0,0.0,0.0,
F1,08/04/2023,20:00,Nice,Paris SG,0.0,2.0,A,0.0,1.0,A,21.0,13.0,7.0,4.0,10.0,5.0,8.0,2.0,1.0,0.0,0.0,0.0,
F1,09/04/2023,12:00,Lyon,Rennes,3.0,1.0,H,0.0,1.0,A,11.0,11.0,3.0,3.0,7.0,2.0,14.0,17.0,2.0,2.0,0.0,0.0,
F1,09/04/2023,14:00,Ajaccio,Auxerre,0.0,3.0,A,0.0,3.0,A,9.0,11.0,2.0,4.0,7.0,5.0,13.0,15.0,1.0,3.0,0.0,0.0,
F1,09/04/2023,14:00,Montpellier,Toulouse,1.0,2.0,A,0.0,1.0,A,16.0,15.0,8.0,8.0,4.0,3.0,16.0,19.0,0.0,2.0,0.0,0.0,
F1,09/04/2023,14:00,Reims,Brest,1.0,1.0,D,0.0,1.0,A,22.0,12.0,7.0,5.0,6.0,3.0,9.0,13.0,0.0,1.0,0.0,0.0,
F1,09/04/2023,14:00,Troyes,Clermont,0.0,2.0,A,0.0,2.0,A,9.0,12.0,3.0,4.0,3.0,2.0,18.0,9.0,3.0,2.0,0.0,0.0,
F1,09/04/2023,16:05,Nantes,Monaco,2.0,2.0,D,0.0,2.0,A,9.0,16.0,2.0,10.0,6.0,8.0,13.0,11.0,3.0,1.0,0.0,0.0,
F1,09/04/2023,19:45,Lorient,Marseille,0.0,0.0,D,0.0,0.0,D,9.0,13.0,5.0,2.0,3.0,6.0,10.0,18.0,0.0,2.0,0.0,0.0,
F1,14/04/2023,20:00,Toulouse,Lyon,1.0,2.0,A,1.0,1.0,D,13.0,14.0,6.0,3.0,8.0,5.0,14.0,10.0,1.0,4.0,0.0,0.0,
F1,15/04/2023,16:00,Rennes,Reims,3.0,0.0,H,2.0,0.0,H,23.0,5.0,8.0,1.0,6.0,4.0,12.0,14.0,1.0,2.0,0.0,0.0,
F1,15/04/2023,20:00,Paris SG,Lens,3.0,1.0,H,3.0,0.0,H,15.0,14.0,7.0,7.0,3.0,10.0,12.0,8.0,0.0,0.0,0.0,1.0,
F1,16/04/2023,12:00,Lille,Montpellier,2.0,1.0,H,0.0,1.0,A,17.0,4.0,7.0,1.0,8.0,4.0,15.0,19.0,1.0,3.0,0.0,0.0,
F1,16/04/2023,14:00,Auxerre,Nantes,2.0,1.0,H,2.0,0.0,H,13.0,17.0,7.0,7.0,3.0,6.0,14.0,8.0,2.0,2.0,0.0,0.0,
F1,16/04/2023,14:00,Brest,Nice,1.0,0.0,H,1.0,0.0,H,14.0,12.0,3.0,6.0,3.0,5.0,15.0,14.0,1.0,3.0,0.0,0.0,
F1,16/04/2023,14:00,Clermont,Angers,2.0,1.0,H,2.0,1.0,H,12.0,7.0,5.0,4.0,6.0,6.0,12.0,15.0,1.0,3.0,2.0,0.0,
F1,16/04/2023,14:00,Strasbourg,Ajaccio,3.0,1.0,H,1.0,0.0,H,12.0,8.0,6.0,1.0,5.0,0.0,14.0,19.0,2.0,5.0,0.0,0.0,
F1,16/04/2023,16:05,Monaco,Lorient,3.0,1.0,H,2.0,0.0,H,11.0,7.0,7.0,4.0,5.0,3.0,18.0,10.0,0.0,1.0,0.0,0.0,
F1,16/04/2023,19:45,Marseille,Troyes,3.0,1.0,H,2.0,0.0,H,28.0,4.0,6.0,2.0,8.0,1.0,13.0,8.0,0.0,2.0,0.0,0.0,
F1,21/04/2023,20:00,Angers,Paris SG,1.0,2.0,A,0.0,2.0,A,16.0,10.0,4.0,4.0,5.0,8.0,6.0,8.0,0.0,0.0,0.0,0.0,
F1,22/04/2023,16:00,Auxerre,Lille,1.0,1.0,D,0.0,1.0,A,8.0,14.0,4.0,6.0,4.0,4.0,12.0,12.0,0.0,1.0,0.0,0.0,
F1,22/04/2023,20:00,Lens,Monaco,3.0,0.0,H,2.0,0.0,H,21.0,11.0,8.0,4.0,2.0,4.0,8.0,14.0,0.0,2.0,0.0,0.0,
F1,23/04/2023,12:00,Reims,Strasbourg,0.0,2.0,A,0.0,2.0,A,15.0,9.0,5.0,3.0,6.0,4.0,11.0,12.0,2.0,1.0,0.0,0.0,
F1,23/04/2023,14:00,Ajaccio,Brest,0.0,0.0,D,0.0,0.0,D,3.0,10.0,2.0,2.0,4.0,4.0,11.0,20.0,2.0,2.0,1.0,0.0,
F1,23/04/2023,14:00,Lorient,Toulouse,0.0,1.0,A,0.0,0.0,D,9.0,13.0,1.0,4.0,2.0,7.0,13.0,12.0,3.0,2.0,0.0,0.0,
F1,23/04/2023,14:00,Nantes,Troyes,2.0,2.0,D,1.0,0.0,H,19.0,9.0,9.0,4.0,13.0,4.0,12.0,10.0,1.0,0.0,0.0,0.0,
F1,23/04/2023,14:00,Nice,Clermont,1.0,2.0,A,1.0,1.0,D,15.0,9.0,5.0,3.0,6.0,2.0,19.0,9.0,1.0,2.0,0.0,0.0,
F1,23/04/2023,16:05,Montpellier,Rennes,1.0,0.0,H,0.0,0.0,D,11.0,16.0,2.0,4.0,4.0,4.0,11.0,13.0,3.0,2.0,1.0,0.0,
F1,23/04/2023,19:45,Lyon,Marseille,1.0,2.0,A,0.0,1.0,A,7.0,14.0,2.0,7.0,5.0,3.0,11.0,18.0,2.0,1.0,0.0,0.0,
F1,28/04/2023,20:00,Strasbourg,Lyon,1.0,2.0,A,1.0,2.0,A,11.0,7.0,3.0,4.0,5.0,4.0,13.0,24.0,2.0,4.0,0.0,1.0,
F1,29/04/2023,16:00,Lille,Ajaccio,3.0,0.0,H,3.0,0.0,H,10.0,2.0,5.0,0.0,9.0,0.0,10.0,13.0,1.0,2.0,0.0,0.0,
F1,30/04/2023,12:00,Monaco,Montpellier,0.0,4.0,A,0.0,1.0,A,7.0,19.0,4.0,9.0,3.0,11.0,11.0,12.0,2.0,1.0,0.0,0.0,
F1,30/04/2023,14:00,Clermont,Reims,1.0,0.0,H,1.0,0.0,H,6.0,13.0,2.0,2.0,5.0,6.0,8.0,12.0,0.0,2.0,1.0,0.0,
F1,30/04/2023,14:00,Rennes,Angers,4.0,2.0,H,2.0,2.0,D,13.0,4.0,4.0,2.0,7.0,5.0,14.0,11.0,1.0,2.0,0.0,0.0,
F1,30/04/2023,14:00,Troyes,Nice,0.0,1.0,A,0.0,1.0,A,9.0,29.0,6.0,13.0,3.0,14.0,7.0,10.0,0.0,2.0,0.0,0.0,
F1,30/04/2023,16:05,Paris SG,Lorient,1.0,3.0,A,1.0,2.0,A,13.0,14.0,4.0,7.0,2.0,3.0,15.0,17.0,4.0,3.0,1.0,0.0,
F1,30/04/2023,19:45,Marseille,Auxerre,2.0,1.0,H,0.0,1.0,A,26.0,11.0,4.0,3.0,12.0,1.0,7.0,6.0,1.0,0.0,0.0,0.0,
F1,02/05/2023,20:00,Toulouse,Lens,0.0,1.0,A,0.0,1.0,A,9.0,11.0,2.0,3.0,5.0,0.0,5.0,7.0,1.0,2.0,0.0,0.0,
F1,03/05/2023,20:00,Brest,Nantes,2.0,0.0,H,2.0,0.0,H,8.0,13.0,4.0,5.0,2.0,4.0,7.0,15.0,0.0,1.0,0.0,0.0,
F1,06/05/2023,16:00,Nice,Rennes,2.0,1.0,H,0.0,0.0,D,11.0,14.0,4.0,4.0,4.0,7.0,11.0,11.0,0.0,1.0,0.0,0.0,
F1,06/05/2023,18:00,Reims,Lille,1.0,0.0,H,1.0,0.0,H,14.0,11.0,4.0,5.0,4.0,7.0,17.0,10.0,2.0,3.0,0.0,0.0,
F1,06/05/2023,20:00,Lens,Marseille,2.0,1.0,H,1.0,0.0,H,9.0,14.0,3.0,3.0,7.0,7.0,12.0,16.0,5.0,2.0,0.0,0.0,
F1,07/05/2023,12:00,Angers,Monaco,1.0,2.0,A,0.0,1.0,A,10.0,14.0,3.0,6.0,4.0,3.0,13.0,17.0,3.0,2.0,0.0,0.0,
F1,07/05/2023,14:00,Ajaccio,Toulouse,0.0,0.0,D,0.0,0.0,D,4.0,15.0,2.0,5.0,4.0,7.0,10.0,8.0,3.0,0.0,0.0,0.0,
F1,07/05/2023,14:00,Auxerre,Clermont,1.0,1.0,D,1.0,0.0,H,11.0,9.0,4.0,4.0,2.0,2.0,19.0,13.0,1.0,0.0,0.0,0.0,
F1,07/05/2023,14:00,Lorient,Brest,2.0,1.0,H,1.0,0.0,H,6.0,15.0,3.0,2.0,4.0,6.0,13.0,22.0,3.0,2.0,1.0,0.0,
F1,07/05/2023,14:00,Nantes,Strasbourg,0.0,2.0,A,0.0,1.0,A,13.0,8.0,5.0,6.0,11.0,1.0,22.0,15.0,3.0,1.0,0.0,0.0,
F1,07/05/2023,16:05,Lyon,Montpellier,5.0,4.0,H,1.0,2.0,A,16.0,12.0,8.0,6.0,3.0,5.0,12.0,14.0,0.0,3.0,0.0,0.0,
F1,07/05/2023,19:45,Troyes,Paris SG,1.0,3.0,A,0.0,1.0,A,7.0,31.0,3.0,12.0,6.0,6.0,5.0,5.0,1.0,0.0,0.0,0.0,
F1,12/05/2023,20:00,Lens,Reims,2.0,1.0,H,1.0,1.0,D,8.0,17.0,6.0,3.0,0.0,14.0,6.0,19.0,1.0,3.0,1.0,0.0,
F1,13/05/2023,16:00,Strasbourg,Nice,2.0,0.0,H,1.0,0.0,H,12.0,9.0,3.0,4.0,2.0,3.0,14.0,8.0,1.0,1.0,0.0,0.0,
F1,13/05/2023,20:00,Paris SG,Ajaccio,5.0,0.0,H,2.0,0.0,H,16.0,7.0,9.0,2.0,8.0,3.0,7.0,6.0,1.0,1.0,1.0,1.0,
F1,14/05/2023,12:00,Clermont,Lyon,2.0,1.0,H,1.0,1.0,D,9.0,15.0,6.0,4.0,5.0,2.0,17.0,10.0,3.0,3.0,0.0,0.0,
F1,14/05/2023,14:00,Brest,Auxerre,1.0,0.0,H,0.0,0.0,D,15.0,10.0,10.0,2.0,6.0,0.0,8.0,8.0,0.0,0.0,0.0,0.0,
F1,14/05/2023,14:00,Montpellier,Lorient,1.0,1.0,D,0.0,0.0,D,15.0,11.0,4.0,3.0,11.0,5.0,20.0,15.0,2.0,3.0,0.0,0.0,
F1,14/05/2023,14:00,Rennes,Troyes,4.0,0.0,H,1.0,0.0,H,26.0,4.0,9.0,0.0,9.0,1.0,4.0,9.0,0.0,1.0,0.0,0.0,
F1,14/05/2023,14:00,Toulouse,Nantes,0.0,0.0,D,0.0,0.0,D,14.0,8.0,6.0,1.0,10.0,5.0,6.0,13.0,1.0,1.0,0.0,0.0,
F1,14/05/2023,16:05,Monaco,Lille,0.0,0.0,D,0.0,0.0,D,8.0,10.0,1.0,4.0,3.0,4.0,19.0,13.0,0.0,2.0,0.0,0.0,
F1,14/05/2023,19:45,Marseille,Angers,3.0,1.0,H,1.0,1.0,D,14.0,4.0,6.0,1.0,7.0,0.0,17.0,9.0,1.0,2.0,0.0,0.0,
F1,19/05/2023,20:00,Lyon,Monaco,3.0,1.0,H,1.0,1.0,D,22.0,16.0,11.0,9.0,2.0,8.0,8.0,14.0,0.0,3.0,0.0,0.0,
F1,20/05/2023,16:00,Nantes,Montpellier,0.0,3.0,A,0.0,1.0,A,13.0,13.0,3.0,6.0,10.0,6.0,14.0,8.0,4.0,0.0,0.0,0.0,
F1,20/05/2023,20:00,Lille,Marseille,2.0,1.0,H,0.0,1.0,A,12.0,8.0,3.0,3.0,3.0,4.0,14.0,20.0,3.0,2.0,0.0,0.0,
F1,21/05/2023,12:00,Ajaccio,Rennes,0.0,5.0,A,0.0,4.0,A,2.0,13.0,0.0,7.0,2.0,5.0,8.0,14.0,1.0,2.0,1.0,0.0,
F1,21/05/2023,14:00,Brest,Clermont,2.0,1.0,H,1.0,1.0,D,10.0,8.0,3.0,2.0,7.0,1.0,16.0,11.0,3.0,4.0,0.0,0.0,
F1,21/05/2023,14:00,Nice,Toulouse,0.0,0.0,D,0.0,0.0,D,21.0,7.0,7.0,4.0,6.0,3.0,6.0,15.0,2.0,2.0,0.0,0.0,
F1,21/05/2023,14:00,Reims,Angers,2.0,2.0,D,1.0,0.0,H,11.0,7.0,5.0,3.0,7.0,3.0,14.0,11.0,0.0,2.0,0.0,0.0,
F1,21/05/2023,14:00,Troyes,Strasbourg,1.0,1.0,D,0.0,1.0,A,8.0,16.0,3.0,5.0,4.0,6.0,9.0,17.0,1.0,1.0,1.0,1.0,
F1,21/05/2023,16:05,Lorient,Lens,1.0,3.0,A,1.0,2.0,A,13.0,15.0,5.0,7.0,3.0,5.0,14.0,13.0,2.0,2.0,0.0,0.0,
F1,21/05/2023,19:45,Auxerre,Paris SG,1.0,2.0,A,0.0,2.0,A,14.0,15.0,7.0,4.0,4.0,6.0,11.0,6.0,1.0,0.0,0.0,0.0,
F1,27/05/2023,20:00,Angers,Troyes,2.0,1.0,H,1.0,1.0,D,18.0,5.0,5.0,3.0,14.0,3.0,12.0,7.0,1.0,1.0,0.0,0.0,
F1,27/05/2023,20:00,Clermont,Lorient,2.0,0.0,H,1.0,0.0,H,18.0,6.0,7.0,1.0,9.0,1.0,13.0,12.0,0.0,0.0,0.0,0.0,
F1,27/05/2023,20:00,Lens,Ajaccio,3.0,0.0,H,3.0,0.0,H,12.0,6.0,3.0,0.0,9.0,2.0,12.0,12.0,1.0,2.0,0.0,0.0,
F1,27/05/2023,20:00,Lille,Nantes,2.0,1.0,H,0.0,1.0,A,9.0,8.0,2.0,3.0,5.0,3.0,7.0,12.0,2.0,4.0,0.0,0.0,
F1,27/05/2023,20:00,Lyon,Reims,3.0,0.0,H,2.0,0.0,H,23.0,10.0,7.0,1.0,7.0,4.0,11.0,15.0,1.0,1.0,0.0,1.0,
F1,27/05/2023,20:00,Marseille,Brest,1.0,2.0,A,0.0,0.0,D,10.0,15.0,4.0,5.0,3.0,5.0,14.0,16.0,2.0,2.0,0.0,0.0,
F1,27/05/2023,20:00,Montpellier,Nice,2.0,3.0,A,2.0,0.0,H,14.0,23.0,8.0,15.0,2.0,10.0,12.0,16.0,0.0,3.0,0.0,0.0,
F1,27/05/2023,20:00,Rennes,Monaco,2.0,0.0,H,0.0,0.0,D,12.0,11.0,6.0,3.0,7.0,3.0,11.0,7.0,0.0,3.0,0.0,0.0,
F1,27/05/2023,20:00,Strasbourg,Paris SG,1.0,1.0,D,0.0,0.0,D,17.0,7.0,5.0,2.0,4.0,2.0,9.0,8.0,1.0,2.0,0.0,0.0,
F1,27/05/2023,20:00,Toulouse,Auxerre,1.0,1.0,D,1.0,1.0,D,10.0,16.0,3.0,2.0,6.0,3.0,18.0,14.0,1.0,3.0,0.0,0.0,
F1,03/06/2023,20:00,Ajaccio,Marseille,1.0,0.0,H,0.0,0.0,D,3.0,17.0,1.0,5.0,2.0,3.0,19.0,15.0,1.0,1.0,0.0,0.0,
F1,03/06/2023,20:00,Auxerre,Lens,1.0,3.0,A,0.0,1.0,A,17.0,15.0,5.0,7.0,5.0,5.0,10.0,16.0,1.0,3.0,0.0,0.0,
F1,03/06/2023,20:00,Brest,Rennes,1.0,2.0,A,1.0,2.0,A,14.0,12.0,5.0,3.0,3.0,3.0,10.0,14.0,2.0,4.0,0.0,0.0,
F1,03/06/2023,20:00,Lorient,Strasbourg,2.0,1.0,H,2.0,0.0,H,5.0,15.0,3.0,7.0,4.0,4.0,9.0,15.0,1.0,1.0,0.0,0.0,
F1,03/06/2023,20:00,Monaco,Toulouse,1.0,2.0,A,0.0,0.0,D,19.0,22.0,7.0,8.0,4.0,7.0,10.0,11.0,1.0,2.0,0.0,0.0,
F1,03/06/2023,20:00,Nantes,Angers,1.0,0.0,H,1.0,0.0,H,11.0,5.0,7.0,1.0,8.0,1.0,12.0,13.0,1.0,0.0,0.0,0.0,
F1,03/06/2023,20:00,Nice,Lyon,3.0,1.0,H,3.0,1.0,H,16.0,16.0,6.0,7.0,3.0,2.0,8.0,12.0,0.0,1.0,0.0,0.0,
F1,03/06/2023,20:00,Paris SG,Clermont,2.0,3.0,A,2.0,2.0,D,16.0,12.0,6.0,5.0,6.0,2.0,17.0,11.0,2.0,1.0,0.0,0.0,
F1,03/06/2023,20:00,Reims,Montpellier,1.0,3.0,A,1.0,0.0,H,11.0,16.0,5.0,8.0,4.0,7.0,16.0,9.0,1.0,2.0,0.0,0.0,
F1,03/06/2023,20:00,Troyes,Lille,1.0,1.0,D,0.0,0.0,D,8.0,18.0,3.0,7.0,2.0,8.0,9.0,15.0,0.0,4.0,0.0,0.0,
F1,11/08/2023,20:00,Nice,Lille,1.0,1.0,D,1.0,0.0,H,8.0,12.0,3.0,5.0,3.0,3.0,13.0,9.0,3.0,2.0,0.0,0.0,
F1,12/08/2023,16:00,Marseille,Reims,2.0,1.0,H,1.0,1.0,D,14.0,11.0,4.0,4.0,10.0,10.0,7.0,16.0,1.0,3.0,0.0,0.0,
F1,12/08/2023,20:00,Paris SG,Lorient,0.0,0.0,D,0.0,0.0,D,20.0,4.0,4.0,0.0,9.0,2.0,8.0,6.0,0.0,0.0,0.0,0.0,
F1,13/08/2023,12:00,Brest,Lens,3.0,2.0,H,1.0,2.0,A,15.0,10.0,8.0,2.0,6.0,8.0,13.0,15.0,2.0,3.0,0.0,1.0,
F1,13/08/2023,14:00,Clermont,Monaco,2.0,4.0,A,1.0,2.0,A,15.0,14.0,7.0,8.0,6.0,2.0,7.0,16.0,0.0,4.0,0.0,0.0,
F1,13/08/2023,14:00,Montpellier,Le Havre,2.0,2.0,D,0.0,1.0,A,15.0,12.0,5.0,4.0,5.0,2.0,8.0,12.0,1.0,2.0,0.0,0.0,
F1,13/08/2023,14:00,Nantes,Toulouse,1.0,2.0,A,1.0,0.0,H,9.0,9.0,4.0,5.0,7.0,5.0,14.0,14.0,2.0,2.0,0.0,0.0,
F1,13/08/2023,16:05,Rennes,Metz,5.0,1.0,H,1.0,1.0,D,29.0,9.0,14.0,3.0,5.0,4.0,7.0,10.0,0.0,2.0,0.0,0.0,
F1,13/08/2023,19:45,Strasbourg,Lyon,2.0,1.0,H,0.0,0.0,D,8.0,23.0,2.0,7.0,1.0,6.0,8.0,11.0,2.0,2.0,0.0,0.0,
F1,18/08/2023,20:00,Metz,Marseille,2.0,2.0,D,0.0,1.0,A,10.0,22.0,5.0,5.0,4.0,9.0,15.0,9.0,3.0,2.0,1.0,0.0,
F1,19/08/2023,18:00,Lyon,Montpellier,1.0,4.0,A,0.0,2.0,A,7.0,14.0,3.0,8.0,6.0,2.0,20.0,10.0,4.0,1.0,1.0,0.0,
F1,19/08/2023,20:00,Toulouse,Paris SG,1.0,1.0,D,0.0,0.0,D,8.0,16.0,2.0,3.0,5.0,5.0,8.0,11.0,0.0,3.0,0.0,0.0,
F1,20/08/2023,12:00,Lille,Nantes,2.0,0.0,H,0.0,0.0,D,18.0,14.0,8.0,4.0,7.0,5.0,8.0,15.0,0.0,2.0,1.0,0.0,
F1,20/08/2023,14:00,Le Havre,Brest,1.0,2.0,A,0.0,1.0,A,18.0,10.0,7.0,5.0,5.0,3.0,18.0,15.0,0.0,2.0,0.0,0.0,
F1,20/08/2023,14:00,Lorient,Nice,1.0,1.0,D,0.0,0.0,D,9.0,21.0,2.0,8.0,0.0,9.0,8.0,10.0,1.0,1.0,0.0,0.0,
F1,20/08/2023,14:00,Reims,Clermont,2.0,0.0,H,1.0,0.0,H,8.0,11.0,4.0,4.0,3.0,10.0,9.0,6.0,0.0,0.0,0.0,0.0,
F1,20/08/2023,16:05,Monaco,Strasbourg,3.0,0.0,H,2.0,0.0,H,9.0,4.0,4.0,1.0,4.0,3.0,19.0,16.0,2.0,1.0,0.0,0.0,
F1,20/08/2023,19:45,Lens,Rennes,1.0,1.0,D,1.0,0.0,H,15.0,10.0,4.0,5.0,11.0,0.0,15.0,10.0,2.0,1.0,0.0,0.0,
F1,25/08/2023,20:00,Nantes,Monaco,3.0,3.0,D,2.0,1.0,H,3.0,27.0,3.0,10.0,1.0,10.0,8.0,7.0,2.0,2.0,0.0,0.0,
F1,26/08/2023,18:00,Marseille,Brest,2.0,0.0,H,1.0,0.0,H,15.0,18.0,6.0,7.0,3.0,10.0,4.0,8.0,0.0,1.0,0.0,0.0,
F1,26/08/2023,20:00,Paris SG,Lens,3.0,1.0,H,1.0,0.0,H,17.0,12.0,7.0,4.0,5.0,5.0,8.0,16.0,0.0,5.0,0.0,0.0,
F1,27/08/2023,12:00,Rennes,Le Havre,2.0,2.0,D,2.0,1.0,H,22.0,7.0,8.0,3.0,5.0,2.0,5.0,7.0,1.0,2.0,0.0,1.0,
F1,27/08/2023,14:00,Clermont,Metz,0.0,1.0,A,0.0,0.0,D,16.0,10.0,4.0,5.0,10.0,2.0,8.0,10.0,1.0,1.0,0.0,0.0,
F1,27/08/2023,14:00,Montpellier,Reims,1.0,3.0,A,1.0,2.0,A,19.0,12.0,3.0,6.0,5.0,3.0,9.0,19.0,1.0,1.0,0.0,0.0,
F1,27/08/2023,14:00,Strasbourg,Toulouse,2.0,0.0,H,0.0,0.0,D,11.0,7.0,3.0,1.0,3.0,3.0,16.0,17.0,1.0,3.0,0.0,0.0,
F1,27/08/2023,16:05,Lorient,Lille,4.0,1.0,H,2.0,0.0,H,9.0,18.0,6.0,7.0,5.0,8.0,22.0,12.0,2.0,4.0,0.0,0.0,
F1,27/08/2023,19:45,Nice,Lyon,0.0,0.0,D,0.0,0.0,D,21.0,6.0,4.0,1.0,7.0,2.0,8.0,14.0,1.0,4.0,0.0,0.0,
F1,01/09/2023,20:00,Nantes,Marseille,1.0,1.0,D,1.0,1.0,D,10.0,26.0,2.0,9.0,2.0,7.0,7.0,13.0,0.0,2.0,1.0,0.0,
F1,02/09/2023,16:00,Brest,Rennes,0.0,0.0,D,0.0,0.0,D,13.0,6.0,2.0,3.0,7.0,5.0,12.0,12.0,3.0,1.0,0.0,0.0,
F1,02/09/2023,20:00,Monaco,Lens,3.0,0.0,H,2.0,0.0,H,11.0,12.0,6.0,1.0,5.0,2.0,21.0,16.0,4.0,2.0,0.0,0.0,
F1,03/09/2023,12:00,Toulouse,Clermont,2.0,2.0,D,2.0,1.0,H,9.0,15.0,5.0,3.0,0.0,8.0,19.0,17.0,1.0,3.0,0.0,0.0,
F1,03/09/2023,14:00,Le Havre,Lorient,3.0,0.0,H,0.0,0.0,D,17.0,9.0,6.0,2.0,5.0,4.0,10.0,7.0,0.0,0.0,0.0,0.0,
F1,03/09/2023,14:00,Lille,Montpellier,1.0,0.0,H,1.0,0.0,H,15.0,9.0,6.0,5.0,5.0,5.0,15.0,14.0,2.0,1.0,0.0,0.0,
F1,03/09/2023,14:00,Metz,Reims,2.0,2.0,D,1.0,1.0,D,12.0,12.0,4.0,2.0,4.0,1.0,10.0,17.0,0.0,4.0,0.0,0.0,
F1,03/09/2023,16:05,Nice,Strasbourg,2.0,0.0,H,1.0,0.0,H,16.0,4.0,6.0,0.0,5.0,2.0,7.0,12.0,2.0,1.0,0.0,0.0,
F1,03/09/2023,19:45,Lyon,Paris SG,1.0,4.0,A,0.0,4.0,A,19.0,22.0,8.0,8.0,5.0,2.0,9.0,5.0,2.0,2.0,0.0,0.0,
F1,15/09/2023,20:00,Paris SG,Nice,2.0,3.0,A,1.0,1.0,D,12.0,14.0,3.0,8.0,4.0,3.0,8.0,17.0,2.0,5.0,0.0,0.0,
F1,16/09/2023,16:00,Rennes,Lille,2.0,2.0,D,0.0,1.0,A,7.0,10.0,4.0,6.0,5.0,2.0,11.0,16.0,1.0,4.0,0.0,0.0,
F1,16/09/2023,20:00,Lens,Metz,0.0,1.0,A,0.0,1.0,A,31.0,2.0,10.0,2.0,9.0,1.0,12.0,12.0,1.0,2.0,0.0,0.0,
F1,17/09/2023,12:00,Lorient,Monaco,2.0,2.0,D,1.0,1.0,D,10.0,20.0,3.0,7.0,8.0,6.0,13.0,14.0,0.0,1.0,0.0,0.0,
F1,17/09/2023,14:00,Clermont,Nantes,0.0,1.0,A,0.0,0.0,D,16.0,8.0,3.0,5.0,6.0,3.0,16.0,16.0,2.0,2.0,0.0,0.0,
F1,17/09/2023,14:00,Reims,Brest,1.0,2.0,A,1.0,0.0,H,13.0,18.0,7.0,7.0,8.0,8.0,7.0,11.0,2.0,4.0,0.0,0.0,
F1,17/09/2023,14:00,Strasbourg,Montpellier,2.0,2.0,D,0.0,2.0,A,14.0,11.0,7.0,4.0,2.0,4.0,17.0,17.0,4.0,6.0,0.0,0.0,
F1,17/09/2023,16:05,Marseille,Toulouse,0.0,0.0,D,0.0,0.0,D,24.0,10.0,6.0,3.0,6.0,1.0,9.0,11.0,2.0,5.0,0.0,0.0,
F1,17/09/2023,19:45,Lyon,Le Havre,0.0,0.0,D,0.0,0.0,D,23.0,7.0,7.0,0.0,6.0,1.0,13.0,12.0,3.0,2.0,0.0,0.0,
F1,22/09/2023,20:00,Monaco,Nice,0.0,1.0,A,0.0,0.0,D,9.0,13.0,3.0,7.0,5.0,2.0,13.0,15.0,1.0,1.0,0.0,0.0,
F1,23/09/2023,16:00,Nantes,Lorient,5.0,3.0,H,1.0,1.0,D,19.0,10.0,9.0,7.0,4.0,2.0,8.0,17.0,1.0,3.0,0.0,0.0,
F1,23/09/2023,20:00,Brest,Lyon,1.0,0.0,H,0.0,0.0,D,27.0,6.0,11.0,3.0,10.0,1.0,17.0,16.0,3.0,1.0,0.0,0.0,
F1,24/09/2023,12:00,Metz,Strasbourg,0.0,1.0,A,0.0,0.0,D,13.0,4.0,1.0,1.0,1.0,1.0,16.0,15.0,2.0,0.0,0.0,0.0,
F1,24/09/2023,14:00,Le Havre,Clermont,2.0,1.0,H,2.0,1.0,H,9.0,11.0,3.0,4.0,1.0,3.0,15.0,17.0,2.0,3.0,0.0,0.0,
F1,24/09/2023,14:00,Lens,Toulouse,2.0,1.0,H,1.0,1.0,D,27.0,7.0,7.0,2.0,9.0,4.0,16.0,15.0,2.0,1.0,0.0,0.0,
F1,24/09/2023,16:05,Montpellier,Rennes,0.0,0.0,D,0.0,0.0,D,13.0,18.0,4.0,6.0,3.0,6.0,10.0,15.0,2.0,1.0,0.0,0.0,
F1,24/09/2023,19:45,Paris SG,Marseille,4.0,0.0,H,2.0,0.0,H,15.0,6.0,5.0,0.0,8.0,3.0,11.0,14.0,0.0,3.0,0.0,0.0,
F1,26/09/2023,20:00,Lille,Reims,1.0,2.0,A,0.0,2.0,A,14.0,4.0,3.0,4.0,4.0,2.0,4.0,19.0,1.0,2.0,0.0,0.0,
F1,29/09/2023,20:00,Strasbourg,Lens,0.0,1.0,A,0.0,1.0,A,8.0,9.0,2.0,2.0,2.0,3.0,16.0,15.0,2.0,4.0,0.0,0.0,
F1,30/09/2023,16:00,Clermont,Paris SG,0.0,0.0,D,0.0,0.0,D,12.0,21.0,3.0,10.0,6.0,9.0,11.0,16.0,2.0,3.0,0.0,0.0,
F1,30/09/2023,20:00,Monaco,Marseille,3.0,2.0,H,2.0,2.0,D,10.0,8.0,7.0,4.0,2.0,6.0,17.0,15.0,4.0,4.0,0.0,0.0,
F1,01/10/2023,12:00,Reims,Lyon,2.0,0.0,H,1.0,0.0,H,8.0,11.0,3.0,6.0,1.0,5.0,19.0,14.0,2.0,2.0,0.0,0.0,
F1,01/10/2023,14:00,Le Havre,Lille,0.0,2.0,A,0.0,1.0,A,5.0,16.0,0.0,6.0,6.0,6.0,18.0,6.0,0.0,0.0,0.0,0.0,
F1,01/10/2023,14:00,Nice,Brest,0.0,0.0,D,0.0,0.0,D,12.0,7.0,1.0,2.0,6.0,4.0,13.0,9.0,1.0,3.0,0.0,0.0,
F1,01/10/2023,14:00,Toulouse,Metz,3.0,0.0,H,2.0,0.0,H,15.0,8.0,10.0,3.0,4.0,6.0,10.0,7.0,3.0,0.0,0.0,0.0,
F1,01/10/2023,16:05,Lorient,Montpellier,0.0,3.0,A,0.0,1.0,A,14.0,14.0,3.0,8.0,8.0,3.0,13.0,6.0,2.0,1.0,0.0,0.0,
F1,01/10/2023,19:45,Rennes,Nantes,3.0,1.0,H,1.0,1.0,D,16.0,10.0,5.0,3.0,6.0,4.0,11.0,17.0,3.0,6.0,0.0,1.0,
F1,06/10/2023,20:00,Strasbourg,Nantes,1.0,2.0,A,0.0,0.0,D,11.0,16.0,3.0,7.0,3.0,11.0,15.0,12.0,4.0,0.0,0.0,0.0,
F1,07/10/2023,16:00,Metz,Nice,0.0,1.0,A,0.0,1.0,A,10.0,7.0,3.0,4.0,1.0,4.0,9.0,10.0,0.0,1.0,0.0,0.0,
F1,07/10/2023,20:00,Reims,Monaco,1.0,3.0,A,0.0,1.0,A,11.0,11.0,4.0,4.0,10.0,5.0,10.0,14.0,0.0,3.0,0.0,0.0,
F1,08/10/2023,12:00,Marseille,Le Havre,3.0,0.0,H,2.0,0.0,H,14.0,7.0,6.0,1.0,4.0,3.0,6.0,16.0,0.0,3.0,0.0,1.0,
F1,08/10/2023,14:00,Brest,Toulouse,1.0,1.0,D,0.0,1.0,A,13.0,9.0,2.0,3.0,3.0,5.0,18.0,18.0,2.0,2.0,0.0,0.0,
F1,08/10/2023,14:00,Lyon,Lorient,3.0,3.0,D,3.0,1.0,H,9.0,6.0,6.0,5.0,5.0,2.0,22.0,10.0,0.0,0.0,0.0,0.0,
F1,08/10/2023,16:05,Lens,Lille,1.0,1.0,D,0.0,1.0,A,14.0,8.0,5.0,3.0,8.0,5.0,14.0,16.0,2.0,4.0,0.0,0.0,
F1,08/10/2023,19:45,Rennes,Paris SG,1.0,3.0,A,0.0,2.0,A,14.0,17.0,4.0,7.0,1.0,7.0,12.0,15.0,1.0,0.0,0.0,0.0,
F1,20/10/2023,20:00,Le Havre,Lens,0.0,0.0,D,0.0,0.0,D,14.0,13.0,5.0,7.0,3.0,3.0,16.0,9.0,2.0,3.0,0.0,0.0,
F1,21/10/2023,16:00,Paris SG,Strasbourg,3.0,0.0,H,2.0,0.0,H,8.0,7.0,4.0,1.0,1.0,6.0,11.0,10.0,2.0,0.0,0.0,0.0,
F1,21/10/2023,20:00,Nice,Marseille,1.0,0.0,H,0.0,0.0,D,10.0,9.0,2.0,1.0,4.0,2.0,13.0,6.0,4.0,3.0,0.0,1.0,
F1,22/10/2023,12:00,Lorient,Rennes,2.0,1.0,H,2.0,1.0,H,5.0,20.0,4.0,6.0,6.0,16.0,5.0,14.0,0.0,2.0,0.0,0.0,
F1,22/10/2023,14:00,Lille,Brest,1.0,0.0,H,1.0,0.0,H,6.0,9.0,4.0,1.0,3.0,5.0,12.0,13.0,2.0,3.0,0.0,0.0,
F1,22/10/2023,14:00,Nantes,Montpellier,2.0,0.0,H,1.0,0.0,H,14.0,11.0,5.0,6.0,4.0,3.0,16.0,13.0,2.0,1.0,0.0,0.0,
F1,22/10/2023,14:00,Toulouse,Reims,1.0,1.0,D,0.0,0.0,D,11.0,15.0,5.0,4.0,5.0,7.0,18.0,15.0,2.0,0.0,0.0,0.0,
F1,22/10/2023,16:05,Monaco,Metz,2.0,1.0,H,1.0,1.0,D,27.0,8.0,13.0,4.0,10.0,2.0,12.0,11.0,1.0,3.0,0.0,0.0,
F1,22/10/2023,19:45,Lyon,Clermont,1.0,2.0,A,0.0,2.0,A,25.0,12.0,6.0,5.0,10.0,3.0,16.0,12.0,4.0,6.0,0.0,0.0,
F1,27/10/2023,20:00,Clermont,Nice,0.0,1.0,A,0.0,0.0,D,8.0,11.0,3.0,5.0,2.0,2.0,14.0,12.0,0.0,2.0,0.0,0.0,
F1,28/10/2023,16:00,Reims,Lorient,1.0,0.0,H,0.0,0.0,D,12.0,9.0,5.0,1.0,4.0,4.0,16.0,7.0,1.0,3.0,0.0,0.0,
F1,28/10/2023,20:00,Lens,Nantes,4.0,0.0,H,1.0,0.0,H,11.0,11.0,7.0,1.0,4.0,1.0,12.0,17.0,1.0,2.0,0.0,0.0,
F1,29/10/2023,12:00,Brest,Paris SG,2.0,3.0,A,1.0,2.0,A,20.0,17.0,5.0,10.0,9.0,5.0,14.0,10.0,3.0,4.0,0.0,0.0,
F1,29/10/2023,14:00,Lille,Monaco,2.0,0.0,H,2.0,0.0,H,7.0,16.0,5.0,6.0,2.0,8.0,17.0,13.0,1.0,2.0,0.0,0.0,
F1,29/10/2023,14:00,Metz,Le Havre,0.0,0.0,D,0.0,0.0,D,9.0,12.0,3.0,1.0,5.0,6.0,13.0,15.0,2.0,2.0,0.0,0.0,
F1,29/10/2023,14:00,Montpellier,Toulouse,3.0,0.0,H,1.0,0.0,H,19.0,16.0,6.0,5.0,3.0,4.0,13.0,15.0,2.0,3.0,0.0,0.0,
F1,29/10/2023,16:05,Rennes,Strasbourg,1.0,1.0,D,1.0,0.0,H,20.0,11.0,3.0,3.0,7.0,5.0,14.0,16.0,2.0,2.0,0.0,0.0,
F1,03/11/2023,20:00,Paris SG,Montpellier,3.0,0.0,H,1.0,0.0,H,21.0,7.0,10.0,2.0,9.0,2.0,10.0,13.0,1.0,0.0,0.0,0.0,
F1,04/11/2023,16:00,Lorient,Lens,0.0,0.0,D,0.0,0.0,D,7.0,14.0,2.0,7.0,1.0,5.0,10.0,14.0,3.0,3.0,0.0,0.0,
F1,04/11/2023,20:00,Marseille,Lille,0.0,0.0,D,0.0,0.0,D,8.0,10.0,3.0,1.0,2.0,8.0,10.0,12.0,2.0,3.0,0.0,0.0,
F1,05/11/2023,12:00,Lyon,Metz,1.0,1.0,D,0.0,0.0,D,15.0,10.0,4.0,5.0,4.0,9.0,16.0,14.0,1.0,1.0,0.0,0.0,
F1,05/11/2023,14:00,Nantes,Reims,0.0,1.0,A,0.0,0.0,D,17.0,7.0,4.0,4.0,10.0,6.0,5.0,11.0,1.0,2.0,0.0,0.0,
F1,05/11/2023,14:00,Strasbourg,Clermont,0.0,0.0,D,0.0,0.0,D,18.0,10.0,5.0,2.0,4.0,6.0,11.0,5.0,2.0,0.0,1.0,0.0,
F1,05/11/2023,14:00,Toulouse,Le Havre,1.0,2.0,A,0.0,0.0,D,17.0,15.0,5.0,7.0,4.0,6.0,9.0,12.0,2.0,2.0,0.0,0.0,
F1,05/11/2023,16:05,Monaco,Brest,2.0,0.0,H,1.0,0.0,H,12.0,15.0,6.0,1.0,6.0,4.0,15.0,11.0,2.0,4.0,0.0,1.0,
F1,05/11/2023,19:45,Nice,Rennes,2.0,0.0,H,1.0,0.0,H,16.0,11.0,4.0,4.0,2.0,1.0,7.0,12.0,0.0,2.0,1.0,1.0,
F1,10/11/2023,20:00,Montpellier,Nice,0.0,0.0,D,0.0,0.0,D,9.0,15.0,1.0,4.0,3.0,7.0,11.0,15.0,0.0,4.0,0.0,0.0,
F1,11/11/2023,16:00,Reims,Paris SG,0.0,3.0,A,0.0,1.0,A,19.0,14.0,6.0,6.0,8.0,4.0,14.0,6.0,1.0,0.0,0.0,0.0,
F1,11/11/2023,20:00,Le Havre,Monaco,0.0,0.0,D,0.0,0.0,D,9.0,10.0,5.0,4.0,2.0,4.0,10.0,18.0,2.0,3.0,0.0,0.0,
F1,12/11/2023,14:00,Clermont,Lorient,1.0,0.0,H,0.0,0.0,D,17.0,10.0,6.0,3.0,5.0,4.0,15.0,10.0,3.0,2.0,0.0,0.0,
F1,12/11/2023,14:00,Lille,Toulouse,1.0,1.0,D,1.0,0.0,H,13.0,2.0,6.0,1.0,11.0,1.0,12.0,16.0,3.0,4.0,0.0,0.0,
F1,12/11/2023,14:00,Metz,Nantes,3.0,1.0,H,2.0,1.0,H,9.0,16.0,4.0,3.0,2.0,5.0,7.0,9.0,0.0,0.0,0.0,0.0,
F1,12/11/2023,16:05,Rennes,Lyon,0.0,1.0,A,0.0,0.0,D,8.0,12.0,2.0,5.0,6.0,9.0,5.0,18.0,3.0,1.0,1.0,0.0,
F1,12/11/2023,19:45,Lens,Marseille,1.0,0.0,H,0.0,0.0,D,14.0,8.0,3.0,2.0,4.0,5.0,19.0,15.0,2.0,2.0,0.0,0.0,
F1,24/11/2023,20:00,Paris SG,Monaco,5.0,2.0,H,2.0,1.0,H,16.0,14.0,11.0,7.0,2.0,10.0,9.0,19.0,0.0,1.0,0.0,0.0,
F1,25/11/2023,16:00,Clermont,Lens,0.0,3.0,A,0.0,1.0,A,13.0,16.0,4.0,10.0,2.0,4.0,16.0,17.0,2.0,3.0,1.0,1.0,
F1,25/11/2023,20:00,Strasbourg,Marseille,1.0,1.0,D,1.0,1.0,D,15.0,16.0,7.0,3.0,7.0,11.0,14.0,16.0,1.0,2.0,0.0,0.0,
F1,26/11/2023,12:00,Nice,Toulouse,1.0,0.0,H,0.0,0.0,D,8.0,19.0,3.0,3.0,4.0,2.0,9.0,19.0,0.0,4.0,0.0,0.0,
F1,26/11/2023,14:00,Lorient,Metz,2.0,3.0,A,2.0,1.0,H,11.0,14.0,5.0,5.0,5.0,6.0,10.0,17.0,2.0,1.0,0.0,0.0,
F1,26/11/2023,14:00,Montpellier,Brest,1.0,3.0,A,0.0,1.0,A,17.0,17.0,5.0,5.0,9.0,1.0,11.0,18.0,2.0,2.0,0.0,0.0,
F1,26/11/2023,14:00,Nantes,Le Havre,0.0,0.0,D,0.0,0.0,D,19.0,6.0,3.0,0.0,10.0,5.0,10.0,17.0,1.0,2.0,0.0,1.0,
F1,26/11/2023,16:05,Rennes,Reims,3.0,1.0,H,1.0,1.0,D,10.0,15.0,5.0,5.0,1.0,8.0,10.0,18.0,2.0,2.0,0.0,0.0,
F1,26/11/2023,19:45,Lyon,Lille,0.0,2.0,A,0.0,2.0,A,11.0,15.0,5.0,8.0,3.0,5.0,17.0,5.0,2.0,2.0,0.0,0.0,
F1,29/11/2023,18:00,Montpellier,Clermont,1.0,1.0,D,0.0,1.0,A,32.0,5.0,10.0,1.0,8.0,0.0,23.0,14.0,3.0,4.0,0.0,0.0,
F1,01/12/2023,20:00,Reims,Strasbourg,2.0,1.0,H,2.0,0.0,H,13.0,10.0,4.0,3.0,4.0,5.0,7.0,7.0,1.0,1.0,0.0,0.0,
F1,02/12/2023,16:00,Lens,Lyon,3.0,2.0,H,1.0,1.0,D,10.0,12.0,7.0,7.0,3.0,6.0,11.0,14.0,2.0,0.0,1.0,0.0,
F1,02/12/2023,20:00,Nantes,Nice,1.0,0.0,H,1.0,0.0,H,13.0,13.0,4.0,6.0,5.0,6.0,15.0,18.0,3.0,0.0,0.0,0.0,
F1,03/12/2023,12:00,Le Havre,Paris SG,0.0,2.0,A,0.0,1.0,A,22.0,9.0,7.0,5.0,9.0,2.0,11.0,9.0,2.0,1.0,0.0,1.0,
F1,03/12/2023,14:00,Brest,Clermont,3.0,0.0,H,2.0,0.0,H,12.0,10.0,7.0,1.0,4.0,2.0,11.0,17.0,1.0,2.0,0.0,0.0,
F1,03/12/2023,14:00,Monaco,Montpellier,2.0,0.0,H,1.0,0.0,H,27.0,9.0,9.0,4.0,8.0,2.0,15.0,13.0,2.0,3.0,0.0,1.0,
F1,03/12/2023,14:00,Toulouse,Lorient,1.0,1.0,D,0.0,0.0,D,11.0,11.0,6.0,5.0,3.0,4.0,16.0,10.0,2.0,4.0,0.0,0.0,
F1,03/12/2023,16:05,Lille,Metz,2.0,0.0,H,2.0,0.0,H,16.0,7.0,6.0,4.0,6.0,1.0,8.0,11.0,0.0,0.0,0.0,0.0,
F1,03/12/2023,19:45,Marseille,Rennes,2.0,0.0,H,1.0,0.0,H,5.0,10.0,2.0,0.0,1.0,6.0,9.0,15.0,1.0,3.0,1.0,1.0,
F1,06/12/2023,20:00,Marseille,Lyon,3.0,0.0,H,2.0,0.0,H,12.0,6.0,5.0,1.0,10.0,3.0,14.0,11.0,1.0,2.0,0.0,0.0,
F1,07/12/2023,19:30,Brest,Strasbourg,1.0,1.0,D,1.0,0.0,H,13.0,9.0,3.0,5.0,6.0,0.0,11.0,18.0,1.0,0.0,0.0,0.0,
F1,08/12/2023,20:00,Montpellier,Lens,0.0,0.0,D,0.0,0.0,D,18.0,13.0,4.0,5.0,4.0,3.0,16.0,11.0,2.0,3.0,0.0,0.0,
F1,09/12/2023,16:00,Rennes,Monaco,1.0,2.0,A,0.0,0.0,D,15.0,12.0,5.0,5.0,5.0,5.0,9.0,22.0,3.0,6.0,0.0,1.0,
F1,09/12/2023,20:00,Paris SG,Nantes,2.0,1.0,H,1.0,0.0,H,16.0,10.0,6.0,4.0,5.0,3.0,9.0,12.0,1.0,3.0,0.0,0.0,
F1,10/12/2023,12:00,Nice,Reims,2.0,1.0,H,0.0,0.0,D,15.0,9.0,5.0,2.0,9.0,0.0,13.0,6.0,2.0,3.0,0.0,0.0,
F1,10/12/2023,14:00,Clermont,Lille,0.0,0.0,D,0.0,0.0,D,16.0,12.0,5.0,3.0,3.0,6.0,18.0,9.0,2.0,2.0,0.0,0.0,
F1,10/12/2023,14:00,Metz,Brest,0.0,1.0,A,0.0,0.0,D,6.0,4.0,3.0,3.0,3.0,2.0,14.0,16.0,3.0,2.0,0.0,0.0,
F1,10/12/2023,14:00,Strasbourg,Le Havre,2.0,1.0,H,1.0,0.0,H,12.0,15.0,3.0,3.0,4.0,3.0,14.0,15.0,3.0,1.0,0.0,0.0,
F1,10/12/2023,16:05,Lyon,Toulouse,3.0,0.0,H,2.0,0.0,H,15.0,16.0,7.0,6.0,2.0,1.0,15.0,15.0,2.0,3.0,0.0,0.0,
F1,10/12/2023,19:45,Lorient,Marseille,2.0,4.0,A,1.0,4.0,A,15.0,18.0,9.0,8.0,4.0,6.0,17.0,17.0,5.0,3.0,0.0,1.0,
F1,15/12/2023,20:00,Monaco,Lyon,0.0,1.0,A,0.0,0.0,D,19.0,5.0,4.0,2.0,6.0,1.0,13.0,12.0,1.0,2.0,0.0,0.0,
F1,16/12/2023,16:00,Le Havre,Nice,3.0,1.0,H,2.0,0.0,H,9.0,13.0,5.0,6.0,2.0,9.0,13.0,9.0,3.0,2.0,1.0,1.0,
F1,16/12/2023,20:00,Lens,Reims,2.0,0.0,H,1.0,0.0,H,7.0,14.0,2.0,3.0,4.0,7.0,9.0,10.0,0.0,1.0,0.0,0.0,
F1,17/12/2023,12:00,Nantes,Brest,0.0,2.0,A,0.0,0.0,D,12.0,14.0,4.0,8.0,4.0,3.0,15.0,8.0,1.0,3.0,0.0,0.0,
F1,17/12/2023,14:00,Lorient,Strasbourg,1.0,2.0,A,0.0,1.0,A,7.0,12.0,1.0,9.0,6.0,1.0,14.0,12.0,3.0,2.0,0.0,0.0,
F1,17/12/2023,14:00,Metz,Montpellier,0.0,1.0,A,0.0,1.0,A,19.0,6.0,4.0,3.0,12.0,5.0,15.0,14.0,2.0,2.0,0.0,0.0,
F1,17/12/2023,14:00,Toulouse,Rennes,0.0,0.0,D,0.0,0.0,D,15.0,11.0,6.0,4.0,4.0,4.0,17.0,14.0,3.0,2.0,0.0,0.0,
F1,17/12/2023,16:05,Marseille,Clermont,2.0,1.0,H,2.0,0.0,H,15.0,5.0,6.0,2.0,4.0,1.0,12.0,14.0,0.0,3.0,0.0,0.0,
F1,17/12/2023,19:45,Lille,Paris SG,1.0,1.0,D,0.0,0.0,D,15.0,10.0,3.0,2.0,8.0,8.0,9.0,19.0,1.0,1.0,0.0,0.0,
F1,20/12/2023,20:00,Brest,Lorient,4.0,0.0,H,4.0,0.0,H,12.0,7.0,7.0,3.0,1.0,0.0,8.0,17.0,1.0,2.0,0.0,0.0,
F1,20/12/2023,20:00,Clermont,Rennes,1.0,3.0,A,1.0,0.0,H,14.0,25.0,6.0,11.0,4.0,5.0,8.0,11.0,0.0,3.0,1.0,0.0,
F1,20/12/2023,20:00,Lyon,Nantes,1.0,0.0,H,0.0,0.0,D,8.0,7.0,7.0,0.0,7.0,7.0,8.0,14.0,1.0,2.0,1.0,0.0,
F1,20/12/2023,20:00,Montpellier,Marseille,1.0,1.0,D,1.0,0.0,H,12.0,17.0,6.0,4.0,5.0,10.0,21.0,13.0,2.0,1.0,0.0,0.0,
F1,20/12/2023,20:00,Nice,Lens,2.0,0.0,H,0.0,0.0,D,14.0,10.0,5.0,3.0,5.0,6.0,14.0,11.0,2.0,2.0,0.0,0.0,
F1,20/12/2023,20:00,Paris SG,Metz,3.0,1.0,H,0.0,0.0,D,13.0,3.0,5.0,1.0,5.0,5.0,6.0,9.0,0.0,1.0,0.0,0.0,
F1,20/12/2023,20:00,Reims,Le Havre,1.0,0.0,H,1.0,0.0,H,22.0,4.0,7.0,1.0,6.0,2.0,7.0,6.0,1.0,1.0,0.0,1.0,
F1,20/12/2023,20:00,Strasbourg,Lille,2.0,1.0,H,1.0,1.0,D,9.0,9.0,2.0,2.0,6.0,5.0,19.0,10.0,1.0,2.0,0.0,0.0,
F1,20/12/2023,20:00,Toulouse,Monaco,1.0,2.0,A,1.0,2.0,A,20.0,12.0,5.0,4.0,4.0,5.0,17.0,10.0,2.0,3.0,0.0,1.0,
F1,12/01/2024,20:00,Marseille,Strasbourg,1.0,1.0,D,1.0,0.0,H,8.0,18.0,2.0,4.0,6.0,4.0,11.0,10.0,3.0,2.0,0.0,0.0,
F1,13/01/2024,16:00,Monaco,Reims,1.0,3.0,A,0.0,1.0,A,9.0,12.0,5.0,5.0,6.0,6.0,11.0,9.0,3.0,2.0,0.0,0.0,
F1,13/01/2024,20:00,Rennes,Nice,2.0,0.0,H,1.0,0.0,H,15.0,9.0,5.0,2.0,6.0,6.0,13.0,11.0,1.0,0.0,0.0,0.0,
F1,14/01/2024,12:00,Lille,Lorient,3.0,0.0,H,1.0,0.0,H,24.0,1.0,10.0,0.0,7.0,1.0,10.0,22.0,1.0,4.0,0.0,0.0,
F1,14/01/2024,14:00,Brest,Montpellier,2.0,0.0,H,0.0,0.0,D,26.0,9.0,9.0,4.0,3.0,3.0,6.0,7.0,1.0,2.0,0.0,0.0,
F1,14/01/2024,14:00,Metz,Toulouse,0.0,1.0,A,0.0,1.0,A,14.0,4.0,2.0,2.0,5.0,2.0,20.0,18.0,3.0,2.0,1.0,0.0,
F1,14/01/2024,14:00,Nantes,Clermont,1.0,2.0,A,0.0,1.0,A,20.0,15.0,9.0,6.0,11.0,5.0,10.0,5.0,1.0,1.0,1.0,0.0,
F1,14/01/2024,16:05,Le Havre,Lyon,3.0,1.0,H,1.0,0.0,H,14.0,9.0,7.0,2.0,3.0,7.0,15.0,4.0,1.0,0.0,0.0,2.0,
F1,14/01/2024,19:45,Lens,Paris SG,0.0,2.0,A,0.0,1.0,A,17.0,15.0,5.0,7.0,5.0,6.0,10.0,8.0,0.0,1.0,1.0,0.0,
F1,26/01/2024,20:00,Lyon,Rennes,2.0,3.0,A,0.0,3.0,A,12.0,11.0,6.0,5.0,3.0,2.0,15.0,12.0,2.0,2.0,0.0,0.0,
F1,27/01/2024,16:00,Nice,Metz,1.0,0.0,H,0.0,0.0,D,15.0,2.0,9.0,1.0,5.0,2.0,10.0,13.0,1.0,1.0,0.0,0.0,
F1,27/01/2024,20:00,Marseille,Monaco,2.0,2.0,D,1.0,2.0,A,22.0,6.0,9.0,5.0,10.0,1.0,11.0,12.0,1.0,3.0,0.0,2.0,
F1,28/01/2024,12:00,Montpellier,Lille,0.0,0.0,D,0.0,0.0,D,12.0,12.0,7.0,0.0,5.0,2.0,13.0,16.0,4.0,3.0,0.0,1.0,
F1,28/01/2024,14:00,Clermont,Strasbourg,1.0,1.0,D,0.0,1.0,A,14.0,6.0,6.0,2.0,5.0,2.0,12.0,16.0,1.0,3.0,0.0,0.0,
F1,28/01/2024,14:00,Lorient,Le Havre,3.0,3.0,D,1.0,1.0,D,13.0,14.0,6.0,5.0,1.0,4.0,15.0,21.0,4.0,4.0,0.0,0.0,
F1,28/01/2024,14:00,Reims,Nantes,0.0,0.0,D,0.0,0.0,D,10.0,7.0,1.0,5.0,6.0,2.0,8.0,16.0,3.0,2.0,0.0,0.0,
F1,28/01/2024,16:05,Toulouse,Lens,0.0,2.0,A,0.0,1.0,A,13.0,13.0,4.0,5.0,10.0,7.0,11.0,14.0,3.0,3.0,0.0,0.0,
F1,28/01/2024,19:45,Paris SG,Brest,2.0,2.0,D,2.0,0.0,H,10.0,9.0,4.0,6.0,7.0,0.0,12.0,10.0,5.0,3.0,1.0,0.0,
F1,02/02/2024,20:00,Strasbourg,Paris SG,1.0,2.0,A,0.0,1.0,A,20.0,9.0,8.0,5.0,3.0,4.0,12.0,13.0,3.0,1.0,0.0,0.0,
F1,03/02/2024,16:00,Rennes,Montpellier,2.0,1.0,H,1.0,0.0,H,9.0,17.0,3.0,9.0,5.0,3.0,17.0,12.0,4.0,3.0,0.0,0.0,
F1,03/02/2024,20:00,Nantes,Lens,0.0,1.0,A,0.0,0.0,D,7.0,12.0,2.0,4.0,2.0,3.0,16.0,11.0,2.0,2.0,0.0,0.0,
F1,04/02/2024,12:00,Monaco,Le Havre,1.0,1.0,D,0.0,0.0,D,17.0,3.0,5.0,0.0,9.0,4.0,16.0,11.0,3.0,2.0,0.0,0.0,
F1,04/02/2024,14:00,Lille,Clermont,4.0,0.0,H,4.0,0.0,H,23.0,4.0,13.0,3.0,12.0,1.0,8.0,10.0,0.0,1.0,0.0,0.0,
F1,04/02/2024,14:00,Metz,Lorient,1.0,2.0,A,1.0,1.0,D,10.0,12.0,3.0,4.0,4.0,3.0,12.0,13.0,3.0,1.0,0.0,0.0,
F1,04/02/2024,14:00,Reims,Toulouse,2.0,3.0,A,0.0,3.0,A,17.0,9.0,5.0,4.0,10.0,6.0,13.0,16.0,2.0,3.0,0.0,0.0,
F1,04/02/2024,16:05,Brest,Nice,0.0,0.0,D,0.0,0.0,D,17.0,13.0,2.0,1.0,3.0,5.0,12.0,12.0,3.0,1.0,0.0,0.0,
F1,04/02/2024,19:45,Lyon,Marseille,1.0,0.0,H,1.0,0.0,H,12.0,8.0,7.0,1.0,3.0,2.0,14.0,10.0,2.0,1.0,0.0,0.0,
F1,09/02/2024,20:00,Marseille,Metz,1.0,1.0,D,0.0,0.0,D,18.0,7.0,6.0,3.0,6.0,3.0,12.0,16.0,2.0,0.0,1.0,0.0,
F1,10/02/2024,16:00,Lens,Strasbourg,3.0,1.0,H,2.0,1.0,H,10.0,19.0,6.0,5.0,4.0,5.0,14.0,14.0,2.0,1.0,0.0,0.0,
F1,10/02/2024,20:00,Paris SG,Lille,3.0,1.0,H,2.0,1.0,H,16.0,10.0,8.0,3.0,6.0,8.0,12.0,10.0,2.0,3.0,0.0,0.0,
F1,11/02/2024,12:00,Le Havre,Rennes,0.0,1.0,A,0.0,0.0,D,13.0,11.0,5.0,2.0,5.0,1.0,14.0,7.0,2.0,1.0,0.0,0.0,
F1,11/02/2024,14:00,Clermont,Brest,1.0,1.0,D,0.0,0.0,D,7.0,15.0,2.0,9.0,2.0,4.0,12.0,13.0,2.0,4.0,1.0,1.0,
F1,11/02/2024,14:00,Lorient,Reims,2.0,0.0,H,0.0,0.0,D,17.0,23.0,5.0,6.0,1.0,7.0,9.0,14.0,1.0,1.0,0.0,0.0,
F1,11/02/2024,14:00,Toulouse,Nantes,1.0,2.0,A,0.0,1.0,A,16.0,5.0,3.0,2.0,12.0,0.0,10.0,13.0,2.0,1.0,0.0,0.0,
F1,11/02/2024,16:05,Montpellier,Lyon,1.0,2.0,A,1.0,0.0,H,15.0,19.0,8.0,5.0,1.0,5.0,11.0,11.0,1.0,2.0,0.0,0.0,
F1,11/02/2024,19:45,Nice,Monaco,2.0,3.0,A,1.0,1.0,D,15.0,9.0,5.0,5.0,8.0,2.0,17.0,14.0,5.0,4.0,1.0,0.0,
F1,16/02/2024,20:00,Lyon,Nice,1.0,0.0,H,1.0,0.0,H,9.0,20.0,1.0,6.0,4.0,9.0,8.0,12.0,0.0,1.0,0.0,0.0,
F1,17/02/2024,16:00,Lille,Le Havre,3.0,0.0,H,2.0,0.0,H,17.0,6.0,8.0,2.0,1.0,3.0,11.0,17.0,2.0,3.0,0.0,0.0,
F1,17/02/2024,20:00,Nantes,Paris SG,0.0,2.0,A,0.0,0.0,D,12.0,12.0,7.0,2.0,3.0,8.0,10.0,12.0,1.0,0.0,0.0,0.0,
F1,18/02/2024,12:00,Strasbourg,Lorient,1.0,3.0,A,0.0,2.0,A,18.0,13.0,4.0,6.0,9.0,4.0,13.0,12.0,3.0,1.0,1.0,0.0,
F1,18/02/2024,14:00,Monaco,Toulouse,1.0,2.0,A,0.0,1.0,A,22.0,14.0,5.0,7.0,4.0,6.0,18.0,12.0,1.0,3.0,0.0,0.0,
F1,18/02/2024,14:00,Montpellier,Metz,3.0,0.0,H,1.0,0.0,H,21.0,14.0,7.0,4.0,7.0,4.0,17.0,13.0,3.0,3.0,0.0,0.0,
F1,18/02/2024,14:00,Rennes,Clermont,3.0,1.0,H,1.0,0.0,H,16.0,14.0,8.0,5.0,4.0,4.0,9.0,10.0,1.0,0.0,0.0,1.0,
F1,18/02/2024,16:05,Reims,Lens,1.0,1.0,D,1.0,1.0,D,11.0,9.0,2.0,1.0,3.0,2.0,15.0,9.0,2.0,2.0,0.0,0.0,
F1,18/02/2024,19:45,Brest,Marseille,1.0,0.0,H,0.0,0.0,D,15.0,9.0,5.0,2.0,6.0,4.0,14.0,9.0,3.0,1.0,1.0,0.0,
F1,23/02/2024,20:00,Metz,Lyon,1.0,2.0,A,1.0,1.0,D,15.0,11.0,4.0,5.0,4.0,3.0,13.0,12.0,1.0,2.0,0.0,0.0,
F1,24/02/2024,16:00,Lorient,Nantes,0.0,1.0,A,0.0,0.0,D,6.0,7.0,1.0,6.0,3.0,8.0,11.0,11.0,0.0,2.0,0.0,0.0,
F1,24/02/2024,20:00,Strasbourg,Brest,0.0,3.0,A,0.0,2.0,A,6.0,15.0,2.0,8.0,0.0,4.0,21.0,10.0,3.0,0.0,0.0,0.0,
F1,25/02/2024,12:00,Lens,Monaco,2.0,3.0,A,1.0,2.0,A,20.0,15.0,10.0,9.0,9.0,3.0,10.0,13.0,6.0,3.0,0.0,0.0,
F1,25/02/2024,14:00,Le Havre,Reims,1.0,2.0,A,0.0,0.0,D,18.0,16.0,4.0,5.0,5.0,5.0,11.0,13.0,3.0,3.0,0.0,1.0,
F1,25/02/2024,14:00,Nice,Clermont,0.0,0.0,D,0.0,0.0,D,23.0,13.0,4.0,5.0,8.0,1.0,8.0,12.0,2.0,1.0,0.0,0.0,
F1,25/02/2024,14:00,Toulouse,Lille,3.0,1.0,H,0.0,1.0,A,14.0,12.0,4.0,2.0,6.0,8.0,20.0,10.0,2.0,0.0,0.0,0.0,
F1,25/02/2024,16:05,Paris SG,Rennes,1.0,1.0,D,0.0,1.0,A,15.0,3.0,3.0,1.0,4.0,0.0,13.0,16.0,5.0,3.0,0.0,0.0,
F1,25/02/2024,19:45,Marseille,Montpellier,4.0,1.0,H,2.0,1.0,H,16.0,9.0,6.0,4.0,7.0,4.0,8.0,12.0,2.0,4.0,0.0,0.0,
F1,01/03/2024,20:00,Monaco,Paris SG,0.0,0.0,D,0.0,0.0,D,14.0,14.0,6.0,7.0,5.0,6.0,10.0,13.0,0.0,0.0,0.0,0.0,
F1,02/03/2024,16:00,Reims,Lille,0.0,1.0,A,0.0,0.0,D,8.0,8.0,3.0,3.0,4.0,4.0,12.0,14.0,3.0,2.0,0.0,0.0,
F1,02/03/2024,20:00,Clermont,Marseille,1.0,5.0,A,0.0,1.0,A,7.0,17.0,2.0,11.0,7.0,4.0,9.0,13.0,2.0,1.0,0.0,0.0,
F1,03/03/2024,12:00,Toulouse,Nice,2.0,1.0,H,0.0,1.0,A,17.0,9.0,6.0,6.0,7.0,6.0,16.0,10.0,2.0,2.0,0.0,0.0,
F1,03/03/2024,14:00,Brest,Le Havre,1.0,0.0,H,1.0,0.0,H,8.0,11.0,4.0,2.0,0.0,2.0,21.0,15.0,4.0,1.0,0.0,0.0,
F1,03/03/2024,14:00,Montpellier,Strasbourg,2.0,2.0,D,0.0,0.0,D,21.0,12.0,7.0,4.0,8.0,4.0,12.0,17.0,1.0,3.0,0.0,0.0,
F1,03/03/2024,14:00,Nantes,Metz,0.0,2.0,A,0.0,0.0,D,9.0,13.0,2.0,4.0,10.0,3.0,7.0,11.0,3.0,2.0,0.0,0.0,
F1,03/03/2024,16:05,Rennes,Lorient,1.0,2.0,A,0.0,0.0,D,22.0,12.0,6.0,6.0,6.0,3.0,12.0,9.0,1.0,2.0,0.0,0.0,
F1,03/03/2024,19:45,Lyon,Lens,0.0,3.0,A,0.0,1.0,A,13.0,18.0,4.0,8.0,2.0,4.0,5.0,15.0,0.0,2.0,1.0,0.0,
F1,08/03/2024,20:00,Nice,Montpellier,1.0,2.0,A,1.0,2.0,A,19.0,7.0,5.0,2.0,8.0,5.0,13.0,11.0,1.0,2.0,0.0,0.0,
F1,09/03/2024,16:00,Lorient,Lyon,0.0,2.0,A,0.0,0.0,D,9.0,13.0,0.0,6.0,4.0,7.0,10.0,7.0,0.0,0.0,0.0,0.0,
F1,09/03/2024,20:00,Lens,Brest,1.0,0.0,H,1.0,0.0,H,6.0,9.0,2.0,3.0,2.0,4.0,13.0,10.0,1.0,2.0,0.0,0.0,
F1,10/03/2024,12:00,Paris SG,Reims,2.0,2.0,D,2.0,2.0,D,19.0,8.0,6.0,3.0,7.0,2.0,10.0,12.0,2.0,2.0,0.0,0.0,
F1,10/03/2024,14:00,Le Havre,Toulouse,1.0,0.0,H,0.0,0.0,D,12.0,5.0,4.0,0.0,3.0,3.0,12.0,17.0,1.0,1.0,0.0,0.0,
F1,10/03/2024,14:00,Metz,Clermont,1.0,0.0,H,1.0,0.0,H,11.0,13.0,2.0,6.0,5.0,7.0,10.0,10.0,1.0,3.0,0.0,0.0,
F1,10/03/2024,14:00,Strasbourg,Monaco,0.0,1.0,A,0.0,0.0,D,8.0,17.0,1.0,6.0,5.0,8.0,9.0,15.0,1.0,3.0,0.0,0.0,
F1,10/03/2024,16:05,Lille,Rennes,2.0,2.0,D,0.0,2.0,A,15.0,11.0,8.0,3.0,6.0,3.0,17.0,20.0,5.0,2.0,0.0,0.0,
F1,10/03/2024,19:45,Marseille,Nantes,2.0,0.0,H,1.0,0.0,H,12.0,10.0,4.0,3.0,2.0,8.0,11.0,16.0,2.0,3.0,0.0,0.0,
F1,15/03/2024,20:00,Toulouse,Lyon,2.0,3.0,A,0.0,1.0,A,13.0,18.0,5.0,6.0,5.0,3.0,18.0,12.0,2.0,2.0,0.0,0.0,
F1,16/03/2024,16:00,Nantes,Strasbourg,1.0,3.0,A,1.0,1.0,D,11.0,11.0,2.0,6.0,4.0,5.0,16.0,15.0,2.0,3.0,0.0,0.0,
F1,16/03/2024,20:00,Lens,Nice,1.0,3.0,A,0.0,1.0,A,20.0,7.0,4.0,3.0,11.0,3.0,9.0,12.0,4.0,3.0,0.0,0.0,
F1,17/03/2024,12:00,Brest,Lille,1.0,1.0,D,0.0,0.0,D,16.0,13.0,4.0,8.0,3.0,3.0,9.0,12.0,3.0,0.0,0.0,0.0,
F1,17/03/2024,14:00,Clermont,Le Havre,2.0,1.0,H,2.0,1.0,H,9.0,14.0,4.0,5.0,3.0,5.0,13.0,17.0,3.0,5.0,1.0,1.0,
F1,17/03/2024,14:00,Monaco,Lorient,2.0,2.0,D,1.0,1.0,D,23.0,11.0,8.0,6.0,10.0,8.0,21.0,8.0,3.0,1.0,1.0,1.0,
F1,17/03/2024,14:00,Reims,Metz,2.0,1.0,H,1.0,1.0,D,17.0,12.0,7.0,4.0,7.0,7.0,17.0,10.0,4.0,4.0,0.0,0.0,
F1,17/03/2024,16:05,Rennes,Marseille,2.0,0.0,H,1.0,0.0,H,7.0,8.0,4.0,1.0,4.0,5.0,9.0,12.0,1.0,3.0,0.0,0.0,
F1,17/03/2024,19:45,Montpellier,Paris SG,2.0,6.0,A,2.0,2.0,D,12.0,16.0,7.0,9.0,7.0,4.0,9.0,13.0,0.0,3.0,0.0,0.0,
F1,29/03/2024,20:00,Lille,Lens,2.0,1.0,H,1.0,0.0,H,15.0,9.0,6.0,3.0,5.0,5.0,13.0,17.0,3.0,3.0,0.0,0.0,
F1,30/03/2024,16:00,Metz,Monaco,2.0,5.0,A,0.0,3.0,A,13.0,17.0,7.0,7.0,5.0,5.0,8.0,8.0,0.0,0.0,0.0,0.0,
F1,30/03/2024,20:00,Lyon,Reims,1.0,1.0,D,0.0,0.0,D,16.0,17.0,3.0,5.0,7.0,8.0,7.0,10.0,2.0,3.0,0.0,0.0,
F1,31/03/2024,12:00,Lorient,Brest,0.0,1.0,A,0.0,0.0,D,11.0,10.0,5.0,2.0,6.0,4.0,10.0,18.0,1.0,3.0,0.0,1.0,
F1,31/03/2024,14:00,Clermont,Toulouse,0.0,3.0,A,0.0,1.0,A,15.0,11.0,5.0,5.0,12.0,3.0,15.0,12.0,3.0,1.0,0.0,0.0,
F1,31/03/2024,14:00,Le Havre,Montpellier,0.0,2.0,A,0.0,0.0,D,14.0,14.0,3.0,5.0,6.0,6.0,10.0,12.0,2.0,2.0,0.0,0.0,
F1,31/03/2024,14:00,Nice,Nantes,1.0,2.0,A,0.0,1.0,A,12.0,13.0,3.0,4.0,9.0,3.0,7.0,19.0,2.0,5.0,0.0,0.0,
F1,31/03/2024,16:05,Strasbourg,Rennes,2.0,0.0,H,0.0,0.0,D,14.0,12.0,7.0,0.0,4.0,5.0,10.0,17.0,1.0,2.0,0.0,0.0,
F1,31/03/2024,19:45,Marseille,Paris SG,0.0,2.0,A,0.0,0.0,D,22.0,8.0,10.0,3.0,5.0,3.0,10.0,8.0,0.0,4.0,0.0,1.0,
F1,05/04/2024,20:00,Lille,Marseille,3.0,1.0,H,0.0,0.0,D,14.0,13.0,6.0,4.0,4.0,2.0,13.0,18.0,1.0,6.0,0.0,0.0,
F1,06/04/2024,16:00,Lens,Le Havre,1.0,1.0,D,0.0,0.0,D,18.0,11.0,8.0,3.0,7.0,4.0,13.0,10.0,2.0,5.0,0.0,0.0,
F1,06/04/2024,20:00,Paris SG,Clermont,1.0,1.0,D,0.0,1.0,A,23.0,6.0,7.0,3.0,17.0,2.0,11.0,7.0,1.0,0.0,0.0,0.0,
F1,07/04/2024,12:00,Brest,Metz,4.0,3.0,H,3.0,1.0,H,24.0,8.0,10.0,6.0,8.0,5.0,11.0,17.0,0.0,1.0,0.0,0.0,
F1,07/04/2024,14:00,Montpellier,Lorient,2.0,0.0,H,0.0,0.0,D,13.0,19.0,5.0,5.0,5.0,7.0,11.0,18.0,3.0,6.0,0.0,0.0,
F1,07/04/2024,14:00,Reims,Nice,0.0,0.0,D,0.0,0.0,D,10.0,18.0,3.0,3.0,2.0,5.0,15.0,15.0,2.0,1.0,0.0,0.0,
F1,07/04/2024,14:00,Toulouse,Strasbourg,0.0,0.0,D,0.0,0.0,D,11.0,8.0,2.0,1.0,4.0,3.0,16.0,17.0,2.0,0.0,0.0,0.0,
F1,07/04/2024,16:05,Monaco,Rennes,1.0,0.0,H,1.0,0.0,H,16.0,12.0,5.0,7.0,6.0,3.0,16.0,17.0,3.0,1.0,1.0,1.0,
F1,07/04/2024,19:45,Nantes,Lyon,1.0,3.0,A,1.0,0.0,H,14.0,19.0,6.0,10.0,5.0,5.0,8.0,14.0,2.0,2.0,0.0,0.0,
F1,12/04/2024,20:00,Metz,Lens,2.0,1.0,H,2.0,1.0,H,11.0,17.0,5.0,2.0,5.0,2.0,11.0,17.0,2.0,5.0,0.0,0.0,
F1,13/04/2024,16:00,Strasbourg,Reims,3.0,1.0,H,1.0,1.0,D,13.0,8.0,6.0,2.0,5.0,4.0,9.0,18.0,1.0,3.0,0.0,1.0,
F1,13/04/2024,20:00,Rennes,Toulouse,1.0,2.0,A,1.0,2.0,A,19.0,10.0,4.0,3.0,8.0,4.0,20.0,18.0,3.0,3.0,0.0,0.0,
F1,14/04/2024,12:00,Le Havre,Nantes,0.0,1.0,A,0.0,0.0,D,10.0,12.0,1.0,4.0,6.0,7.0,14.0,12.0,3.0,2.0,0.0,0.0,
F1,14/04/2024,14:00,Clermont,Montpellier,1.0,1.0,D,1.0,0.0,H,10.0,14.0,2.0,6.0,3.0,4.0,12.0,14.0,1.0,1.0,0.0,0.0,
F1,14/04/2024,19:45,Lyon,Brest,4.0,3.0,H,1.0,0.0,H,16.0,22.0,8.0,7.0,10.0,7.0,12.0,7.0,5.0,5.0,1.0,1.0,
F1,19/04/2024,20:00,Nice,Lorient,3.0,0.0,H,1.0,0.0,H,19.0,9.0,10.0,4.0,2.0,3.0,11.0,7.0,0.0,2.0,0.0,0.0,
F1,20/04/2024,16:00,Nantes,Rennes,0.0,3.0,A,0.0,0.0,D,6.0,14.0,4.0,5.0,3.0,7.0,16.0,11.0,1.0,4.0,0.0,0.0,
F1,20/04/2024,20:00,Lens,Clermont,1.0,0.0,H,1.0,0.0,H,17.0,8.0,4.0,1.0,4.0,3.0,17.0,17.0,1.0,4.0,0.0,0.0,
F1,21/04/2024,14:00,Le Havre,Metz,0.0,1.0,A,0.0,0.0,D,16.0,9.0,4.0,2.0,4.0,2.0,9.0,19.0,2.0,3.0,0.0,0.0,
F1,21/04/2024,14:00,Lille,Strasbourg,1.0,0.0,H,1.0,0.0,H,6.0,8.0,2.0,2.0,4.0,4.0,11.0,19.0,2.0,3.0,0.0,0.0,
F1,21/04/2024,14:00,Reims,Montpellier,1.0,2.0,A,0.0,1.0,A,22.0,12.0,4.0,5.0,8.0,4.0,15.0,10.0,3.0,3.0,0.0,0.0,
F1,21/04/2024,16:05,Brest,Monaco,0.0,2.0,A,0.0,1.0,A,12.0,8.0,2.0,3.0,7.0,4.0,8.0,9.0,5.0,2.0,0.0,2.0,
F1,21/04/2024,18:00,Toulouse,Marseille,2.0,2.0,D,1.0,1.0,D,10.0,11.0,3.0,3.0,7.0,4.0,11.0,13.0,1.0,2.0,0.0,0.0,
F1,21/04/2024,20:00,Paris SG,Lyon,4.0,1.0,H,4.0,1.0,H,14.0,16.0,6.0,6.0,4.0,10.0,9.0,10.0,0.0,0.0,0.0,0.0,
F1,24/04/2024,18:00,Lorient,Paris SG,1.0,4.0,A,0.0,2.0,A,11.0,15.0,6.0,7.0,3.0,6.0,8.0,7.0,1.0,1.0,0.0,0.0,
F1,24/04/2024,20:00,Marseille,Nice,2.0,2.0,D,1.0,1.0,D,11.0,10.0,4.0,4.0,3.0,2.0,10.0,14.0,2.0,3.0,1.0,0.0,
F1,24/04/2024,20:00,Monaco,Lille,1.0,0.0,H,0.0,0.0,D,19.0,13.0,7.0,4.0,7.0,5.0,9.0,9.0,1.0,2.0,0.0,0.0,
F1,26/04/2024,20:00,Montpellier,Nantes,1.0,1.0,D,1.0,1.0,D,8.0,15.0,1.0,5.0,3.0,6.0,11.0,14.0,2.0,1.0,2.0,0.0,
F1,27/04/2024,20:00,Paris SG,Le Havre,3.0,3.0,D,1.0,2.0,A,17.0,6.0,4.0,4.0,11.0,2.0,10.0,8.0,2.0,1.0,0.0,0.0,
F1,28/04/2024,12:00,Metz,Lille,1.0,2.0,A,1.0,2.0,A,5.0,14.0,2.0,4.0,2.0,4.0,15.0,12.0,1.0,2.0,0.0,0.0,
F1,28/04/2024,14:00,Clermont,Reims,4.0,1.0,H,1.0,1.0,D,12.0,10.0,6.0,3.0,5.0,5.0,9.0,12.0,0.0,3.0,0.0,1.0,
F1,28/04/2024,14:00,Lorient,Toulouse,1.0,2.0,A,1.0,0.0,H,15.0,14.0,5.0,5.0,5.0,1.0,14.0,17.0,1.0,3.0,0.0,0.0,
F1,28/04/2024,14:00,Strasbourg,Nice,1.0,3.0,A,1.0,1.0,D,13.0,8.0,5.0,4.0,2.0,3.0,11.0,14.0,2.0,3.0,0.0,0.0,
F1,28/04/2024,16:05,Rennes,Brest,4.0,5.0,A,2.0,1.0,H,21.0,10.0,7.0,5.0,7.0,4.0,14.0,15.0,4.0,1.0,0.0,0.0,
F1,28/04/2024,18:00,Lyon,Monaco,3.0,2.0,H,2.0,1.0,H,15.0,13.0,4.0,5.0,3.0,3.0,15.0,14.0,1.0,3.0,0.0,0.0,
F1,28/04/2024,20:00,Marseille,Lens,2.0,1.0,H,1.0,0.0,H,13.0,18.0,6.0,5.0,3.0,11.0,8.0,12.0,2.0,2.0,0.0,0.0,
F1,03/05/2024,18:00,Toulouse,Montpellier,1.0,2.0,A,1.0,1.0,D,15.0,5.0,5.0,3.0,8.0,0.0,17.0,14.0,3.0,4.0,1.0,1.0,
F1,03/05/2024,20:00,Lens,Lorient,2.0,0.0,H,0.0,0.0,D,18.0,11.0,6.0,5.0,4.0,4.0,10.0,14.0,1.0,2.0,0.0,0.0,
F1,04/05/2024,14:00,Le Havre,Strasbourg,3.0,1.0,H,1.0,0.0,H,15.0,5.0,7.0,3.0,3.0,2.0,6.0,13.0,3.0,1.0,0.0,0.0,
F1,04/05/2024,16:00,Monaco,Clermont,4.0,1.0,H,2.0,1.0,H,23.0,9.0,8.0,1.0,4.0,4.0,13.0,12.0,3.0,1.0,0.0,0.0,
F1,04/05/2024,18:00,Metz,Rennes,2.0,3.0,A,2.0,1.0,H,7.0,21.0,4.0,9.0,2.0,5.0,15.0,14.0,2.0,3.0,1.0,0.0,
F1,04/05/2024,20:00,Brest,Nantes,0.0,0.0,D,0.0,0.0,D,9.0,9.0,2.0,1.0,6.0,0.0,6.0,14.0,3.0,2.0,0.0,0.0,
F1,06/05/2024,20:00,Lille,Lyon,3.0,4.0,A,2.0,0.0,H,8.0,11.0,5.0,7.0,4.0,4.0,14.0,14.0,3.0,1.0,0.0,0.0,
F1,10/05/2024,20:00,Brest,Reims,1.0,1.0,D,1.0,1.0,D,16.0,8.0,5.0,2.0,3.0,4.0,12.0,12.0,2.0,3.0,0.0,0.0,
F1,10/05/2024,20:00,Nice,Le Havre,1.0,0.0,H,1.0,0.0,H,13.0,12.0,6.0,3.0,6.0,1.0,10.0,9.0,2.0,0.0,0.0,0.0,
F1,12/05/2024,20:00,Clermont,Lyon,0.0,1.0,A,0.0,0.0,D,18.0,6.0,5.0,2.0,7.0,2.0,8.0,12.0,1.0,2.0,0.0,0.0,
F1,12/05/2024,20:00,Marseille,Lorient,3.0,1.0,H,2.0,1.0,H,13.0,14.0,4.0,3.0,9.0,5.0,9.0,6.0,3.0,4.0,0.0,0.0,
F1,12/05/2024,20:00,Montpellier,Monaco,0.0,2.0,A,0.0,0.0,D,14.0,19.0,3.0,9.0,3.0,3.0,20.0,10.0,1.0,1.0,0.0,0.0,
F1,12/05/2024,20:00,Nantes,Lille,1.0,2.0,A,0.0,2.0,A,9.0,12.0,5.0,3.0,5.0,4.0,17.0,7.0,4.0,2.0,0.0,0.0,
F1,12/05/2024,20:00,Paris SG,Toulouse,1.0,3.0,A,1.0,1.0,D,15.0,18.0,3.0,5.0,4.0,6.0,12.0,8.0,0.0,0.0,0.0,0.0,
F1,12/05/2024,20:00,Rennes,Lens,1.0,1.0,D,0.0,0.0,D,16.0,8.0,6.0,4.0,4.0,3.0,12.0,14.0,2.0,3.0,0.0,0.0,
F1,12/05/2024,20:00,Strasbourg,Metz,2.0,1.0,H,0.0,0.0,D,10.0,11.0,2.0,2.0,3.0,6.0,10.0,10.0,2.0,2.0,0.0,0.0,
F1,15/05/2024,20:00,Nice,Paris SG,1.0,2.0,A,1.0,2.0,A,12.0,11.0,4.0,4.0,7.0,2.0,13.0,10.0,1.0,3.0,1.0,0.0,
F1,15/05/2024,20:00,Reims,Marseille,1.0,0.0,H,1.0,0.0,H,10.0,19.0,3.0,3.0,3.0,10.0,17.0,9.0,3.0,1.0,0.0,0.0,
F1,19/05/2024,20:00,Le Havre,Marseille,1.0,2.0,A,0.0,0.0,D,13.0,22.0,6.0,7.0,5.0,3.0,11.0,11.0,1.0,0.0,0.0,0.0,
F1,19/05/2024,20:00,Lens,Montpellier,2.0,2.0,D,2.0,0.0,H,27.0,11.0,13.0,2.0,1.0,0.0,10.0,13.0,0.0,1.0,0.0,0.0,
F1,19/05/2024,20:00,Lille,Nice,2.0,2.0,D,0.0,1.0,A,12.0,10.0,3.0,4.0,3.0,5.0,9.0,9.0,3.0,3.0,1.0,0.0,
F1,19/05/2024,20:00,Lorient,Clermont,5.0,0.0,H,2.0,0.0,H,32.0,9.0,10.0,4.0,9.0,2.0,20.0,8.0,3.0,3.0,0.0,0.0,
F1,19/05/2024,20:00,Lyon,Strasbourg,2.0,1.0,H,1.0,0.0,H,15.0,10.0,6.0,4.0,7.0,2.0,7.0,10.0,1.0,0.0,0.0,0.0,
F1,19/05/2024,20:00,Metz,Paris SG,0.0,2.0,A,0.0,2.0,A,10.0,20.0,2.0,8.0,1.0,11.0,6.0,9.0,2.0,1.0,0.0,0.0,
F1,19/05/2024,20:00,Monaco,Nantes,4.0,0.0,H,3.0,0.0,H,10.0,6.0,6.0,3.0,2.0,2.0,14.0,23.0,1.0,2.0,0.0,0.0,
F1,19/05/2024,20:00,Reims,Rennes,2.0,1.0,H,0.0,0.0,D,6.0,15.0,4.0,5.0,2.0,4.0,11.0,17.0,1.0,1.0,0.0,0.0,
F1,19/05/2024,20:00,Toulouse,Brest,0.0,3.0,A,0.0,0.0,D,8.0,12.0,2.0,6.0,6.0,2.0,12.0,17.0,1.0,2.0,0.0,0.0,
F1,16/08/2024,19:45,Le Havre,Paris SG,1.0,4.0,A,0.0,1.0,A,5.0,14.0,2.0,9.0,2.0,8.0,9.0,9.0,3.0,0.0,0.0,0.0,
F1,17/08/2024,16:00,Brest,Marseille,1.0,5.0,A,1.0,3.0,A,7.0,7.0,5.0,5.0,5.0,0.0,10.0,8.0,4.0,1.0,0.0,0.0,
F1,17/08/2024,18:00,Reims,Lille,0.0,2.0,A,0.0,1.0,A,2.0,21.0,0.0,6.0,0.0,8.0,6.0,13.0,2.0,2.0,1.0,0.0,
F1,17/08/2024,20:00,Monaco,St Etienne,1.0,0.0,H,1.0,0.0,H,13.0,7.0,6.0,4.0,5.0,4.0,13.0,14.0,1.0,1.0,0.0,0.0,
F1,18/08/2024,14:00,Auxerre,Nice,2.0,1.0,H,1.0,1.0,D,16.0,9.0,7.0,2.0,3.0,5.0,11.0,17.0,0.0,0.0,0.0,0.0,
F1,18/08/2024,16:00,Angers,Lens,0.0,1.0,A,0.0,1.0,A,4.0,10.0,3.0,5.0,7.0,3.0,6.0,10.0,1.0,0.0,0.0,0.0,
F1,18/08/2024,16:00,Montpellier,Strasbourg,1.0,1.0,D,0.0,0.0,D,7.0,11.0,5.0,4.0,6.0,4.0,20.0,18.0,4.0,3.0,0.0,0.0,
F1,18/08/2024,16:00,Toulouse,Nantes,0.0,0.0,D,0.0,0.0,D,7.0,6.0,3.0,2.0,10.0,5.0,10.0,8.0,1.0,3.0,0.0,0.0,
F1,18/08/2024,19:45,Rennes,Lyon,3.0,0.0,H,2.0,0.0,H,22.0,16.0,8.0,2.0,7.0,7.0,13.0,12.0,2.0,1.0,0.0,0.0,
F1,23/08/2024,19:45,Paris SG,Montpellier,6.0,0.0,H,2.0,0.0,H,21.0,6.0,10.0,3.0,10.0,2.0,9.0,16.0,1.0,4.0,0.0,0.0,
F1,24/08/2024,16:00,Lyon,Monaco,0.0,2.0,A,0.0,0.0,D,2.0,15.0,1.0,4.0,0.0,6.0,10.0,7.0,0.0,0.0,0.0,1.0,
F1,24/08/2024,18:00,Lille,Angers,2.0,0.0,H,1.0,0.0,H,11.0,5.0,6.0,2.0,3.0,2.0,9.0,17.0,1.0,2.0,0.0,0.0,
F1,24/08/2024,20:00,St Etienne,Le Havre,0.0,2.0,A,0.0,0.0,D,18.0,14.0,5.0,5.0,2.0,4.0,11.0,9.0,3.0,3.0,0.0,0.0,
F1,25/08/2024,14:00,Lens,Brest,2.0,0.0,H,2.0,0.0,H,22.0,10.0,11.0,2.0,5.0,2.0,8.0,6.0,0.0,0.0,1.0,0.0,
F1,25/08/2024,16:00,Nantes,Auxerre,2.0,0.0,H,1.0,0.0,H,8.0,10.0,6.0,3.0,3.0,12.0,9.0,6.0,0.0,0.0,0.0,1.0,
F1,25/08/2024,16:00,Nice,Toulouse,1.0,1.0,D,0.0,0.0,D,10.0,15.0,4.0,3.0,4.0,4.0,11.0,21.0,4.0,1.0,0.0,0.0,
F1,25/08/2024,16:00,Strasbourg,Rennes,3.0,1.0,H,1.0,0.0,H,9.0,13.0,5.0,5.0,2.0,5.0,7.0,19.0,2.0,4.0,0.0,0.0,
F1,25/08/2024,19:45,Marseille,Reims,2.0,2.0,D,1.0,0.0,H,16.0,12.0,10.0,3.0,2.0,4.0,10.0,13.0,1.0,1.0,0.0,0.0,
F1,30/08/2024,19:45,Lyon,Strasbourg,4.0,3.0,H,1.0,1.0,D,22.0,14.0,13.0,7.0,9.0,2.0,10.0,6.0,3.0,2.0,0.0,0.0,
F1,31/08/2024,16:00,Brest,St Etienne,4.0,0.0,H,2.0,0.0,H,17.0,3.0,7.0,0.0,7.0,2.0,12.0,28.0,0.0,5.0,0.0,0.0,
F1,31/08/2024,18:00,Montpellier,Nantes,1.0,3.0,A,1.0,2.0,A,11.0,10.0,5.0,5.0,8.0,3.0,11.0,13.0,2.0,2.0,0.0,0.0,
F1,31/08/2024,20:00,Toulouse,Marseille,1.0,3.0,A,0.0,2.0,A,4.0,11.0,2.0,5.0,2.0,3.0,10.0,12.0,4.0,2.0,1.0,0.0,
F1,01/09/2024,14:00,Monaco,Lens,1.0,1.0,D,0.0,0.0,D,14.0,12.0,3.0,4.0,7.0,7.0,11.0,21.0,1.0,4.0,0.0,0.0,
F1,01/09/2024,16:00,Angers,Nice,1.0,4.0,A,0.0,2.0,A,12.0,12.0,7.0,9.0,4.0,7.0,14.0,13.0,6.0,4.0,0.0,1.0,
F1,01/09/2024,16:00,Le Havre,Auxerre,3.0,1.0,H,1.0,1.0,D,21.0,7.0,8.0,2.0,2.0,2.0,10.0,15.0,1.0,5.0,0.0,1.0,
F1,01/09/2024,16:00,Reims,Rennes,2.0,1.0,H,1.0,1.0,D,11.0,13.0,7.0,5.0,3.0,5.0,9.0,12.0,2.0,1.0,0.0,0.0,
F1,01/09/2024,19:45,Lille,Paris SG,1.0,3.0,A,0.0,2.0,A,10.0,10.0,4.0,7.0,3.0,1.0,7.0,5.0,3.0,2.0,0.0,0.0,
F1,13/09/2024,19:45,St Etienne,Lille,1.0,0.0,H,1.0,0.0,H,10.0,17.0,5.0,4.0,2.0,7.0,12.0,10.0,1.0,1.0,0.0,0.0,
F1,14/09/2024,16:00,Marseille,Nice,2.0,0.0,H,1.0,0.0,H,10.0,12.0,5.0,4.0,1.0,2.0,18.0,4.0,5.0,2.0,1.0,0.0,
F1,14/09/2024,18:00,Auxerre,Monaco,0.0,3.0,A,0.0,2.0,A,13.0,19.0,3.0,9.0,1.0,6.0,13.0,16.0,3.0,0.0,0.0,0.0,
F1,14/09/2024,20:00,Paris SG,Brest,3.0,1.0,H,1.0,1.0,D,22.0,5.0,9.0,3.0,9.0,1.0,7.0,13.0,2.0,3.0,0.0,0.0,
F1,15/09/2024,14:00,Rennes,Montpellier,3.0,0.0,H,2.0,0.0,H,11.0,12.0,6.0,4.0,3.0,4.0,10.0,7.0,1.0,3.0,0.0,0.0,
F1,15/09/2024,16:00,Nantes,Reims,1.0,2.0,A,1.0,1.0,D,18.0,11.0,6.0,4.0,6.0,3.0,14.0,5.0,3.0,1.0,0.0,0.0,
F1,15/09/2024,16:00,Strasbourg,Angers,1.0,1.0,D,1.0,0.0,H,10.0,12.0,5.0,2.0,6.0,9.0,11.0,14.0,4.0,1.0,0.0,0.0,
F1,15/09/2024,16:00,Toulouse,Le Havre,2.0,0.0,H,0.0,0.0,D,15.0,5.0,7.0,3.0,6.0,5.0,10.0,11.0,1.0,1.0,0.0,0.0,
F1,15/09/2024,19:45,Lens,Lyon,0.0,0.0,D,0.0,0.0,D,12.0,8.0,5.0,3.0,5.0,8.0,12.0,11.0,0.0,0.0,0.0,0.0,
F1,20/09/2024,19:45,Nice,St Etienne,8.0,0.0,H,6.0,0.0,H,18.0,8.0,12.0,2.0,3.0,2.0,7.0,13.0,0.0,1.0,0.0,0.0,
F1,21/09/2024,16:00,Lille,Strasbourg,3.0,3.0,D,2.0,2.0,D,15.0,12.0,7.0,9.0,9.0,5.0,16.0,12.0,2.0,2.0,0.0,0.0,
F1,21/09/2024,18:00,Rennes,Lens,1.0,1.0,D,1.0,0.0,H,11.0,10.0,6.0,2.0,4.0,3.0,16.0,20.0,2.0,4.0,0.0,0.0,
F1,21/09/2024,20:00,Reims,Paris SG,1.0,1.0,D,1.0,0.0,H,8.0,11.0,1.0,4.0,3.0,5.0,11.0,6.0,2.0,1.0,0.0,0.0,
F1,22/09/2024,14:00,Monaco,Le Havre,3.0,1.0,H,1.0,1.0,D,14.0,9.0,4.0,2.0,6.0,4.0,10.0,17.0,1.0,3.0,0.0,0.0,
F1,22/09/2024,16:00,Angers,Nantes,1.0,1.0,D,1.0,1.0,D,4.0,9.0,1.0,3.0,3.0,6.0,13.0,16.0,1.0,4.0,0.0,0.0,
F1,22/09/2024,16:00,Brest,Toulouse,2.0,0.0,H,1.0,0.0,H,9.0,10.0,5.0,1.0,4.0,3.0,15.0,18.0,1.0,1.0,0.0,0.0,
F1,22/09/2024,16:00,Montpellier,Auxerre,3.0,2.0,H,0.0,1.0,A,14.0,11.0,5.0,6.0,11.0,5.0,13.0,20.0,3.0,4.0,0.0,0.0,
F1,22/09/2024,19:45,Lyon,Marseille,2.0,3.0,A,0.0,0.0,D,18.0,6.0,9.0,5.0,10.0,3.0,13.0,7.0,4.0,3.0,0.0,1.0,
F1,27/09/2024,18:00,Auxerre,Brest,3.0,0.0,H,2.0,0.0,H,15.0,8.0,4.0,4.0,2.0,3.0,13.0,16.0,2.0,0.0,0.0,0.0,
F1,27/09/2024,20:00,Paris SG,Rennes,3.0,1.0,H,1.0,0.0,H,22.0,13.0,7.0,5.0,6.0,4.0,9.0,11.0,1.0,3.0,0.0,0.0,
F1,28/09/2024,16:00,Lens,Nice,0.0,0.0,D,0.0,0.0,D,22.0,15.0,7.0,4.0,11.0,4.0,16.0,7.0,4.0,2.0,1.0,0.0,
F1,28/09/2024,18:00,Le Havre,Lille,0.0,3.0,A,0.0,2.0,A,7.0,18.0,4.0,10.0,1.0,5.0,11.0,9.0,2.0,1.0,0.0,0.0,
F1,28/09/2024,20:00,Monaco,Montpellier,2.0,1.0,H,1.0,1.0,D,21.0,9.0,7.0,4.0,6.0,2.0,17.0,17.0,4.0,3.0,0.0,1.0,
F1,29/09/2024,14:00,Toulouse,Lyon,1.0,2.0,A,1.0,1.0,D,10.0,4.0,4.0,1.0,3.0,4.0,12.0,15.0,2.0,2.0,0.0,0.0,
F1,29/09/2024,16:00,Angers,Reims,1.0,3.0,A,0.0,2.0,A,14.0,21.0,3.0,10.0,5.0,4.0,7.0,11.0,0.0,3.0,0.0,0.0,
F1,29/09/2024,16:00,Nantes,St Etienne,2.0,2.0,D,1.0,0.0,H,16.0,5.0,3.0,3.0,8.0,4.0,11.0,12.0,2.0,2.0,1.0,0.0,
F1,29/09/2024,19:45,Strasbourg,Marseille,1.0,0.0,H,1.0,0.0,H,14.0,10.0,6.0,3.0,8.0,3.0,17.0,7.0,2.0,1.0,0.0,0.0,
F1,04/10/2024,19:45,Marseille,Angers,1.0,1.0,D,0.0,0.0,D,13.0,8.0,4.0,3.0,9.0,3.0,12.0,9.0,4.0,0.0,1.0,1.0,
F1,05/10/2024,16:00,St Etienne,Auxerre,3.0,1.0,H,1.0,0.0,H,13.0,11.0,5.0,3.0,5.0,4.0,13.0,10.0,3.0,1.0,0.0,0.0,
F1,05/10/2024,18:00,Lille,Toulouse,2.0,1.0,H,0.0,1.0,A,10.0,9.0,3.0,3.0,4.0,6.0,13.0,8.0,3.0,2.0,0.0,0.0,
F1,05/10/2024,20:00,Rennes,Monaco,1.0,2.0,A,1.0,2.0,A,14.0,5.0,3.0,2.0,10.0,4.0,9.0,16.0,2.0,4.0,0.0,0.0,
F1,06/10/2024,14:00,Lyon,Nantes,2.0,0.0,H,1.0,0.0,H,17.0,11.0,6.0,6.0,6.0,9.0,10.0,5.0,1.0,2.0,0.0,0.0,
F1,06/10/2024,16:00,Brest,Le Havre,2.0,0.0,H,1.0,0.0,H,8.0,14.0,3.0,0.0,1.0,9.0,19.0,11.0,4.0,0.0,1.0,1.0,
F1,06/10/2024,16:00,Reims,Montpellier,4.0,2.0,H,2.0,1.0,H,18.0,10.0,5.0,3.0,4.0,4.0,15.0,13.0,3.0,5.0,0.0,0.0,
F1,06/10/2024,16:00,Strasbourg,Lens,2.0,2.0,D,1.0,2.0,A,8.0,12.0,5.0,5.0,3.0,5.0,15.0,18.0,2.0,4.0,0.0,0.0,
F1,06/10/2024,19:45,Nice,Paris SG,1.0,1.0,D,1.0,0.0,H,9.0,19.0,3.0,9.0,5.0,15.0,7.0,9.0,1.0,2.0,0.0,0.0,
F1,18/10/2024,19:45,Monaco,Lille,0.0,0.0,D,0.0,0.0,D,14.0,3.0,4.0,1.0,6.0,1.0,13.0,14.0,1.0,5.0,1.0,0.0,
F1,19/10/2024,16:00,Brest,Rennes,1.0,1.0,D,0.0,0.0,D,12.0,6.0,2.0,4.0,2.0,4.0,18.0,15.0,2.0,2.0,0.0,0.0,
F1,19/10/2024,18:00,St Etienne,Lens,0.0,2.0,A,0.0,1.0,A,15.0,13.0,1.0,5.0,2.0,7.0,12.0,16.0,1.0,2.0,0.0,0.0,
F1,19/10/2024,20:00,Paris SG,Strasbourg,4.0,2.0,H,1.0,0.0,H,18.0,16.0,10.0,8.0,5.0,5.0,10.0,12.0,2.0,2.0,0.0,0.0,
F1,20/10/2024,14:00,Le Havre,Lyon,0.0,4.0,A,0.0,1.0,A,7.0,16.0,1.0,8.0,4.0,6.0,17.0,11.0,3.0,4.0,0.0,0.0,
F1,20/10/2024,16:00,Auxerre,Reims,2.0,1.0,H,1.0,0.0,H,10.0,15.0,8.0,3.0,5.0,9.0,6.0,10.0,2.0,3.0,0.0,0.0,
F1,20/10/2024,16:00,Nantes,Nice,1.0,1.0,D,0.0,0.0,D,11.0,13.0,7.0,7.0,4.0,8.0,10.0,11.0,2.0,1.0,0.0,0.0,
F1,20/10/2024,16:00,Toulouse,Angers,1.0,1.0,D,0.0,1.0,A,18.0,8.0,6.0,4.0,8.0,2.0,11.0,9.0,2.0,4.0,0.0,0.0,
F1,20/10/2024,19:45,Montpellier,Marseille,0.0,5.0,A,0.0,3.0,A,13.0,21.0,5.0,10.0,3.0,2.0,11.0,18.0,1.0,3.0,1.0,0.0,
F1,25/10/2024,19:45,Rennes,Le Havre,1.0,0.0,H,0.0,0.0,D,20.0,5.0,4.0,1.0,14.0,0.0,10.0,7.0,2.0,4.0,0.0,1.0,
F1,26/10/2024,16:00,Angers,St Etienne,4.0,2.0,H,2.0,1.0,H,13.0,19.0,8.0,7.0,2.0,3.0,10.0,13.0,1.0,3.0,0.0,0.0,
F1,26/10/2024,18:00,Reims,Brest,1.0,2.0,A,1.0,2.0,A,11.0,13.0,3.0,4.0,7.0,3.0,15.0,11.0,3.0,2.0,0.0,0.0,
F1,26/10/2024,20:00,Lens,Lille,0.0,2.0,A,0.0,0.0,D,11.0,11.0,4.0,3.0,8.0,2.0,16.0,14.0,4.0,4.0,0.0,0.0,
F1,27/10/2024,14:00,Lyon,Auxerre,2.0,2.0,D,1.0,0.0,H,12.0,17.0,8.0,4.0,5.0,4.0,7.0,14.0,0.0,4.0,0.0,0.0,
F1,27/10/2024,16:00,Montpellier,Toulouse,0.0,3.0,A,0.0,3.0,A,9.0,15.0,2.0,6.0,1.0,3.0,8.0,20.0,1.0,2.0,1.0,0.0,
F1,27/10/2024,16:00,Nice,Monaco,2.0,1.0,H,1.0,1.0,D,17.0,11.0,9.0,5.0,6.0,6.0,16.0,11.0,2.0,5.0,0.0,1.0,
F1,27/10/2024,16:00,Strasbourg,Nantes,3.0,1.0,H,1.0,0.0,H,9.0,8.0,5.0,6.0,5.0,4.0,15.0,17.0,2.0,3.0,0.0,0.0,
F1,27/10/2024,19:45,Marseille,Paris SG,0.0,3.0,A,0.0,3.0,A,5.0,19.0,1.0,8.0,1.0,2.0,4.0,7.0,1.0,0.0,1.0,0.0,
F1,01/11/2024,18:00,Monaco,Angers,0.0,1.0,A,0.0,1.0,A,11.0,10.0,3.0,3.0,4.0,4.0,16.0,12.0,1.0,1.0,0.0,0.0,
F1,01/11/2024,20:00,Lille,Lyon,1.0,1.0,D,1.0,0.0,H,14.0,14.0,2.0,3.0,4.0,9.0,12.0,10.0,3.0,1.0,0.0,0.0,
F1,02/11/2024,16:00,Paris SG,Lens,1.0,0.0,H,1.0,0.0,H,18.0,13.0,8.0,2.0,7.0,4.0,3.0,20.0,1.0,5.0,0.0,1.0,
F1,02/11/2024,18:00,Brest,Nice,0.0,1.0,A,0.0,1.0,A,16.0,12.0,6.0,3.0,6.0,2.0,9.0,4.0,0.0,2.0,0.0,0.0,
F1,02/11/2024,20:00,St Etienne,Strasbourg,2.0,0.0,H,0.0,0.0,D,13.0,9.0,3.0,3.0,2.0,3.0,9.0,4.0,2.0,1.0,0.0,0.0,
F1,03/11/2024,14:00,Toulouse,Reims,1.0,0.0,H,0.0,0.0,D,13.0,13.0,6.0,2.0,6.0,7.0,16.0,15.0,0.0,3.0,0.0,0.0,
F1,03/11/2024,16:00,Auxerre,Rennes,4.0,0.0,H,2.0,0.0,H,16.0,7.0,8.0,4.0,3.0,8.0,11.0,15.0,0.0,2.0,0.0,0.0,
F1,03/11/2024,16:00,Le Havre,Montpellier,1.0,0.0,H,0.0,0.0,D,12.0,15.0,4.0,1.0,2.0,10.0,11.0,13.0,2.0,1.0,0.0,0.0,
F1,03/11/2024,19:45,Nantes,Marseille,1.0,2.0,A,1.0,1.0,D,7.0,9.0,3.0,4.0,2.0,5.0,16.0,6.0,1.0,1.0,0.0,0.0,
F1,08/11/2024,19:45,Marseille,Auxerre,1.0,3.0,A,0.0,3.0,A,19.0,10.0,5.0,6.0,5.0,3.0,13.0,16.0,3.0,2.0,0.0,0.0,
F1,09/11/2024,16:00,Strasbourg,Monaco,1.0,3.0,A,1.0,0.0,H,5.0,19.0,2.0,8.0,1.0,2.0,16.0,18.0,5.0,2.0,0.0,0.0,
F1,09/11/2024,18:00,Lens,Nantes,3.0,2.0,H,1.0,1.0,D,15.0,9.0,3.0,3.0,6.0,1.0,14.0,8.0,2.0,0.0,0.0,0.0,
F1,09/11/2024,20:00,Angers,Paris SG,2.0,4.0,A,0.0,4.0,A,10.0,26.0,3.0,12.0,6.0,8.0,5.0,16.0,0.0,3.0,0.0,0.0,
F1,10/11/2024,14:00,Nice,Lille,2.0,2.0,D,0.0,1.0,A,17.0,13.0,5.0,6.0,6.0,2.0,12.0,9.0,2.0,2.0,0.0,0.0,
F1,10/11/2024,16:00,Le Havre,Reims,0.0,3.0,A,0.0,2.0,A,10.0,18.0,3.0,7.0,8.0,7.0,10.0,17.0,1.0,4.0,0.0,0.0,
F1,10/11/2024,16:00,Montpellier,Brest,3.0,1.0,H,2.0,0.0,H,14.0,19.0,8.0,6.0,3.0,7.0,18.0,13.0,5.0,1.0,0.0,0.0,
F1,10/11/2024,16:00,Rennes,Toulouse,0.0,2.0,A,0.0,2.0,A,7.0,9.0,1.0,2.0,5.0,3.0,16.0,16.0,3.0,1.0,0.0,0.0,
F1,10/11/2024,19:45,Lyon,St Etienne,1.0,0.0,H,1.0,0.0,H,17.0,10.0,7.0,6.0,7.0,6.0,11.0,13.0,3.0,2.0,0.0,0.0,
F1,22/11/2024,18:00,Monaco,Brest,3.0,2.0,H,2.0,0.0,H,10.0,12.0,4.0,4.0,2.0,8.0,7.0,12.0,2.0,2.0,0.0,0.0,
F1,22/11/2024,20:00,Paris SG,Toulouse,3.0,0.0,H,1.0,0.0,H,17.0,11.0,8.0,2.0,7.0,5.0,11.0,14.0,1.0,2.0,0.0,0.0,
F1,23/11/2024,16:00,Lens,Marseille,1.0,3.0,A,0.0,0.0,D,16.0,7.0,7.0,4.0,6.0,0.0,17.0,9.0,3.0,3.0,0.0,0.0,
F1,23/11/2024,18:00,St Etienne,Montpellier,1.0,0.0,H,0.0,0.0,D,11.0,11.0,4.0,3.0,5.0,11.0,19.0,11.0,3.0,5.0,0.0,0.0,
F1,23/11/2024,20:00,Reims,Lyon,1.0,1.0,D,0.0,1.0,A,14.0,13.0,6.0,7.0,4.0,2.0,11.0,13.0,2.0,0.0,0.0,0.0,
F1,24/11/2024,14:00,Lille,Rennes,1.0,0.0,H,1.0,0.0,H,5.0,4.0,2.0,1.0,3.0,3.0,19.0,16.0,3.0,2.0,0.0,0.0,
F1,24/11/2024,16:00,Auxerre,Angers,1.0,0.0,H,0.0,0.0,D,10.0,10.0,6.0,5.0,2.0,2.0,13.0,7.0,4.0,1.0,0.0,0.0,
F1,24/11/2024,16:00,Nantes,Le Havre,0.0,2.0,A,0.0,1.0,A,18.0,7.0,4.0,5.0,9.0,2.0,14.0,12.0,2.0,1.0,0.0,0.0,
F1,24/11/2024,19:45,Nice,Strasbourg,2.0,1.0,H,0.0,1.0,A,15.0,10.0,5.0,3.0,4.0,7.0,16.0,8.0,2.0,0.0,0.0,0.0,
F1,29/11/2024,19:45,Reims,Lens,0.0,2.0,A,0.0,1.0,A,16.0,11.0,3.0,6.0,3.0,1.0,14.0,12.0,1.0,2.0,0.0,0.0,
F1,30/11/2024,16:00,Rennes,St Etienne,5.0,0.0,H,2.0,0.0,H,18.0,2.0,9.0,0.0,6.0,1.0,14.0,12.0,0.0,1.0,0.0,1.0,
F1,30/11/2024,18:00,Brest,Strasbourg,3.0,1.0,H,2.0,0.0,H,11.0,12.0,8.0,4.0,4.0,3.0,15.0,8.0,3.0,2.0,0.0,0.0,
F1,30/11/2024,20:00,Paris SG,Nantes,1.0,1.0,D,1.0,1.0,D,24.0,5.0,10.0,2.0,9.0,3.0,3.0,6.0,0.0,0.0,0.0,0.0,
F1,01/12/2024,14:00,Montpellier,Lille,2.0,2.0,D,1.0,1.0,D,11.0,13.0,5.0,4.0,7.0,2.0,9.0,21.0,4.0,5.0,1.0,1.0,
F1,01/12/2024,16:00,Le Havre,Angers,0.0,1.0,A,0.0,0.0,D,5.0,12.0,1.0,3.0,2.0,4.0,8.0,10.0,2.0,0.0,0.0,0.0,
F1,01/12/2024,16:00,Lyon,Nice,4.0,1.0,H,3.0,1.0,H,16.0,16.0,8.0,7.0,5.0,4.0,11.0,11.0,1.0,2.0,0.0,0.0,
F1,01/12/2024,16:00,Toulouse,Auxerre,2.0,0.0,H,2.0,0.0,H,12.0,4.0,7.0,0.0,6.0,2.0,14.0,12.0,0.0,0.0,0.0,0.0,
F1,01/12/2024,19:45,Marseille,Monaco,2.0,1.0,H,0.0,1.0,A,9.0,7.0,4.0,4.0,5.0,3.0,15.0,16.0,0.0,1.0,0.0,0.0,
F1,06/12/2024,18:00,Lille,Brest,3.0,1.0,H,2.0,0.0,H,10.0,7.0,6.0,3.0,2.0,1.0,13.0,16.0,1.0,1.0,0.0,0.0,
F1,06/12/2024,20:00,Auxerre,Paris SG,0.0,0.0,D,0.0,0.0,D,6.0,25.0,2.0,11.0,3.0,15.0,8.0,7.0,2.0,1.0,0.0,0.0,
F1,07/12/2024,16:00,Monaco,Toulouse,2.0,0.0,H,0.0,0.0,D,19.0,6.0,5.0,3.0,2.0,3.0,15.0,16.0,2.0,2.0,0.0,0.0,
F1,07/12/2024,18:00,Nice,Le Havre,2.0,1.0,H,0.0,0.0,D,17.0,12.0,5.0,2.0,5.0,8.0,10.0,10.0,3.0,2.0,0.0,0.0,
F1,07/12/2024,20:00,Angers,Lyon,0.0,3.0,A,0.0,1.0,A,10.0,16.0,2.0,10.0,2.0,7.0,13.0,13.0,0.0,2.0,0.0,0.0,
F1,08/12/2024,14:00,Lens,Montpellier,2.0,0.0,H,1.0,0.0,H,18.0,7.0,4.0,4.0,6.0,3.0,15.0,7.0,2.0,3.0,0.0,0.0,
F1,08/12/2024,16:00,Nantes,Rennes,1.0,0.0,H,0.0,0.0,D,14.0,5.0,2.0,3.0,5.0,4.0,15.0,9.0,1.0,1.0,0.0,1.0,
F1,08/12/2024,16:00,Strasbourg,Reims,0.0,0.0,D,0.0,0.0,D,7.0,11.0,2.0,3.0,3.0,2.0,13.0,16.0,1.0,2.0,0.0,0.0,
F1,08/12/2024,19:45,St Etienne,Marseille,0.0,2.0,A,0.0,1.0,A,3.0,21.0,2.0,10.0,0.0,9.0,13.0,10.0,1.0,1.0,0.0,0.0,
F1,13/12/2024,19:45,Toulouse,St Etienne,2.0,1.0,H,0.0,0.0,D,11.0,3.0,4.0,2.0,2.0,3.0,16.0,15.0,3.0,4.0,0.0,0.0,
F1,14/12/2024,16:00,Marseille,Lille,1.0,1.0,D,1.0,0.0,H,9.0,10.0,3.0,5.0,3.0,8.0,14.0,9.0,1.0,3.0,1.0,0.0,
F1,14/12/2024,18:00,Auxerre,Lens,2.0,2.0,D,1.0,2.0,A,10.0,16.0,3.0,5.0,3.0,5.0,10.0,10.0,3.0,1.0,0.0,0.0,
F1,14/12/2024,20:00,Reims,Monaco,0.0,0.0,D,0.0,0.0,D,8.0,14.0,0.0,3.0,1.0,4.0,15.0,22.0,1.0,3.0,0.0,0.0,
F1,15/12/2024,14:00,Montpellier,Nice,2.0,2.0,D,1.0,2.0,A,20.0,18.0,8.0,6.0,9.0,4.0,15.0,13.0,1.0,2.0,0.0,0.0,
F1,15/12/2024,16:00,Brest,Nantes,4.0,1.0,H,2.0,0.0,H,13.0,16.0,8.0,7.0,0.0,5.0,10.0,14.0,3.0,3.0,0.0,0.0,
F1,15/12/2024,16:00,Le Havre,Strasbourg,0.0,3.0,A,0.0,2.0,A,11.0,9.0,1.0,5.0,3.0,2.0,11.0,7.0,0.0,1.0,0.0,0.0,
F1,15/12/2024,16:00,Rennes,Angers,2.0,0.0,H,1.0,0.0,H,7.0,3.0,4.0,0.0,2.0,1.0,18.0,12.0,3.0,1.0,0.0,0.0,
F1,15/12/2024,19:45,Paris SG,Lyon,3.0,1.0,H,2.0,1.0,H,13.0,7.0,6.0,3.0,4.0,3.0,7.0,8.0,2.0,3.0,0.0,0.0,
F1,18/12/2024,20:00,Monaco,Paris SG,2.0,4.0,A,0.0,1.0,A,15.0,17.0,5.0,12.0,1.0,9.0,11.0,11.0,2.0,0.0,0.0,0.0,
F1,03/01/2025,20:00,Nice,Rennes,3.0,2.0,H,3.0,1.0,H,9.0,10.0,6.0,5.0,3.0,3.0,11.0,14.0,3.0,3.0,1.0,0.0,
F1,04/01/2025,16:00,St Etienne,Reims,3.0,1.0,H,0.0,1.0,A,14.0,11.0,4.0,1.0,6.0,9.0,19.0,10.0,2.0,1.0,0.0,0.0,
F1,04/01/2025,18:00,Lille,Nantes,1.0,1.0,D,1.0,0.0,H,13.0,6.0,3.0,2.0,2.0,0.0,6.0,10.0,1.0,2.0,0.0,0.0,
F1,04/01/2025,20:00,Lyon,Montpellier,1.0,0.0,H,0.0,0.0,D,12.0,16.0,2.0,6.0,3.0,5.0,8.0,10.0,1.0,2.0,0.0,0.0,
F1,05/01/2025,14:00,Angers,Brest,2.0,0.0,H,1.0,0.0,H,7.0,12.0,2.0,4.0,2.0,4.0,14.0,11.0,2.0,1.0,0.0,0.0,
F1,05/01/2025,14:00,Lens,Toulouse,0.0,1.0,A,0.0,0.0,D,14.0,8.0,1.0,4.0,7.0,1.0,20.0,12.0,5.0,2.0,1.0,0.0,
F1,05/01/2025,14:00,Strasbourg,Auxerre,3.0,1.0,H,1.0,1.0,D,11.0,14.0,4.0,7.0,4.0,3.0,10.0,13.0,1.0,2.0,0.0,0.0,
F1,05/01/2025,19:45,Marseille,Le Havre,5.0,1.0,H,3.0,0.0,H,15.0,4.0,9.0,1.0,4.0,0.0,12.0,6.0,1.0,0.0,0.0,0.0,
F1,10/01/2025,18:00,Nantes,Monaco,2.0,2.0,D,1.0,0.0,H,10.0,15.0,4.0,7.0,3.0,11.0,17.0,14.0,3.0,0.0,0.0,0.0,
F1,10/01/2025,20:05,Auxerre,Lille,0.0,0.0,D,0.0,0.0,D,13.0,13.0,3.0,5.0,6.0,10.0,7.0,8.0,0.0,4.0,1.0,0.0,
F1,11/01/2025,16:00,Brest,Lyon,2.0,1.0,H,2.0,1.0,H,11.0,10.0,6.0,3.0,4.0,7.0,10.0,10.0,1.0,2.0,0.0,0.0,
F1,11/01/2025,18:00,Reims,Nice,2.0,4.0,A,1.0,2.0,A,12.0,15.0,3.0,10.0,6.0,3.0,12.0,7.0,4.0,2.0,0.0,0.0,
F1,11/01/2025,20:05,Rennes,Marseille,1.0,2.0,A,1.0,1.0,D,5.0,13.0,4.0,7.0,2.0,3.0,11.0,13.0,2.0,2.0,0.0,0.0,
F1,12/01/2025,14:00,Le Havre,Lens,1.0,2.0,A,1.0,1.0,D,8.0,25.0,4.0,7.0,3.0,8.0,11.0,14.0,2.0,2.0,0.0,0.0,
F1,12/01/2025,16:15,Montpellier,Angers,1.0,3.0,A,0.0,1.0,A,8.0,21.0,3.0,8.0,3.0,3.0,11.0,15.0,6.0,2.0,2.0,0.0,
F1,12/01/2025,16:15,Toulouse,Strasbourg,1.0,2.0,A,1.0,2.0,A,19.0,8.0,5.0,2.0,3.0,2.0,12.0,14.0,1.0,4.0,0.0,0.0,
F1,12/01/2025,19:45,Paris SG,St Etienne,2.0,1.0,H,2.0,0.0,H,25.0,8.0,9.0,3.0,7.0,3.0,16.0,11.0,1.0,2.0,0.0,0.0,
F1,17/01/2025,18:00,Montpellier,Monaco,2.0,1.0,H,0.0,1.0,A,12.0,26.0,4.0,11.0,4.0,16.0,7.0,9.0,1.0,2.0,0.0,0.0,
F1,17/01/2025,20:05,Lille,Nice,2.0,1.0,H,0.0,1.0,A,11.0,11.0,4.0,3.0,7.0,7.0,13.0,13.0,1.0,3.0,0.0,0.0,
F1,18/01/2025,16:00,Lens,Paris SG,1.0,2.0,A,1.0,0.0,H,10.0,9.0,5.0,7.0,6.0,1.0,12.0,8.0,2.0,2.0,0.0,0.0,
F1,18/01/2025,18:00,Rennes,Brest,1.0,2.0,A,0.0,1.0,A,22.0,10.0,9.0,3.0,4.0,4.0,13.0,11.0,2.0,3.0,0.0,0.0,
F1,18/01/2025,20:05,Lyon,Toulouse,0.0,0.0,D,0.0,0.0,D,11.0,13.0,3.0,4.0,8.0,5.0,8.0,8.0,1.0,0.0,0.0,0.0,
F1,19/01/2025,14:00,St Etienne,Nantes,1.0,1.0,D,0.0,1.0,A,12.0,8.0,2.0,4.0,7.0,7.0,9.0,11.0,2.0,1.0,0.0,0.0,
F1,19/01/2025,16:15,Angers,Auxerre,2.0,0.0,H,1.0,0.0,H,12.0,10.0,4.0,4.0,4.0,2.0,9.0,10.0,2.0,1.0,0.0,1.0,
F1,19/01/2025,16:15,Reims,Le Havre,1.0,1.0,D,1.0,0.0,H,11.0,7.0,3.0,2.0,6.0,6.0,9.0,8.0,2.0,2.0,0.0,0.0,
F1,19/01/2025,19:45,Marseille,Strasbourg,1.0,1.0,D,0.0,1.0,A,18.0,7.0,3.0,3.0,9.0,3.0,13.0,14.0,3.0,3.0,0.0,0.0,
F1,24/01/2025,19:45,Auxerre,St Etienne,1.0,1.0,D,1.0,1.0,D,11.0,8.0,5.0,3.0,3.0,4.0,15.0,13.0,2.0,0.0,0.0,0.0,
F1,25/01/2025,16:00,Monaco,Rennes,3.0,2.0,H,1.0,1.0,D,20.0,14.0,10.0,5.0,4.0,2.0,12.0,16.0,3.0,3.0,0.0,0.0,
F1,25/01/2025,18:00,Strasbourg,Lille,2.0,1.0,H,0.0,1.0,A,11.0,15.0,7.0,6.0,6.0,7.0,10.0,9.0,4.0,2.0,0.0,0.0,
F1,25/01/2025,20:05,Paris SG,Reims,1.0,1.0,D,0.0,0.0,D,18.0,6.0,7.0,3.0,8.0,1.0,13.0,13.0,2.0,2.0,0.0,0.0,
F1,26/01/2025,14:00,Le Havre,Brest,0.0,1.0,A,0.0,1.0,A,11.0,17.0,1.0,9.0,6.0,6.0,12.0,14.0,2.0,3.0,0.0,0.0,
F1,26/01/2025,16:15,Lens,Angers,1.0,0.0,H,0.0,0.0,D,16.0,2.0,4.0,0.0,4.0,4.0,16.0,10.0,1.0,1.0,0.0,0.0,
F1,26/01/2025,16:15,Nantes,Lyon,1.0,1.0,D,0.0,1.0,A,7.0,15.0,5.0,4.0,4.0,8.0,14.0,11.0,3.0,1.0,0.0,0.0,
F1,26/01/2025,16:15,Toulouse,Montpellier,1.0,2.0,A,0.0,0.0,D,15.0,6.0,6.0,4.0,6.0,2.0,9.0,15.0,1.0,2.0,0.0,0.0,
F1,26/01/2025,19:45,Nice,Marseille,2.0,0.0,H,1.0,0.0,H,14.0,18.0,5.0,6.0,6.0,12.0,12.0,9.0,1.0,1.0,0.0,0.0,
F1,31/01/2025,19:45,Montpellier,Lens,0.0,2.0,A,0.0,1.0,A,14.0,19.0,2.0,5.0,4.0,5.0,12.0,17.0,4.0,3.0,0.0,0.0,
F1,01/02/2025,16:00,Brest,Paris SG,2.0,5.0,A,0.0,1.0,A,14.0,14.0,7.0,7.0,4.0,7.0,9.0,12.0,1.0,0.0,0.0,0.0,
F1,01/02/2025,18:00,Monaco,Auxerre,4.0,2.0,H,1.0,2.0,A,11.0,12.0,6.0,7.0,5.0,4.0,17.0,15.0,2.0,2.0,0.0,0.0,
F1,01/02/2025,20:05,Lille,St Etienne,4.0,1.0,H,1.0,1.0,D,29.0,9.0,13.0,2.0,7.0,1.0,11.0,12.0,1.0,1.0,0.0,1.0,
F1,02/02/2025,14:00,Toulouse,Nice,1.0,1.0,D,0.0,1.0,A,15.0,13.0,4.0,3.0,7.0,2.0,20.0,20.0,2.0,2.0,0.0,0.0,
F1,02/02/2025,16:15,Angers,Le Havre,1.0,1.0,D,0.0,0.0,D,17.0,13.0,2.0,5.0,4.0,2.0,8.0,19.0,2.0,4.0,1.0,1.0,
F1,02/02/2025,16:15,Reims,Nantes,1.0,2.0,A,1.0,1.0,D,13.0,11.0,2.0,6.0,9.0,3.0,14.0,10.0,3.0,3.0,1.0,0.0,
F1,02/02/2025,16:15,Rennes,Strasbourg,1.0,0.0,H,0.0,0.0,D,13.0,7.0,3.0,3.0,6.0,2.0,14.0,10.0,3.0,3.0,0.0,0.0,
F1,02/02/2025,19:45,Marseille,Lyon,3.0,2.0,H,0.0,0.0,D,20.0,10.0,11.0,4.0,6.0,2.0,13.0,10.0,4.0,1.0,0.0,0.0,
F1,07/02/2025,18:00,Nantes,Brest,0.0,2.0,A,0.0,1.0,A,15.0,10.0,2.0,6.0,12.0,4.0,15.0,13.0,3.0,2.0,0.0,0.0,
F1,07/02/2025,20:05,Paris SG,Monaco,4.0,1.0,H,1.0,1.0,D,16.0,9.0,7.0,3.0,1.0,1.0,9.0,11.0,1.0,0.0,0.0,0.0,
F1,08/02/2025,16:00,Nice,Lens,2.0,0.0,H,1.0,0.0,H,16.0,12.0,8.0,3.0,7.0,3.0,6.0,19.0,1.0,4.0,0.0,1.0,
F1,08/02/2025,18:00,Lille,Le Havre,1.0,2.0,A,0.0,1.0,A,14.0,14.0,5.0,6.0,8.0,10.0,16.0,8.0,2.0,1.0,0.0,0.0,
F1,08/02/2025,20:05,St Etienne,Rennes,0.0,2.0,A,0.0,1.0,A,9.0,21.0,3.0,9.0,2.0,4.0,13.0,6.0,1.0,5.0,0.0,0.0,
F1,09/02/2025,14:00,Lyon,Reims,4.0,0.0,H,1.0,0.0,H,15.0,9.0,9.0,2.0,6.0,6.0,10.0,12.0,0.0,0.0,0.0,0.0,
F1,09/02/2025,16:15,Auxerre,Toulouse,2.0,2.0,D,0.0,0.0,D,9.0,7.0,3.0,3.0,3.0,5.0,11.0,9.0,1.0,1.0,0.0,0.0,
F1,09/02/2025,16:15,Strasbourg,Montpellier,2.0,0.0,H,1.0,0.0,H,22.0,11.0,6.0,2.0,6.0,2.0,12.0,12.0,1.0,4.0,0.0,0.0,
F1,09/02/2025,19:45,Angers,Marseille,0.0,2.0,A,0.0,0.0,D,5.0,18.0,0.0,10.0,1.0,7.0,10.0,8.0,1.0,2.0,0.0,0.0,
F1,14/02/2025,19:45,Brest,Auxerre,2.0,2.0,D,0.0,1.0,A,18.0,11.0,6.0,6.0,6.0,4.0,9.0,12.0,2.0,2.0,0.0,0.0,
F1,15/02/2025,16:00,Marseille,St Etienne,5.0,1.0,H,1.0,0.0,H,28.0,7.0,14.0,2.0,14.0,3.0,14.0,9.0,1.0,1.0,0.0,0.0,
F1,15/02/2025,18:00,Monaco,Nantes,7.0,1.0,H,2.0,1.0,H,22.0,6.0,11.0,2.0,9.0,1.0,18.0,9.0,1.0,1.0,0.0,1.0,
F1,15/02/2025,20:05,Toulouse,Paris SG,0.0,1.0,A,0.0,0.0,D,14.0,20.0,4.0,6.0,5.0,2.0,9.0,6.0,2.0,0.0,0.0,0.0,
F1,16/02/2025,14:00,Montpellier,Lyon,1.0,4.0,A,1.0,1.0,D,11.0,9.0,4.0,6.0,7.0,4.0,14.0,12.0,3.0,1.0,0.0,0.0,
F1,16/02/2025,16:15,Le Havre,Nice,1.0,3.0,A,1.0,2.0,A,14.0,9.0,4.0,3.0,6.0,2.0,14.0,16.0,2.0,2.0,0.0,1.0,
F1,16/02/2025,16:15,Lens,Strasbourg,0.0,2.0,A,0.0,0.0,D,7.0,13.0,0.0,5.0,7.0,3.0,12.0,15.0,4.0,2.0,1.0,0.0,
F1,16/02/2025,16:15,Reims,Angers,0.0,1.0,A,0.0,1.0,A,16.0,10.0,4.0,3.0,1.0,4.0,13.0,6.0,2.0,1.0,0.0,0.0,
F1,16/02/2025,19:45,Rennes,Lille,0.0,2.0,A,0.0,0.0,D,4.0,18.0,0.0,7.0,4.0,8.0,9.0,18.0,2.0,1.0,1.0,0.0,
F1,21/02/2025,19:45,Rennes,Reims,1.0,0.0,H,1.0,0.0,H,26.0,3.0,5.0,0.0,9.0,2.0,15.0,7.0,1.0,2.0,0.0,2.0,
F1,22/02/2025,16:00,Lille,Monaco,2.0,1.0,H,2.0,1.0,H,9.0,13.0,6.0,3.0,1.0,6.0,11.0,18.0,4.0,2.0,0.0,0.0,
F1,22/02/2025,18:00,St Etienne,Angers,3.0,3.0,D,1.0,2.0,A,19.0,13.0,8.0,4.0,4.0,3.0,13.0,16.0,3.0,0.0,0.0,0.0,
F1,22/02/2025,20:05,Auxerre,Marseille,3.0,0.0,H,1.0,0.0,H,9.0,8.0,5.0,2.0,2.0,5.0,9.0,13.0,1.0,3.0,0.0,1.0,
F1,23/02/2025,14:00,Nantes,Lens,3.0,1.0,H,1.0,0.0,H,17.0,14.0,8.0,4.0,2.0,11.0,13.0,18.0,2.0,4.0,0.0,1.0,
F1,23/02/2025,16:15,Le Havre,Toulouse,1.0,4.0,A,0.0,1.0,A,11.0,11.0,3.0,5.0,5.0,3.0,11.0,13.0,0.0,2.0,1.0,0.0,
F1,23/02/2025,16:15,Nice,Montpellier,2.0,0.0,H,1.0,0.0,H,16.0,13.0,6.0,1.0,8.0,5.0,17.0,15.0,1.0,1.0,0.0,0.0,
F1,23/02/2025,16:15,Strasbourg,Brest,0.0,0.0,D,0.0,0.0,D,3.0,12.0,1.0,2.0,1.0,8.0,12.0,12.0,3.0,1.0,0.0,0.0,
F1,23/02/2025,19:45,Lyon,Paris SG,2.0,3.0,A,0.0,0.0,D,14.0,15.0,7.0,8.0,5.0,4.0,12.0,8.0,1.0,1.0,0.0,0.0,
F1,28/02/2025,19:45,Monaco,Reims,3.0,0.0,H,2.0,0.0,H,23.0,9.0,9.0,5.0,7.0,2.0,7.0,7.0,0.0,0.0,0.0,0.0,
F1,01/03/2025,16:00,St Etienne,Nice,1.0,3.0,A,1.0,1.0,D,12.0,16.0,3.0,9.0,3.0,4.0,10.0,11.0,2.0,1.0,0.0,0.0,
F1,01/03/2025,18:00,Lens,Le Havre,3.0,4.0,A,2.0,2.0,D,20.0,8.0,7.0,4.0,9.0,2.0,12.0,11.0,2.0,2.0,0.0,0.0,
F1,01/03/2025,20:05,Paris SG,Lille,4.0,1.0,H,4.0,0.0,H,26.0,6.0,11.0,2.0,9.0,3.0,6.0,10.0,0.0,1.0,0.0,0.0,
F1,02/03/2025,14:00,Lyon,Brest,2.0,1.0,H,1.0,1.0,D,10.0,15.0,4.0,5.0,2.0,5.0,16.0,12.0,2.0,1.0,0.0,0.0,
F1,02/03/2025,16:15,Angers,Toulouse,0.0,4.0,A,0.0,0.0,D,5.0,19.0,1.0,13.0,4.0,9.0,13.0,9.0,3.0,3.0,0.0,0.0,
F1,02/03/2025,16:15,Auxerre,Strasbourg,0.0,1.0,A,0.0,0.0,D,14.0,6.0,5.0,3.0,5.0,3.0,10.0,10.0,1.0,3.0,0.0,1.0,
F1,02/03/2025,16:15,Montpellier,Rennes,0.0,4.0,A,0.0,1.0,A,16.0,15.0,5.0,9.0,6.0,5.0,15.0,15.0,2.0,1.0,0.0,0.0,
F1,02/03/2025,19:45,Marseille,Nantes,2.0,0.0,H,0.0,0.0,D,21.0,8.0,5.0,2.0,3.0,2.0,14.0,15.0,1.0,2.0,0.0,0.0,
F1,07/03/2025,19:45,Toulouse,Monaco,1.0,1.0,D,0.0,1.0,A,8.0,13.0,3.0,3.0,3.0,5.0,16.0,17.0,1.0,3.0,0.0,0.0,
F1,08/03/2025,16:00,Rennes,Paris SG,1.0,4.0,A,0.0,1.0,A,13.0,19.0,3.0,9.0,3.0,2.0,11.0,6.0,2.0,3.0,0.0,0.0,
F1,08/03/2025,18:00,Lille,Montpellier,1.0,0.0,H,0.0,0.0,D,18.0,10.0,8.0,3.0,7.0,1.0,11.0,12.0,2.0,3.0,0.0,0.0,
F1,08/03/2025,20:05,Marseille,Lens,0.0,1.0,A,0.0,0.0,D,15.0,3.0,6.0,2.0,7.0,0.0,15.0,12.0,3.0,1.0,0.0,0.0,
F1,09/03/2025,14:00,Brest,Angers,2.0,0.0,H,1.0,0.0,H,19.0,7.0,7.0,1.0,6.0,6.0,14.0,8.0,1.0,1.0,0.0,0.0,
F1,09/03/2025,16:15,Le Havre,St Etienne,1.0,1.0,D,1.0,1.0,D,13.0,12.0,7.0,3.0,5.0,6.0,9.0,17.0,2.0,3.0,0.0,0.0,
F1,09/03/2025,16:15,Nantes,Strasbourg,0.0,1.0,A,0.0,0.0,D,11.0,9.0,2.0,1.0,3.0,9.0,12.0,17.0,1.0,1.0,0.0,0.0,
F1,09/03/2025,16:15,Reims,Auxerre,0.0,2.0,A,0.0,2.0,A,18.0,13.0,4.0,9.0,6.0,12.0,9.0,13.0,1.0,1.0,0.0,0.0,
F1,09/03/2025,19:45,Nice,Lyon,0.0,2.0,A,0.0,0.0,D,18.0,8.0,4.0,5.0,9.0,2.0,12.0,11.0,1.0,2.0,0.0,0.0,
F1,14/03/2025,19:45,Nice,Auxerre,1.0,1.0,D,1.0,0.0,H,20.0,10.0,6.0,4.0,7.0,3.0,14.0,18.0,1.0,3.0,1.0,0.0,
F1,15/03/2025,16:00,Nantes,Lille,1.0,0.0,H,0.0,0.0,D,10.0,13.0,3.0,4.0,3.0,5.0,9.0,15.0,2.0,3.0,1.0,0.0,
F1,15/03/2025,18:00,Angers,Monaco,0.0,2.0,A,0.0,0.0,D,6.0,16.0,2.0,5.0,0.0,9.0,12.0,11.0,1.0,2.0,0.0,0.0,
F1,15/03/2025,20:05,Lens,Rennes,1.0,0.0,H,0.0,0.0,D,9.0,12.0,4.0,5.0,5.0,4.0,17.0,14.0,1.0,1.0,0.0,0.0,
F1,16/03/2025,14:00,Lyon,Le Havre,4.0,2.0,H,1.0,2.0,A,16.0,14.0,7.0,5.0,4.0,1.0,20.0,12.0,2.0,3.0,0.0,0.0,
F1,16/03/2025,16:15,Brest,Reims,0.0,0.0,D,0.0,0.0,D,11.0,12.0,0.0,2.0,4.0,4.0,9.0,13.0,1.0,3.0,1.0,0.0,
F1,16/03/2025,16:15,Montpellier,St Etienne,0.0,2.0,A,0.0,1.0,A,13.0,11.0,3.0,6.0,4.0,6.0,4.0,7.0,1.0,3.0,0.0,1.0,
F1,16/03/2025,16:15,Strasbourg,Toulouse,2.0,1.0,H,0.0,1.0,A,10.0,11.0,3.0,7.0,4.0,3.0,10.0,14.0,0.0,2.0,0.0,0.0,
F1,16/03/2025,19:45,Paris SG,Marseille,3.0,1.0,H,2.0,0.0,H,16.0,11.0,5.0,2.0,5.0,5.0,7.0,9.0,1.0,0.0,0.0,0.0,
F1,28/03/2025,19:45,Strasbourg,Lyon,4.0,2.0,H,0.0,0.0,D,14.0,16.0,7.0,11.0,6.0,5.0,12.0,15.0,2.0,2.0,0.0,0.0,
F1,29/03/2025,16:00,Reims,Marseille,3.0,1.0,H,1.0,0.0,H,7.0,20.0,5.0,8.0,0.0,12.0,6.0,9.0,0.0,0.0,0.0,0.0,
F1,29/03/2025,18:00,St Etienne,Paris SG,1.0,6.0,A,1.0,1.0,D,11.0,22.0,2.0,10.0,3.0,6.0,9.0,12.0,2.0,0.0,0.0,0.0,
F1,29/03/2025,20:05,Monaco,Nice,2.0,1.0,H,0.0,1.0,A,17.0,9.0,6.0,4.0,7.0,4.0,17.0,14.0,2.0,4.0,0.0,1.0,
F1,30/03/2025,14:00,Toulouse,Brest,2.0,4.0,A,0.0,2.0,A,17.0,10.0,4.0,5.0,10.0,3.0,10.0,18.0,0.0,5.0,0.0,0.0,
F1,30/03/2025,16:15,Angers,Rennes,0.0,3.0,A,0.0,1.0,A,9.0,14.0,4.0,6.0,6.0,5.0,10.0,16.0,1.0,0.0,0.0,0.0,
F1,30/03/2025,16:15,Auxerre,Montpellier,1.0,0.0,H,0.0,0.0,D,21.0,12.0,6.0,1.0,10.0,6.0,14.0,14.0,3.0,1.0,0.0,0.0,
F1,30/03/2025,16:15,Le Havre,Nantes,3.0,2.0,H,2.0,1.0,H,16.0,7.0,5.0,2.0,3.0,4.0,16.0,9.0,1.0,2.0,0.0,0.0,
F1,30/03/2025,19:45,Lille,Lens,1.0,0.0,H,1.0,0.0,H,11.0,5.0,5.0,2.0,6.0,2.0,13.0,15.0,1.0,3.0,0.0,0.0,
F1,04/04/2025,19:45,Nice,Nantes,1.0,2.0,A,1.0,2.0,A,21.0,8.0,9.0,4.0,11.0,2.0,9.0,14.0,1.0,1.0,0.0,0.0,
F1,05/04/2025,16:00,Paris SG,Angers,1.0,0.0,H,0.0,0.0,D,20.0,5.0,6.0,0.0,5.0,1.0,7.0,12.0,0.0,3.0,0.0,0.0,
F1,05/04/2025,18:00,Brest,Monaco,2.0,1.0,H,1.0,0.0,H,13.0,10.0,4.0,3.0,2.0,9.0,13.0,16.0,3.0,2.0,0.0,0.0,
F1,05/04/2025,20:05,Lyon,Lille,2.0,1.0,H,1.0,1.0,D,10.0,10.0,4.0,4.0,1.0,3.0,15.0,14.0,3.0,2.0,0.0,0.0,
F1,06/04/2025,14:00,Lens,St Etienne,1.0,0.0,H,0.0,0.0,D,20.0,8.0,5.0,3.0,6.0,3.0,14.0,20.0,3.0,2.0,0.0,0.0,
F1,06/04/2025,16:15,Montpellier,Le Havre,0.0,2.0,A,0.0,2.0,A,14.0,13.0,6.0,4.0,5.0,2.0,15.0,7.0,1.0,1.0,1.0,0.0,
F1,06/04/2025,16:15,Reims,Strasbourg,0.0,1.0,A,0.0,1.0,A,14.0,13.0,7.0,4.0,4.0,7.0,11.0,9.0,2.0,2.0,1.0,1.0,
F1,06/04/2025,16:15,Rennes,Auxerre,0.0,1.0,A,0.0,0.0,D,18.0,11.0,5.0,3.0,8.0,5.0,10.0,5.0,0.0,0.0,0.0,0.0,
F1,06/04/2025,19:45,Marseille,Toulouse,3.0,2.0,H,1.0,1.0,D,9.0,8.0,4.0,3.0,5.0,1.0,11.0,15.0,2.0,3.0,0.0,0.0,
F1,11/04/2025,19:45,Lens,Reims,0.0,2.0,A,0.0,1.0,A,37.0,10.0,14.0,2.0,9.0,2.0,9.0,7.0,1.0,0.0,0.0,0.0,
F1,12/04/2025,16:00,Monaco,Marseille,3.0,0.0,H,1.0,0.0,H,15.0,8.0,10.0,4.0,4.0,4.0,6.0,18.0,2.0,1.0,0.0,0.0,
F1,12/04/2025,18:00,Toulouse,Lille,1.0,2.0,A,1.0,2.0,A,10.0,6.0,5.0,3.0,4.0,2.0,15.0,11.0,1.0,2.0,0.0,0.0,
F1,12/04/2025,20:05,Strasbourg,Nice,2.0,2.0,D,0.0,1.0,A,11.0,23.0,4.0,6.0,2.0,9.0,5.0,8.0,1.0,2.0,0.0,0.0,
F1,13/04/2025,14:00,St Etienne,Brest,3.0,3.0,D,2.0,3.0,A,9.0,14.0,4.0,6.0,7.0,9.0,21.0,18.0,2.0,4.0,0.0,0.0,
F1,13/04/2025,16:15,Angers,Montpellier,2.0,0.0,H,2.0,0.0,H,10.0,4.0,4.0,1.0,6.0,1.0,12.0,13.0,0.0,2.0,0.0,0.0,
F1,13/04/2025,16:15,Le Havre,Rennes,1.0,5.0,A,1.0,3.0,A,11.0,10.0,2.0,6.0,4.0,3.0,16.0,11.0,2.0,3.0,0.0,0.0,
F1,13/04/2025,19:45,Auxerre,Lyon,1.0,3.0,A,0.0,0.0,D,14.0,13.0,3.0,7.0,3.0,6.0,11.0,9.0,3.0,1.0,0.0,0.0,
F1,18/04/2025,19:45,Rennes,Nantes,2.0,1.0,H,1.0,0.0,H,19.0,4.0,5.0,1.0,10.0,2.0,24.0,13.0,3.0,5.0,0.0,1.0,
F1,19/04/2025,16:00,Paris SG,Le Havre,2.0,1.0,H,1.0,0.0,H,18.0,9.0,11.0,1.0,7.0,3.0,7.0,10.0,0.0,0.0,0.0,0.0,
F1,19/04/2025,18:00,Monaco,Strasbourg,0.0,0.0,D,0.0,0.0,D,12.0,5.0,4.0,2.0,3.0,2.0,18.0,10.0,3.0,3.0,0.0,0.0,
F1,19/04/2025,20:05,Marseille,Montpellier,5.0,1.0,H,1.0,0.0,H,18.0,6.0,8.0,1.0,7.0,2.0,11.0,11.0,2.0,2.0,0.0,0.0,
F1,20/04/2025,14:00,Lille,Auxerre,3.0,1.0,H,2.0,0.0,H,15.0,7.0,9.0,3.0,8.0,4.0,8.0,13.0,1.0,2.0,0.0,0.0,
F1,20/04/2025,16:15,Brest,Lens,1.0,3.0,A,1.0,2.0,A,11.0,17.0,5.0,9.0,7.0,6.0,11.0,11.0,0.0,0.0,1.0,0.0,
F1,20/04/2025,16:15,Nice,Angers,2.0,1.0,H,1.0,0.0,H,22.0,5.0,8.0,2.0,4.0,2.0,10.0,8.0,1.0,1.0,0.0,0.0,
F1,20/04/2025,16:15,Reims,Toulouse,1.0,0.0,H,1.0,0.0,H,8.0,18.0,2.0,6.0,0.0,9.0,11.0,12.0,1.0,0.0,0.0,1.0,
F1,20/04/2025,19:45,St Etienne,Lyon,2.0,1.0,H,1.0,0.0,H,18.0,14.0,6.0,2.0,8.0,6.0,12.0,13.0,3.0,4.0,0.0,0.0,
F1,22/04/2025,19:45,Nantes,Paris SG,1.0,1.0,D,0.0,1.0,A,8.0,10.0,2.0,5.0,4.0,4.0,5.0,9.0,2.0,0.0,0.0,0.0,
F1,25/04/2025,19:45,Paris SG,Nice,1.0,3.0,A,1.0,1.0,D,32.0,7.0,13.0,3.0,17.0,0.0,9.0,11.0,3.0,1.0,0.0,0.0,
F1,26/04/2025,16:00,Strasbourg,St Etienne,3.0,1.0,H,1.0,1.0,D,18.0,17.0,7.0,6.0,5.0,8.0,10.0,7.0,1.0,0.0,0.0,0.0,
F1,26/04/2025,18:00,Le Havre,Monaco,1.0,1.0,D,1.0,0.0,H,9.0,19.0,3.0,7.0,3.0,6.0,12.0,13.0,1.0,0.0,0.0,0.0,
F1,26/04/2025,20:05,Lyon,Rennes,4.0,1.0,H,3.0,0.0,H,14.0,10.0,8.0,4.0,7.0,2.0,12.0,9.0,0.0,0.0,0.0,0.0,
F1,27/04/2025,14:00,Angers,Lille,0.0,2.0,A,0.0,1.0,A,6.0,9.0,3.0,5.0,7.0,2.0,17.0,10.0,1.0,5.0,0.0,1.0,
F1,27/04/2025,16:15,Lens,Auxerre,0.0,4.0,A,0.0,3.0,A,16.0,12.0,5.0,8.0,8.0,1.0,12.0,13.0,4.0,4.0,1.0,0.0,
F1,27/04/2025,16:15,Montpellier,Reims,0.0,0.0,D,0.0,0.0,D,12.0,8.0,2.0,3.0,5.0,5.0,17.0,13.0,3.0,3.0,0.0,0.0,
F1,27/04/2025,16:15,Nantes,Toulouse,0.0,0.0,D,0.0,0.0,D,11.0,6.0,3.0,3.0,3.0,5.0,13.0,11.0,2.0,3.0,0.0,1.0,
F1,27/04/2025,19:45,Marseille,Brest,4.0,1.0,H,3.0,1.0,H,11.0,9.0,7.0,4.0,4.0,3.0,14.0,16.0,1.0,4.0,0.0,0.0,
F1,02/05/2025,19:45,Nice,Reims,1.0,0.0,H,1.0,0.0,H,8.0,16.0,2.0,3.0,5.0,3.0,14.0,21.0,2.0,2.0,0.0,0.0,
F1,03/05/2025,16:00,Strasbourg,Paris SG,2.0,1.0,H,2.0,0.0,H,9.0,20.0,2.0,4.0,6.0,2.0,14.0,13.0,1.0,2.0,0.0,0.0,
F1,03/05/2025,18:00,Toulouse,Rennes,2.0,1.0,H,1.0,0.0,H,9.0,15.0,3.0,6.0,6.0,5.0,7.0,15.0,2.0,2.0,0.0,0.0,
F1,03/05/2025,20:05,St Etienne,Monaco,1.0,3.0,A,0.0,1.0,A,11.0,12.0,1.0,6.0,6.0,5.0,15.0,12.0,0.0,0.0,0.0,0.0,
F1,04/05/2025,14:00,Nantes,Angers,0.0,1.0,A,0.0,0.0,D,8.0,14.0,3.0,2.0,4.0,6.0,12.0,16.0,2.0,3.0,0.0,0.0,
F1,04/05/2025,16:15,Auxerre,Le Havre,1.0,2.0,A,0.0,0.0,D,4.0,11.0,1.0,5.0,0.0,9.0,11.0,10.0,2.0,1.0,0.0,0.0,
F1,04/05/2025,16:15,Brest,Montpellier,1.0,0.0,H,1.0,0.0,H,16.0,6.0,5.0,1.0,4.0,6.0,14.0,18.0,1.0,2.0,0.0,0.0,
F1,04/05/2025,16:15,Lyon,Lens,1.0,2.0,A,0.0,1.0,A,18.0,8.0,4.0,3.0,8.0,2.0,8.0,12.0,2.0,3.0,0.0,0.0,
F1,04/05/2025,19:45,Lille,Marseille,1.0,1.0,D,0.0,0.0,D,5.0,13.0,1.0,6.0,2.0,5.0,9.0,8.0,2.0,2.0,0.0,0.0,
F1,10/05/2025,20:00,Angers,Strasbourg,2.0,1.0,H,1.0,1.0,D,5.0,15.0,2.0,3.0,2.0,6.0,6.0,10.0,2.0,2.0,0.0,0.0,
F1,10/05/2025,20:00,Auxerre,Nantes,1.0,1.0,D,1.0,0.0,H,9.0,7.0,3.0,2.0,7.0,3.0,15.0,16.0,3.0,1.0,0.0,0.0,
F1,10/05/2025,20:00,Brest,Lille,2.0,0.0,H,1.0,0.0,H,12.0,18.0,4.0,2.0,3.0,7.0,6.0,14.0,1.0,1.0,0.0,0.0,
F1,10/05/2025,20:00,Le Havre,Marseille,1.0,3.0,A,0.0,0.0,D,10.0,22.0,4.0,5.0,2.0,9.0,12.0,12.0,2.0,2.0,0.0,0.0,
F1,10/05/2025,20:00,Monaco,Lyon,2.0,0.0,H,0.0,0.0,D,11.0,9.0,5.0,4.0,3.0,5.0,16.0,18.0,2.0,4.0,0.0,0.0,
F1,10/05/2025,20:00,Montpellier,Paris SG,1.0,4.0,A,0.0,1.0,A,9.0,10.0,4.0,8.0,5.0,4.0,14.0,11.0,1.0,1.0,0.0,0.0,
F1,10/05/2025,20:00,Reims,St Etienne,0.0,2.0,A,0.0,2.0,A,19.0,9.0,3.0,4.0,4.0,5.0,13.0,12.0,1.0,0.0,0.0,0.0,
F1,10/05/2025,20:00,Rennes,Nice,2.0,0.0,H,1.0,0.0,H,10.0,14.0,4.0,6.0,1.0,5.0,5.0,13.0,1.0,1.0,0.0,0.0,
F1,10/05/2025,20:00,Toulouse,Lens,1.0,1.0,D,0.0,0.0,D,9.0,12.0,6.0,2.0,2.0,1.0,17.0,12.0,2.0,5.0,0.0,0.0,
F1,17/05/2025,20:00,Lens,Monaco,4.0,0.0,H,1.0,0.0,H,15.0,6.0,5.0,4.0,5.0,4.0,14.0,9.0,1.0,1.0,0.0,1.0,
F1,17/05/2025,20:00,Lille,Reims,2.0,1.0,H,1.0,0.0,H,21.0,5.0,5.0,2.0,10.0,3.0,11.0,7.0,0.0,1.0,0.0,0.0,
F1,17/05/2025,20:00,Lyon,Angers,2.0,0.0,H,0.0,0.0,D,21.0,13.0,4.0,3.0,8.0,8.0,10.0,13.0,1.0,3.0,0.0,0.0,
F1,17/05/2025,20:00,Marseille,Rennes,4.0,2.0,H,3.0,1.0,H,17.0,9.0,10.0,3.0,5.0,5.0,8.0,12.0,3.0,3.0,0.0,0.0,
F1,17/05/2025,20:00,Nantes,Montpellier,3.0,0.0,H,2.0,0.0,H,18.0,9.0,6.0,0.0,7.0,2.0,14.0,9.0,3.0,1.0,0.0,0.0,
F1,17/05/2025,20:00,Nice,Brest,6.0,0.0,H,3.0,0.0,H,18.0,10.0,9.0,1.0,5.0,2.0,13.0,12.0,0.0,5.0,0.0,0.0,
F1,17/05/2025,20:00,Paris SG,Auxerre,3.0,1.0,H,0.0,1.0,A,21.0,7.0,9.0,2.0,5.0,2.0,10.0,9.0,1.0,2.0,0.0,0.0,
F1,17/05/2025,20:00,St Etienne,Toulouse,2.0,3.0,A,1.0,2.0,A,18.0,17.0,7.0,9.0,7.0,6.0,10.0,7.0,3.0,2.0,0.0,0.0,
F1,17/05/2025,20:00,Strasbourg,Le Havre,2.0,3.0,A,1.0,1.0,D,6.0,10.0,4.0,5.0,4.0,3.0,18.0,8.0,2.0,0.0,1.0,0.0,
F1,15/08/2025,19:45,Rennes,Marseille,1.0,0.0,H,0.0,0.0,D,12.0,24.0,5.0,2.0,1.0,12.0,8.0,11.0,2.0,3.0,1.0,0.0,
F1,16/08/2025,16:00,Lens,Lyon,0.0,1.0,A,0.0,1.0,A,18.0,11.0,5.0,3.0,13.0,8.0,13.0,20.0,2.0,3.0,0.0,0.0,
F1,16/08/2025,18:00,Monaco,Le Havre,3.0,1.0,H,1.0,0.0,H,13.0,9.0,3.0,4.0,5.0,4.0,5.0,14.0,0.0,1.0,0.0,0.0,
F1,16/08/2025,20:05,Nice,Toulouse,0.0,1.0,A,0.0,0.0,D,13.0,10.0,2.0,2.0,9.0,4.0,12.0,13.0,2.0,3.0,0.0,0.0,
F1,17/08/2025,14:00,Brest,Lille,3.0,3.0,D,1.0,2.0,A,18.0,10.0,5.0,6.0,2.0,2.0,11.0,13.0,2.0,1.0,0.0,0.0,
F1,17/08/2025,16:15,Angers,Paris FC,1.0,0.0,H,1.0,0.0,H,8.0,17.0,2.0,7.0,3.0,7.0,14.0,10.0,2.0,1.0,1.0,0.0,
F1,17/08/2025,16:15,Auxerre,Lorient,1.0,0.0,H,0.0,0.0,D,7.0,14.0,3.0,3.0,4.0,5.0,18.0,14.0,3.0,2.0,0.0,0.0,
F1,17/08/2025,16:15,Metz,Strasbourg,0.0,1.0,A,0.0,0.0,D,2.0,9.0,0.0,4.0,3.0,3.0,16.0,13.0,2.0,2.0,0.0,0.0,
F1,17/08/2025,19:45,Nantes,Paris SG,0.0,1.0,A,0.0,0.0,D,6.0,18.0,0.0,4.0,2.0,7.0,6.0,6.0,1.0,1.0,0.0,0.0,
F1,22/08/2025,19:45,Paris SG,Angers,1.0,0.0,H,0.0,0.0,D,21.0,3.0,4.0,0.0,12.0,0.0,3.0,9.0,0.0,0.0,0.0,0.0,
F1,23/08/2025,16:00,Marseille,Paris FC,5.0,2.0,H,2.0,1.0,H,12.0,8.0,7.0,4.0,5.0,2.0,9.0,12.0,1.0,0.0,0.0,0.0,
F1,23/08/2025,18:00,Nice,Auxerre,3.0,1.0,H,2.0,1.0,H,16.0,12.0,6.0,8.0,5.0,4.0,10.0,15.0,2.0,2.0,0.0,1.0,
F1,23/08/2025,20:05,Lyon,Metz,3.0,0.0,H,2.0,0.0,H,13.0,11.0,8.0,2.0,4.0,3.0,13.0,15.0,0.0,2.0,0.0,0.0,
F1,24/08/2025,14:00,Lorient,Rennes,4.0,0.0,H,1.0,0.0,H,22.0,5.0,7.0,1.0,3.0,2.0,18.0,7.0,6.0,0.0,0.0,2.0,
F1,24/08/2025,16:15,Le Havre,Lens,1.0,2.0,A,1.0,2.0,A,18.0,6.0,6.0,3.0,7.0,0.0,17.0,16.0,3.0,1.0,0.0,0.0,
F1,24/08/2025,16:15,Strasbourg,Nantes,1.0,0.0,H,0.0,0.0,D,15.0,9.0,4.0,2.0,7.0,6.0,11.0,9.0,2.0,2.0,0.0,0.0,
F1,24/08/2025,16:15,Toulouse,Brest,2.0,0.0,H,0.0,0.0,D,6.0,16.0,3.0,2.0,3.0,9.0,14.0,10.0,0.0,1.0,0.0,0.0,
F1,24/08/2025,19:45,Lille,Monaco,1.0,0.0,H,0.0,0.0,D,18.0,6.0,1.0,1.0,8.0,3.0,7.0,14.0,1.0,2.0,0.0,0.0,
F1,29/08/2025,19:45,Lens,Brest,3.0,1.0,H,0.0,1.0,A,30.0,9.0,10.0,2.0,15.0,1.0,7.0,12.0,1.0,3.0,0.0,1.0,
F1,30/08/2025,16:00,Lorient,Lille,1.0,7.0,A,0.0,0.0,D,6.0,20.0,2.0,11.0,3.0,8.0,14.0,18.0,3.0,3.0,0.0,0.0,
F1,30/08/2025,18:00,Nantes,Auxerre,1.0,0.0,H,1.0,0.0,H,4.0,14.0,3.0,4.0,3.0,9.0,13.0,11.0,1.0,3.0,0.0,0.0,
F1,30/08/2025,20:05,Toulouse,Paris SG,3.0,6.0,A,1.0,4.0,A,14.0,13.0,6.0,8.0,5.0,7.0,7.0,11.0,1.0,0.0,0.0,0.0,
F1,31/08/2025,14:00,Angers,Rennes,1.0,1.0,D,0.0,1.0,A,10.0,15.0,7.0,7.0,1.0,7.0,9.0,11.0,2.0,2.0,0.0,0.0,
F1,31/08/2025,16:15,Le Havre,Nice,3.0,1.0,H,1.0,0.0,H,12.0,7.0,8.0,3.0,0.0,5.0,13.0,16.0,1.0,4.0,0.0,0.0,
F1,31/08/2025,16:15,Monaco,Strasbourg,3.0,2.0,H,1.0,0.0,H,12.0,12.0,4.0,4.0,6.0,5.0,13.0,12.0,2.0,1.0,0.0,1.0,
F1,31/08/2025,16:15,Paris FC,Metz,3.0,2.0,H,1.0,1.0,D,24.0,14.0,9.0,2.0,14.0,6.0,4.0,8.0,1.0,1.0,0.0,1.0,
F1,31/08/2025,19:45,Lyon,Marseille,1.0,0.0,H,0.0,0.0,D,17.0,5.0,5.0,2.0,9.0,4.0,16.0,11.0,2.0,2.0,0.0,1.0,
F1,12/09/2025,19:45,Marseille,Lorient,4.0,0.0,H,3.0,0.0,H,15.0,4.0,8.0,1.0,10.0,0.0,18.0,5.0,3.0,2.0,0.0,1.0,
F1,13/09/2025,16:00,Nice,Nantes,1.0,0.0,H,0.0,0.0,D,19.0,14.0,8.0,3.0,7.0,4.0,16.0,13.0,2.0,0.0,0.0,0.0,
F1,13/09/2025,20:05,Auxerre,Monaco,1.0,2.0,A,0.0,1.0,A,9.0,13.0,2.0,3.0,5.0,8.0,12.0,19.0,3.0,6.0,1.0,0.0,
F1,14/09/2025,14:00,Lille,Toulouse,2.0,1.0,H,0.0,0.0,D,20.0,9.0,5.0,4.0,7.0,6.0,12.0,10.0,2.0,3.0,0.0,1.0,
F1,14/09/2025,16:15,Brest,Paris FC,1.0,2.0,A,0.0,2.0,A,23.0,7.0,8.0,4.0,6.0,1.0,11.0,10.0,0.0,2.0,0.0,1.0,
F1,14/09/2025,16:15,Metz,Angers,1.0,1.0,D,1.0,0.0,H,9.0,11.0,5.0,4.0,4.0,3.0,10.0,7.0,0.0,1.0,0.0,0.0,
F1,14/09/2025,16:15,Paris SG,Lens,2.0,0.0,H,1.0,0.0,H,14.0,11.0,6.0,3.0,4.0,3.0,10.0,8.0,1.0,2.0,0.0,0.0,
F1,14/09/2025,16:15,Strasbourg,Le Havre,1.0,0.0,H,0.0,0.0,D,9.0,10.0,7.0,1.0,4.0,3.0,8.0,16.0,2.0,2.0,1.0,0.0,
F1,14/09/2025,19:45,Rennes,Lyon,3.0,1.0,H,0.0,1.0,A,23.0,8.0,5.0,5.0,5.0,4.0,18.0,13.0,2.0,2.0,0.0,1.0,
F1,19/09/2025,19:45,Lyon,Angers,1.0,0.0,H,0.0,0.0,D,16.0,10.0,5.0,2.0,7.0,4.0,16.0,10.0,2.0,2.0,0.0,0.0,
F1,20/09/2025,16:00,Nantes,Rennes,2.0,2.0,D,0.0,2.0,A,16.0,8.0,4.0,4.0,4.0,4.0,14.0,18.0,3.0,1.0,0.0,0.0,
F1,20/09/2025,18:00,Brest,Nice,4.0,1.0,H,2.0,1.0,H,11.0,21.0,5.0,4.0,2.0,7.0,17.0,11.0,1.0,3.0,0.0,0.0,
F1,20/09/2025,20:05,Lens,Lille,3.0,0.0,H,2.0,0.0,H,15.0,17.0,6.0,3.0,4.0,10.0,17.0,11.0,1.0,3.0,0.0,0.0,
F1,21/09/2025,14:00,Paris FC,Strasbourg,2.0,3.0,A,0.0,1.0,A,18.0,8.0,6.0,4.0,4.0,2.0,11.0,10.0,1.0,5.0,0.0,0.0,
F1,21/09/2025,16:15,Auxerre,Toulouse,1.0,0.0,H,1.0,0.0,H,6.0,13.0,1.0,3.0,3.0,4.0,12.0,20.0,1.0,6.0,1.0,0.0,
F1,21/09/2025,16:15,Le Havre,Lorient,1.0,1.0,D,0.0,1.0,A,13.0,8.0,2.0,4.0,6.0,2.0,20.0,15.0,3.0,6.0,0.0,0.0,
F1,21/09/2025,16:15,Monaco,Metz,5.0,2.0,H,1.0,1.0,D,16.0,8.0,6.0,3.0,4.0,5.0,15.0,6.0,1.0,0.0,0.0,0.0,
F1,22/09/2025,22:00,Marseille,Paris SG,1.0,0.0,H,1.0,0.0,H,9.0,12.0,2.0,5.0,5.0,3.0,16.0,7.0,3.0,0.0,0.0,0.0,
F1,26/09/2025,19:45,Strasbourg,Marseille,1.0,2.0,A,0.0,0.0,D,9.0,16.0,1.0,9.0,5.0,4.0,13.0,15.0,2.0,4.0,0.0,0.0,
F1,27/09/2025,16:00,Lorient,Monaco,3.0,1.0,H,1.0,0.0,H,19.0,5.0,8.0,2.0,2.0,4.0,10.0,11.0,2.0,3.0,0.0,1.0,
F1,27/09/2025,18:00,Toulouse,Nantes,2.0,2.0,D,0.0,1.0,A,20.0,12.0,7.0,2.0,1.0,4.0,18.0,12.0,2.0,3.0,0.0,0.0,
F1,27/09/2025,20:05,Paris SG,Auxerre,2.0,0.0,H,1.0,0.0,H,15.0,12.0,8.0,3.0,5.0,5.0,17.0,10.0,1.0,2.0,0.0,0.0,
F1,28/09/2025,14:00,Nice,Paris FC,1.0,1.0,D,1.0,0.0,H,11.0,13.0,5.0,3.0,5.0,5.0,14.0,14.0,1.0,1.0,0.0,0.0,
F1,28/09/2025,16:15,Angers,Brest,0.0,2.0,A,0.0,2.0,A,11.0,7.0,2.0,3.0,11.0,4.0,13.0,13.0,1.0,1.0,0.0,0.0,
F1,28/09/2025,16:15,Lille,Lyon,0.0,1.0,A,0.0,1.0,A,14.0,5.0,3.0,2.0,3.0,4.0,20.0,24.0,4.0,4.0,1.0,0.0,
F1,28/09/2025,16:15,Metz,Le Havre,0.0,0.0,D,0.0,0.0,D,7.0,11.0,0.0,2.0,4.0,6.0,16.0,16.0,2.0,2.0,0.0,0.0,
F1,28/09/2025,19:45,Rennes,Lens,0.0,0.0,D,0.0,0.0,D,14.0,13.0,2.0,2.0,8.0,4.0,16.0,9.0,3.0,2.0,0.0,1.0,
F1,03/10/2025,19:45,Paris FC,Lorient,2.0,0.0,H,2.0,0.0,H,10.0,8.0,2.0,3.0,1.0,5.0,19.0,10.0,0.0,2.0,0.0,0.0,
F1,04/10/2025,16:00,Metz,Marseille,0.0,3.0,A,0.0,0.0,D,4.0,21.0,1.0,9.0,4.0,4.0,8.0,7.0,0.0,0.0,0.0,0.0,
F1,04/10/2025,18:00,Brest,Nantes,0.0,0.0,D,0.0,0.0,D,17.0,6.0,5.0,0.0,12.0,3.0,11.0,12.0,2.0,1.0,0.0,0.0,
F1,04/10/2025,20:05,Auxerre,Lens,1.0,2.0,A,0.0,1.0,A,18.0,7.0,2.0,4.0,2.0,2.0,10.0,21.0,3.0,7.0,0.0,1.0,
F1,05/10/2025,14:00,Lyon,Toulouse,1.0,2.0,A,1.0,0.0,H,13.0,14.0,3.0,4.0,8.0,5.0,13.0,17.0,1.0,3.0,0.0,0.0,
F1,05/10/2025,16:15,Le Havre,Rennes,2.0,2.0,D,1.0,2.0,A,10.0,9.0,2.0,3.0,3.0,4.0,13.0,9.0,1.0,2.0,0.0,0.0,
F1,05/10/2025,16:15,Monaco,Nice,2.0,2.0,D,1.0,2.0,A,20.0,9.0,6.0,2.0,6.0,7.0,10.0,9.0,1.0,3.0,0.0,1.0,
F1,05/10/2025,16:15,Strasbourg,Angers,5.0,0.0,H,1.0,0.0,H,18.0,5.0,12.0,1.0,2.0,5.0,12.0,11.0,2.0,2.0,0.0,0.0,
F1,05/10/2025,19:45,Lille,Paris SG,1.0,1.0,D,0.0,0.0,D,9.0,17.0,3.0,5.0,3.0,5.0,11.0,12.0,1.0,1.0,0.0,0.0,
F1,17/10/2025,19:45,Paris SG,Strasbourg,3.0,3.0,D,1.0,2.0,A,21.0,12.0,9.0,7.0,4.0,1.0,12.0,15.0,2.0,1.0,0.0,0.0,
F1,18/10/2025,16:00,Nice,Lyon,3.0,2.0,H,2.0,1.0,H,5.0,29.0,4.0,7.0,1.0,16.0,10.0,11.0,1.0,2.0,0.0,0.0,
F1,18/10/2025,18:00,Angers,Monaco,1.0,1.0,D,0.0,0.0,D,16.0,11.0,3.0,4.0,10.0,3.0,15.0,14.0,2.0,2.0,0.0,0.0,
F1,18/10/2025,20:05,Marseille,Le Havre,6.0,2.0,H,1.0,1.0,D,18.0,8.0,11.0,3.0,2.0,1.0,17.0,13.0,2.0,1.0,0.0,1.0,
F1,19/10/2025,14:00,Lens,Paris FC,2.0,1.0,H,1.0,1.0,D,11.0,9.0,3.0,3.0,11.0,3.0,11.0,8.0,2.0,2.0,0.0,0.0,
F1,19/10/2025,16:15,Lorient,Brest,3.0,3.0,D,1.0,2.0,A,12.0,8.0,7.0,4.0,5.0,2.0,13.0,16.0,3.0,2.0,0.0,0.0,
F1,19/10/2025,16:15,Rennes,Auxerre,2.0,2.0,D,1.0,1.0,D,19.0,7.0,7.0,4.0,6.0,2.0,11.0,15.0,1.0,3.0,0.0,0.0,
F1,19/10/2025,16:15,Toulouse,Metz,4.0,0.0,H,2.0,0.0,H,16.0,2.0,7.0,2.0,5.0,1.0,14.0,11.0,2.0,1.0,0.0,1.0,
F1,19/10/2025,19:45,Nantes,Lille,0.0,2.0,A,0.0,1.0,A,8.0,23.0,3.0,5.0,5.0,9.0,12.0,15.0,1.0,4.0,0.0,0.0,
F1,24/10/2025,19:45,Paris FC,Nantes,1.0,2.0,A,1.0,2.0,A,14.0,11.0,3.0,3.0,8.0,2.0,10.0,13.0,3.0,2.0,0.0,0.0,
F1,25/10/2025,16:00,Brest,Paris SG,0.0,3.0,A,0.0,2.0,A,8.0,18.0,2.0,8.0,2.0,7.0,10.0,10.0,1.0,1.0,0.0,0.0,
F1,25/10/2025,18:00,Monaco,Toulouse,1.0,0.0,H,1.0,0.0,H,14.0,10.0,5.0,2.0,2.0,5.0,15.0,18.0,3.0,4.0,0.0,0.0,
F1,25/10/2025,20:05,Lens,Marseille,2.0,1.0,H,1.0,1.0,D,8.0,17.0,5.0,3.0,4.0,8.0,12.0,9.0,3.0,2.0,0.0,0.0,
F1,26/10/2025,14:00,Lille,Metz,6.0,1.0,H,2.0,0.0,H,23.0,10.0,12.0,4.0,7.0,8.0,18.0,12.0,3.0,2.0,0.0,0.0,
F1,26/10/2025,16:15,Angers,Lorient,2.0,0.0,H,1.0,0.0,H,7.0,23.0,4.0,4.0,1.0,6.0,14.0,6.0,1.0,0.0,0.0,0.0,
F1,26/10/2025,16:15,Auxerre,Le Havre,0.0,1.0,A,0.0,0.0,D,14.0,9.0,3.0,4.0,13.0,5.0,21.0,12.0,2.0,2.0,0.0,0.0,
F1,26/10/2025,16:15,Rennes,Nice,1.0,2.0,A,0.0,2.0,A,19.0,8.0,7.0,3.0,7.0,3.0,13.0,22.0,5.0,2.0,0.0,0.0,
F1,26/10/2025,19:45,Lyon,Strasbourg,2.0,1.0,H,1.0,1.0,D,8.0,7.0,3.0,2.0,4.0,2.0,15.0,19.0,0.0,4.0,0.0,1.0,
F1,29/10/2025,18:00,Le Havre,Brest,1.0,0.0,H,0.0,0.0,D,13.0,8.0,3.0,2.0,5.0,1.0,12.0,11.0,1.0,3.0,0.0,0.0,
F1,29/10/2025,18:00,Lorient,Paris SG,1.0,1.0,D,0.0,0.0,D,5.0,15.0,2.0,8.0,0.0,8.0,5.0,13.0,0.0,2.0,0.0,0.0,
F1,29/10/2025,18:00,Metz,Lens,2.0,0.0,H,0.0,0.0,D,16.0,10.0,7.0,2.0,2.0,5.0,15.0,15.0,3.0,2.0,1.0,0.0,
F1,29/10/2025,18:00,Nice,Lille,2.0,0.0,H,1.0,0.0,H,8.0,21.0,4.0,4.0,2.0,13.0,11.0,10.0,3.0,3.0,0.0,0.0,
F1,29/10/2025,20:05,Marseille,Angers,2.0,2.0,D,0.0,1.0,A,11.0,12.0,6.0,6.0,1.0,5.0,11.0,7.0,2.0,1.0,0.0,0.0,
F1,29/10/2025,20:05,Nantes,Monaco,3.0,5.0,A,2.0,2.0,D,18.0,19.0,5.0,9.0,1.0,3.0,13.0,17.0,3.0,5.0,0.0,0.0,
F1,29/10/2025,20:05,Paris FC,Lyon,3.0,3.0,D,0.0,1.0,A,11.0,7.0,3.0,4.0,4.0,2.0,18.0,16.0,6.0,2.0,1.0,1.0,
F1,29/10/2025,20:05,Strasbourg,Auxerre,3.0,0.0,H,0.0,0.0,D,18.0,6.0,9.0,1.0,4.0,3.0,11.0,16.0,1.0,1.0,0.0,0.0,
F1,29/10/2025,20:05,Toulouse,Rennes,2.0,2.0,D,0.0,0.0,D,15.0,11.0,4.0,5.0,5.0,8.0,9.0,12.0,2.0,3.0,0.0,0.0,
F1,01/11/2025,16:00,Paris SG,Nice,1.0,0.0,H,0.0,0.0,D,28.0,5.0,8.0,2.0,11.0,1.0,12.0,5.0,3.0,1.0,0.0,0.0,
F1,01/11/2025,18:00,Monaco,Paris FC,0.0,1.0,A,0.0,0.0,D,10.0,9.0,1.0,1.0,3.0,2.0,10.0,12.0,3.0,2.0,0.0,0.0,
F1,01/11/2025,20:05,Auxerre,Marseille,0.0,1.0,A,0.0,1.0,A,9.0,6.0,4.0,2.0,3.0,3.0,12.0,14.0,3.0,4.0,1.0,1.0,
F1,02/11/2025,14:00,Rennes,Strasbourg,4.0,1.0,H,2.0,0.0,H,13.0,20.0,6.0,2.0,6.0,5.0,15.0,9.0,1.0,1.0,0.0,0.0,
F1,02/11/2025,16:15,Lens,Lorient,3.0,0.0,H,1.0,0.0,H,9.0,12.0,6.0,3.0,7.0,6.0,8.0,10.0,2.0,2.0,0.0,0.0,
F1,02/11/2025,16:15,Lille,Angers,1.0,0.0,H,1.0,0.0,H,15.0,6.0,4.0,1.0,9.0,2.0,10.0,10.0,1.0,0.0,0.0,0.0,
F1,02/11/2025,16:15,Nantes,Metz,0.0,2.0,A,0.0,0.0,D,16.0,14.0,4.0,7.0,8.0,5.0,8.0,8.0,1.0,3.0,0.0,0.0,
F1,02/11/2025,16:15,Toulouse,Le Havre,0.0,0.0,D,0.0,0.0,D,18.0,9.0,2.0,3.0,10.0,2.0,12.0,14.0,1.0,2.0,0.0,0.0,
F1,02/11/2025,19:45,Brest,Lyon,0.0,0.0,D,0.0,0.0,D,13.0,4.0,3.0,2.0,12.0,2.0,19.0,6.0,1.0,0.0,0.0,1.0,
F1,07/11/2025,19:45,Paris FC,Rennes,0.0,1.0,A,0.0,0.0,D,19.0,10.0,4.0,3.0,8.0,9.0,9.0,13.0,4.0,2.0,0.0,0.0,
F1,08/11/2025,16:00,Marseille,Brest,3.0,0.0,H,2.0,0.0,H,19.0,4.0,7.0,2.0,6.0,2.0,12.0,10.0,0.0,1.0,0.0,0.0,
F1,08/11/2025,18:00,Le Havre,Nantes,1.0,1.0,D,0.0,1.0,A,17.0,5.0,4.0,2.0,8.0,3.0,15.0,13.0,3.0,3.0,0.0,0.0,
F1,08/11/2025,20:05,Monaco,Lens,1.0,4.0,A,1.0,3.0,A,16.0,20.0,6.0,12.0,5.0,4.0,15.0,19.0,1.0,2.0,1.0,0.0,
F1,09/11/2025,14:00,Lorient,Toulouse,1.0,1.0,D,1.0,0.0,H,10.0,6.0,2.0,2.0,6.0,4.0,6.0,18.0,0.0,4.0,0.0,0.0,
F1,09/11/2025,16:15,Angers,Auxerre,2.0,0.0,H,0.0,0.0,D,9.0,12.0,5.0,5.0,3.0,3.0,19.0,14.0,2.0,2.0,0.0,0.0,
F1,09/11/2025,16:15,Metz,Nice,2.0,1.0,H,0.0,1.0,A,9.0,11.0,2.0,4.0,6.0,3.0,12.0,19.0,2.0,4.0,0.0,0.0,
F1,09/11/2025,16:15,Strasbourg,Lille,2.0,0.0,H,1.0,0.0,H,5.0,7.0,2.0,4.0,1.0,4.0,9.0,20.0,4.0,3.0,0.0,1.0,
F1,09/11/2025,19:45,Lyon,Paris SG,2.0,3.0,A,1.0,2.0,A,9.0,9.0,2.0,4.0,5.0,5.0,10.0,8.0,5.0,2.0,1.0,0.0,
F1,21/11/2025,19:45,Nice,Marseille,1.0,5.0,A,0.0,2.0,A,15.0,13.0,7.0,11.0,8.0,6.0,9.0,10.0,2.0,2.0,0.0,0.0,
F1,22/11/2025,16:00,Lens,Strasbourg,1.0,0.0,H,0.0,0.0,D,13.0,7.0,5.0,1.0,3.0,1.0,13.0,13.0,2.0,3.0,1.0,1.0,
F1,22/11/2025,18:00,Rennes,Monaco,4.0,1.0,H,1.0,0.0,H,17.0,13.0,9.0,3.0,4.0,6.0,3.0,13.0,0.0,1.0,0.0,1.0,
F1,22/11/2025,20:05,Paris SG,Le Havre,3.0,0.0,H,1.0,0.0,H,31.0,12.0,11.0,4.0,6.0,4.0,10.0,8.0,2.0,1.0,0.0,0.0,
F1,23/11/2025,14:00,Auxerre,Lyon,0.0,0.0,D,0.0,0.0,D,12.0,16.0,5.0,7.0,7.0,11.0,10.0,11.0,1.0,3.0,0.0,0.0,
F1,23/11/2025,16:15,Brest,Metz,3.0,2.0,H,1.0,1.0,D,20.0,7.0,7.0,3.0,6.0,2.0,11.0,8.0,2.0,3.0,0.0,0.0,
F1,23/11/2025,16:15,Nantes,Lorient,1.0,1.0,D,0.0,1.0,A,9.0,7.0,1.0,1.0,1.0,1.0,17.0,17.0,1.0,1.0,0.0,0.0,
F1,23/11/2025,16:15,Toulouse,Angers,0.0,1.0,A,0.0,1.0,A,25.0,6.0,6.0,2.0,11.0,1.0,15.0,15.0,1.0,3.0,0.0,0.0,
F1,23/11/2025,19:45,Lille,Paris FC,4.0,2.0,H,1.0,1.0,D,17.0,6.0,10.0,3.0,9.0,4.0,9.0,12.0,1.0,2.0,0.0,0.0,
F1,28/11/2025,19:45,Metz,Rennes,0.0,1.0,A,0.0,1.0,A,16.0,9.0,5.0,2.0,6.0,3.0,9.0,8.0,0.0,0.0,0.0,0.0,
F1,29/11/2025,16:00,Monaco,Paris SG,1.0,0.0,H,0.0,0.0,D,10.0,17.0,5.0,4.0,4.0,4.0,10.0,13.0,3.0,1.0,1.0,0.0,
F1,29/11/2025,18:00,Paris FC,Auxerre,1.0,1.0,D,1.0,1.0,D,11.0,11.0,2.0,3.0,4.0,3.0,11.0,17.0,2.0,1.0,0.0,0.0,
F1,29/11/2025,20:05,Marseille,Toulouse,2.0,2.0,D,0.0,1.0,A,20.0,6.0,5.0,4.0,9.0,1.0,7.0,10.0,2.0,1.0,0.0,0.0,
F1,30/11/2025,14:00,Strasbourg,Brest,1.0,2.0,A,1.0,0.0,H,14.0,7.0,6.0,4.0,5.0,0.0,12.0,14.0,0.0,3.0,0.0,0.0,
F1,30/11/2025,16:15,Angers,Lens,1.0,2.0,A,0.0,1.0,A,7.0,17.0,5.0,6.0,2.0,8.0,7.0,11.0,1.0,1.0,0.0,0.0,
F1,30/11/2025,16:15,Le Havre,Lille,0.0,1.0,A,0.0,0.0,D,14.0,8.0,7.0,2.0,6.0,2.0,15.0,13.0,1.0,3.0,0.0,1.0,
F1,30/11/2025,16:15,Lorient,Nice,3.0,1.0,H,2.0,1.0,H,18.0,9.0,7.0,2.0,3.0,7.0,7.0,11.0,1.0,2.0,0.0,0.0,
F1,30/11/2025,19:45,Lyon,Nantes,3.0,0.0,H,0.0,0.0,D,20.0,6.0,8.0,2.0,7.0,0.0,14.0,9.0,1.0,2.0,0.0,1.0,
F1,05/12/2025,18:00,Brest,Monaco,1.0,0.0,H,1.0,0.0,H,12.0,10.0,4.0,2.0,2.0,3.0,17.0,15.0,2.0,4.0,1.0,0.0,
F1,05/12/2025,20:00,Lille,Marseille,1.0,0.0,H,1.0,0.0,H,5.0,6.0,2.0,2.0,2.0,5.0,9.0,11.0,1.0,1.0,0.0,0.0,
F1,06/12/2025,16:00,Nantes,Lens,1.0,2.0,A,1.0,1.0,D,10.0,20.0,4.0,6.0,1.0,12.0,8.0,13.0,2.0,0.0,0.0,0.0,
F1,06/12/2025,18:00,Toulouse,Strasbourg,1.0,0.0,H,1.0,0.0,H,6.0,3.0,3.0,0.0,1.0,2.0,21.0,13.0,3.0,3.0,0.0,0.0,
F1,06/12/2025,20:05,Paris SG,Rennes,5.0,0.0,H,2.0,0.0,H,20.0,6.0,9.0,2.0,8.0,6.0,9.0,5.0,0.0,3.0,0.0,1.0,
F1,07/12/2025,14:00,Nice,Angers,0.0,1.0,A,0.0,1.0,A,13.0,8.0,3.0,4.0,4.0,1.0,11.0,9.0,1.0,1.0,1.0,0.0,
F1,07/12/2025,16:15,Auxerre,Metz,3.0,1.0,H,2.0,1.0,H,14.0,5.0,7.0,3.0,5.0,3.0,10.0,12.0,2.0,1.0,0.0,0.0,
F1,07/12/2025,16:15,Le Havre,Paris FC,0.0,0.0,D,0.0,0.0,D,13.0,13.0,2.0,2.0,7.0,2.0,10.0,13.0,0.0,2.0,0.0,0.0,
F1,07/12/2025,19:45,Lorient,Lyon,1.0,0.0,H,1.0,0.0,H,14.0,7.0,6.0,4.0,1.0,7.0,12.0,21.0,2.0,2.0,0.0,1.0,
F1,12/12/2025,19:45,Angers,Nantes,4.0,1.0,H,1.0,0.0,H,20.0,7.0,9.0,4.0,6.0,3.0,17.0,13.0,1.0,2.0,0.0,0.0,
F1,13/12/2025,16:00,Rennes,Brest,3.0,1.0,H,2.0,1.0,H,9.0,14.0,5.0,7.0,5.0,7.0,16.0,22.0,2.0,3.0,0.0,0.0,
F1,13/12/2025,18:00,Metz,Paris SG,2.0,3.0,A,1.0,2.0,A,9.0,14.0,5.0,9.0,4.0,4.0,10.0,10.0,2.0,1.0,0.0,0.0,
F1,13/12/2025,20:05,Paris FC,Toulouse,0.0,3.0,A,0.0,2.0,A,9.0,7.0,2.0,4.0,7.0,4.0,12.0,14.0,3.0,1.0,0.0,0.0,
F1,14/12/2025,14:00,Lyon,Le Havre,1.0,0.0,H,0.0,0.0,D,18.0,10.0,4.0,4.0,5.0,4.0,14.0,18.0,2.0,4.0,0.0,0.0,
F1,14/12/2025,16:15,Auxerre,Lille,3.0,4.0,A,0.0,1.0,A,18.0,8.0,8.0,5.0,10.0,3.0,21.0,10.0,5.0,2.0,2.0,2.0,
F1,14/12/2025,16:15,Lens,Nice,2.0,0.0,H,1.0,0.0,H,15.0,8.0,5.0,4.0,2.0,5.0,17.0,13.0,0.0,2.0,0.0,0.0,
F1,14/12/2025,16:15,Strasbourg,Lorient,0.0,0.0,D,0.0,0.0,D,12.0,10.0,2.0,2.0,11.0,3.0,6.0,3.0,1.0,0.0,0.0,0.0,
F1,14/12/2025,19:45,Marseille,Monaco,1.0,0.0,H,0.0,0.0,D,18.0,18.0,8.0,7.0,3.0,7.0,11.0,11.0,2.0,1.0,0.0,0.0,
